{"type":"FeatureCollection","features":[{"type":"Feature","properties":{"mrgid":8481,"name":"Bangladeshi Exclusive Economic Zone","territory":"Bangladesh","sovereign":"Bangladesh","pol_type":"200NM","is_india":false},"geometry":{"type":"Polygon","coordinates":[[[92.23433506,21.09375],[92.22471511,21.11758968],[92.23665519,21.09326328],[92.25625713,21.07995582],[92.26452374,21.06408393],[92.2646168,21.0596603],[92.26160232,21.05334586],[92.25664905,21.04900319],[92.25362548,21.03448513],[92.2714456,20.98449542],[92.2737121,20.93369336],[92.30708773,20.8931418],[92.34563757,20.79711037],[92.36866667,20.70438889],[92.34138889,20.67916667],[92.42944444,20.55494444],[92.40252778,20.37947222],[92.27168009,20.3759241],[92.16406386,20.44419507],[92.00211111,20.21841667],[91.84216667,20.05888889],[90.25488456,17.8633846],[90.01376085,18.04507247],[89.76621499,18.26956207],[89.36206795,18.26276174],[89.23236111,21.12911111],[89.15001341,21.66609712],[89.0944627,21.70136298],[89.02984228,21.78654255],[89.04531681,21.85186253],[89.02018742,21.88948207],[89.02788112,21.92014466],[89.0512023,21.92628624],[89.06973128,21.92418461],[89.08646766,21.98050412],[89.04012976,22.09802463],[89.09850797,22.15557036],[89.09070104,22.15987917],[89.07766551,22.14805433],[89.07002943,22.15024663],[89.06380562,22.1721478],[89.07198522,22.19566675],[89.04162155,22.22594833],[89.03386629,22.25811643],[89.01566029,22.25378063],[89.01908734,22.26915286],[88.99532075,22.28594455],[88.99535874,22.29299439],[89.00018858,22.29662578],[89.02475219,22.29617532],[88.98498886,22.32597806],[88.98407779,22.3760966],[88.9966182,22.3870922],[88.97496025,22.40508788],[88.97241356,22.41119967],[89.00049957,22.4296167],[88.99018078,22.44610615],[88.9970654,22.46995393],[88.98303938,22.48046018],[88.97363957,22.49919951],[88.96106156,22.54935371],[88.9330481,22.55696745],[88.92716845,22.56365383],[88.93929694,22.56790316],[88.93873006,22.59230622],[88.9598298,22.61561653],[88.9341111,22.61917289],[88.92769058,22.6491396],[88.93537748,22.61967027],[88.96188915,22.61585426],[88.94082606,22.59134006],[88.94141877,22.56208801],[88.96272135,22.54958236],[88.97913325,22.49233675],[89.00278985,22.47230101],[88.99181616,22.44654405],[89.00256503,22.429268],[88.97463763,22.40814245],[88.99739575,22.38703465],[88.98512733,22.37593865],[88.98637605,22.32548845],[89.02627635,22.29600954],[88.99646604,22.28614044],[89.02069914,22.27081406],[89.01653111,22.25584877],[89.03526974,22.25938785],[89.07305765,22.19971144],[89.07380796,22.20878565],[89.08201897,22.2190299],[89.08932293,22.22302496],[89.0997951,22.22167957],[89.07489145,22.20861387],[89.09228694,22.19403887],[89.08192801,22.18277335],[89.12506092,22.15508234],[89.1424278,22.13048637],[89.13736773,22.12379396],[89.11835325,22.12515295],[89.12930906,22.10332406],[89.17402601,22.08151543],[89.17775345,22.10080981],[89.19119096,22.12006617],[89.17236614,22.12198222],[89.16597462,22.12932396],[89.16372097,22.14913487],[89.14243436,22.15267432],[89.13829124,22.16439903],[89.15839934,22.20656586],[89.16979134,22.21104491],[89.15628815,22.21831286],[89.15415001,22.22180057],[89.15531754,22.22659886],[89.1599735,22.22988045],[89.17014623,22.22931886],[89.17587793,22.23374176],[89.18129921,22.22851145],[89.18556714,22.23640954],[89.19926894,22.23590946],[89.19128573,22.25572717],[89.19962084,22.27162242],[89.21593368,22.26688576],[89.21984434,22.26016176],[89.21873987,22.25766265],[89.20508885,22.25296748],[89.20568538,22.2500478],[89.22831774,22.25460172],[89.24188888,22.24755526],[89.24648881,22.27105904],[89.260553,22.28330505],[89.22448492,22.29379344],[89.20318186,22.34421575],[89.21921694,22.366328],[89.19489801,22.36415553],[89.18715656,22.37933755],[89.18828166,22.3988955],[89.21031976,22.41036332],[89.19049895,22.40781844],[89.2061187,22.41427076],[89.19541371,22.42643964],[89.19891536,22.44042826],[89.20725656,22.45004427],[89.19528461,22.46363628],[89.19006085,22.47478807],[89.17861426,22.52800441],[89.18640351,22.55259144],[89.18359697,22.55659735],[89.17598414,22.54816866],[89.14701796,22.54722476],[89.14438188,22.55072606],[89.14590836,22.55682015],[89.17487657,22.54930794],[89.19246101,22.56741536],[89.18186116,22.52698183],[89.20874512,22.45303857],[89.19952846,22.42253375],[89.21429265,22.41134071],[89.19075823,22.39670932],[89.19368005,22.37033331],[89.22353256,22.3675673],[89.20733464,22.34393311],[89.22457421,22.29924655],[89.27039647,22.28562164],[89.25021303,22.26743865],[89.24647617,22.22432077],[89.30279553,22.21959913],[89.30919445,22.23147607],[89.28823292,22.25854814],[89.31413341,22.28118384],[89.27938068,22.28679037],[89.24872792,22.33798206],[89.25423515,22.34932315],[89.27374411,22.34632897],[89.26346755,22.3728888],[89.23993278,22.36834455],[89.23465872,22.37477636],[89.23624575,22.38034105],[89.25609255,22.39602566],[89.2398169,22.42382061],[89.24343371,22.44601595],[89.2584151,22.46786141],[89.28476608,22.47528374],[89.26175284,22.48691201],[89.2508893,22.50071752],[89.23413098,22.54929125],[89.24287677,22.56713796],[89.24908495,22.57006335],[89.25749791,22.56937575],[89.23559475,22.55113816],[89.25318575,22.49930418],[89.28587186,22.47586036],[89.28040957,22.47045362],[89.25748098,22.46535671],[89.26190436,22.45257056],[89.26802325,22.45120132],[89.296875,22.46205354],[89.31759298,22.46448505],[89.34399474,22.46501672],[89.35254657,22.45315456],[89.36105347,22.45865643],[89.36940396,22.45705116],[89.36621225,22.43040752],[89.35755181,22.41670847],[89.36286223,22.41445363],[89.36854053,22.38817072],[89.36347771,22.37461162],[89.38257897,22.37362587],[89.38304341,22.35097945],[89.39948213,22.3498584],[89.40202415,22.34585965],[89.39792395,22.33404148],[89.41961455,22.32286465],[89.42403412,22.32873285],[89.41962194,22.34139883],[89.42239261,22.34996712],[89.40688646,22.36534381],[89.39891315,22.39244771],[89.42059565,22.35412741],[89.43820107,22.38490498],[89.40593922,22.51599515],[89.3410784,22.51431978],[89.36954832,22.52390981],[89.36502886,22.52542484],[89.3630985,22.52957165],[89.36087334,22.55158257],[89.3630414,22.56205904],[89.32751715,22.55894923],[89.30792212,22.56473827],[89.28744101,22.60355961],[89.28555763,22.62439728],[89.26859546,22.62693536],[89.27141166,22.63278794],[89.30250227,22.64986181],[89.2609508,22.66774571],[89.25939906,22.71712494],[89.26213014,22.72100937],[89.26691365,22.71693885],[89.26619601,22.69784415],[89.27806425,22.69545198],[89.26475906,22.69739246],[89.26208425,22.71910524],[89.26253545,22.66846633],[89.30434632,22.65018225],[89.29435515,22.62646842],[89.28186357,22.62936962],[89.28849387,22.62513947],[89.296875,22.58733261],[89.32082164,22.58430135],[89.32415032,22.59680188],[89.33436275,22.60262346],[89.33927655,22.6026715],[89.37129283,22.59555507],[89.38723588,22.58478558],[89.38113475,22.60873151],[89.39277625,22.61715841],[89.40053022,22.61953473],[89.39784455,22.67204738],[89.40915835,22.68702197],[89.40093565,22.69855905],[89.3966521,22.72492814],[89.37954795,22.72966123],[89.37785685,22.73143375],[89.38027227,22.74361694],[89.36782098,22.74500847],[89.36076152,22.7576071],[89.38100326,22.74434924],[89.37949336,22.73141575],[89.39930963,22.72447145],[89.41106093,22.68777394],[89.4063518,22.64999032],[89.42857385,22.64565897],[89.42805004,22.66752458],[89.43158007,22.67578125],[89.45673215,22.70788097],[89.46793306,22.70856798],[89.46016824,22.73867214],[89.47112036,22.77033865],[89.48685431,22.77140141],[89.49483836,22.76709413],[89.50364566,22.76856112],[89.52515233,22.74098635],[89.57945788,22.76964724],[89.57978582,22.81027305],[89.56141067,22.82104814],[89.55616045,22.82800066],[89.55013168,22.86828685],[89.52949595,22.86893654],[89.52653372,22.87079787],[89.51902938,22.88745487],[89.51231766,22.92779982],[89.52773654,22.87070525],[89.55079615,22.86980104],[89.55918086,22.84893441],[89.56842256,22.86588955],[89.56524277,22.90590131],[89.57361126,22.94343567],[89.55506921,22.96180534],[89.55845177,22.98414814],[89.58188033,23.01419806],[89.59893072,23.01899564],[89.59509695,23.04031813],[89.62476695,23.04808843],[89.62183297,23.07745588],[89.62555563,23.08091521],[89.67152905,23.05563271],[89.67147863,23.08259213],[89.68138313,23.0971477],[89.67119885,23.11946011],[89.67545056,23.13653707],[89.6847136,23.13848162],[89.71167552,23.12036383],[89.7483803,23.15713668],[89.66822803,23.16771185],[89.69570684,23.20941246],[89.67145288,23.20782185],[89.66594791,23.23086345],[89.67453396,23.23490345],[89.69716442,23.22879457],[89.69936275,23.24123001],[89.68901992,23.25470078],[89.66402233,23.23515975],[89.64616001,23.23775232],[89.63028264,23.25094843],[89.62721693,23.26096475],[89.63464606,23.27368414],[89.66363621,23.27537847],[89.65609646,23.29650867],[89.66793954,23.27152765],[89.63565206,23.27008951],[89.63197446,23.25314891],[89.66200018,23.23724174],[89.67630458,23.25387812],[89.69205654,23.25593746],[89.70330966,23.23555565],[89.69704151,23.22657013],[89.66804683,23.23032236],[89.67393076,23.21024656],[89.69853055,23.20940292],[89.67295647,23.1692059],[89.75123215,23.16136515],[89.74398077,23.14283276],[89.71791995,23.11835897],[89.70137727,23.11694717],[89.67646766,23.13424957],[89.68857002,23.09524274],[89.67346132,23.05311573],[89.64261305,23.05761421],[89.62560356,23.07813346],[89.62719035,23.04645634],[89.59628093,23.03725338],[89.60264635,23.01692104],[89.58131707,23.0104475],[89.55706692,22.96318924],[89.572703,22.95526111],[89.57566357,22.94017684],[89.57058334,22.86738467],[89.55503654,22.83584285],[89.58234692,22.82473338],[89.58747756,22.81154835],[89.60326648,22.81451905],[89.59438705,22.82449186],[89.59504521,22.82873786],[89.59932256,22.82930195],[89.61117828,22.82491684],[89.59571815,22.82785165],[89.60415876,22.81442738],[89.58985651,22.8100183],[89.57219982,22.82014728],[89.58429766,22.80556083],[89.58187735,22.76551533],[89.52548301,22.73400545],[89.53832865,22.69435585],[89.52492475,22.62506711],[89.53010166,22.6137619],[89.53460431,22.62566805],[89.55478656,22.63977301],[89.54766166,22.66425645],[89.55581915,22.63886964],[89.53251505,22.61164463],[89.57518601,22.54975367],[89.59448934,22.47217703],[89.61464334,22.50845301],[89.63699186,22.51826131],[89.63250697,22.53506804],[89.63872004,22.55581355],[89.65865767,22.54896486],[89.66370594,22.56007028],[89.67380786,22.56794083],[89.66144657,22.56798947],[89.65776837,22.58102035],[89.65005863,22.58799374],[89.64977455,22.59199393],[89.67510605,22.56959343],[89.66181946,22.54814351],[89.68507195,22.57135606],[89.68906045,22.57167804],[89.69335628,22.56758475],[89.68430257,22.54879534],[89.71631885,22.56268776],[89.70741606,22.57514048],[89.71759415,22.58756137],[89.70856285,22.57446778],[89.71865416,22.56458247],[89.71406651,22.55700433],[89.77162802,22.53734815],[89.76925695,22.55201471],[89.789626,22.58284473],[89.78835571,22.60785484],[89.8033787,22.62095416],[89.79711437,22.63103735],[89.80029547,22.6422286],[89.80470335,22.64987111],[89.77440321,22.68326676],[89.77748644,22.69233894],[89.76956212,22.69645667],[89.76427126,22.69099736],[89.760517,22.69360638],[89.77776361,22.70896435],[89.76378775,22.71055186],[89.76200414,22.71223712],[89.76257944,22.71424305],[89.77898145,22.7193042],[89.76259732,22.71304226],[89.77866077,22.70933855],[89.76155472,22.69405365],[89.77017558,22.69750023],[89.77819622,22.69362748],[89.80544126,22.65359652],[89.80541623,22.62197006],[89.76928031,22.52555728],[89.78637063,22.51722884],[89.8024168,22.48980701],[89.83917582,22.48989546],[89.85845697,22.47169745],[89.88177466,22.43701291],[89.87113476,22.41533935],[89.88476276,22.39481795],[89.9126718,22.40154123],[89.97946525,22.47488523],[89.96414542,22.49177635],[89.96332121,22.50704455],[89.92761028,22.50620866],[89.92015982,22.50936365],[89.96191406,22.58621573],[89.91559756,22.60392845],[89.92590404,22.64356005],[89.91673815,22.60433245],[89.96336997,22.5887959],[89.95223737,22.54505885],[89.92157125,22.50879252],[89.96244454,22.50900471],[89.96850073,22.50238061],[89.96891355,22.49058461],[89.98775351,22.50131392],[90.01744401,22.50354242],[90.02866077,22.58188295],[90.01422715,22.60862446],[90.03012395,22.65194106],[89.99598336,22.6887176],[90.00142348,22.71740687],[90.0074867,22.72585344],[89.99895143,22.73037696],[89.99761236,22.73424387],[89.99373484,22.75216401],[89.99724925,22.76157773],[89.99380732,22.77025747],[89.96891987,22.7863698],[89.96440864,22.80318153],[89.96615207,22.81561434],[89.95180643,22.81479466],[89.94668281,22.81723201],[89.94330502,22.84448564],[89.93226087,22.84872127],[89.90820014,22.88303685],[89.87785292,22.87647414],[89.84607232,22.90072751],[89.83746374,22.91815865],[89.83580685,22.93054736],[89.81174636,22.93011093],[89.79957163,22.93538511],[89.79504395,22.94318378],[89.79624236,22.94819784],[89.81158614,22.9485836],[89.80774724,22.97209525],[89.78954685,22.96436536],[89.78358221,22.96539867],[89.78206015,22.96800196],[89.79606926,22.99336636],[89.79594696,22.98091233],[89.78419805,22.96703887],[89.80859077,22.97407305],[89.81339431,22.94977915],[89.79975426,22.93836522],[89.83498466,22.93363345],[89.87807572,22.87805665],[89.9014827,22.88615286],[89.90897191,22.88415623],[89.91474676,22.87944341],[89.94499385,22.84520507],[89.95118845,22.81678331],[89.96655166,22.81800592],[89.97013974,22.78694105],[89.99560988,22.77045763],[90.00918055,22.72603464],[89.99962032,22.68736112],[90.03224933,22.65361285],[90.02508342,22.60199738],[90.07305634,22.64794505],[90.06342626,22.67578125],[90.09505582,22.75774145],[90.11787987,22.77618694],[90.15203166,22.78553855],[90.15342104,22.80065346],[90.16708314,22.81424534],[90.15859902,22.84149265],[90.22727323,22.82898664],[90.25006402,22.81008935],[90.27671218,22.85383236],[90.28685701,22.86259985],[90.29491925,22.86392641],[90.30070782,22.85272837],[90.30943978,22.85839558],[90.31216896,22.88183951],[90.32892251,22.88491321],[90.33936787,22.87470901],[90.34807408,22.88060677],[90.35522795,22.91559601],[90.37225211,22.92596197],[90.35289335,22.9461416],[90.32808745,22.94622695],[90.31666601,22.94888854],[90.3170619,22.97107613],[90.33801675,22.98129642],[90.30837095,22.99145544],[90.30710733,22.99956214],[90.31767523,23.01793766],[90.33376348,23.03130364],[90.31308436,23.04588973],[90.29505467,23.03857625],[90.28467274,23.0476197],[90.29239964,23.05649877],[90.32699895,23.06214631],[90.32681251,23.06833208],[90.30804038,23.07498133],[90.30626845,23.08068955],[90.33189476,23.10352147],[90.2940315,23.10996234],[90.27316105,23.12862015],[90.24226916,23.11738074],[90.23734725,23.11908555],[90.23733974,23.12291408],[90.24909174,23.13551867],[90.2373358,23.16399646],[90.23813355,23.17668176],[90.2463634,23.19433355],[90.22681713,23.17722786],[90.21357334,23.17490387],[90.20648146,23.18263113],[90.21509671,23.22628343],[90.17772233,23.24662232],[90.13635647,23.24337935],[90.13187754,23.24508274],[90.11994815,23.27115631],[90.12183607,23.30598605],[90.12851787,23.32240272],[90.11483896,23.34013963],[90.12623465,23.35084415],[90.113168,23.36874604],[90.11205244,23.3832494],[90.08206451,23.37100601],[90.07296646,23.37041402],[90.06802046,23.37525105],[90.0702455,23.38316894],[90.09638333,23.39432788],[90.07207525,23.41729403],[90.07356417,23.42564046],[90.08620465,23.43626332],[90.07053614,23.52354157],[90.08121836,23.50017416],[90.09834123,23.53062272],[89.89220226,23.61858165],[89.82992363,23.68436515],[89.82561254,23.70624578],[89.82967174,23.69666195],[89.84554398,23.72793674],[89.80359805,23.76496196],[89.74973571,23.79406393],[89.55451191,23.79479206],[89.45997775,23.84434462],[89.44579911,23.86136055],[89.36531031,23.88668931],[89.32738817,23.88228393],[89.30760133,23.88563216],[89.34286106,23.88824701],[89.30420387,23.91692507],[89.17125642,23.92679036],[89.04741514,23.97617197],[89.09842968,23.96953476],[89.08522153,23.98151064],[89.15499711,23.95234096],[89.17940724,23.95877826],[89.30420387,23.93903732],[89.36577225,23.89336455],[89.43730843,23.88258863],[89.54274297,23.82055604],[89.61270797,23.81310225],[89.62901712,23.80124676],[89.66635954,23.80916464],[89.72677648,23.80713701],[89.69221735,23.83672714],[89.65576744,23.9253844],[89.65285754,24.05425286],[89.68336141,24.09197545],[89.69742954,24.18624473],[89.70322204,24.20428145],[89.71598935,24.21476841],[89.70215321,24.24155211],[89.70426095,24.27034366],[89.77514195,24.34126592],[89.77374947,24.36870265],[89.79500401,24.37766898],[89.80248797,24.37304735],[89.81039584,24.32643414],[89.79287815,24.24561906],[89.80932605,24.22137463],[89.81078124,24.20392954],[89.79016006,24.2486608],[89.75911343,24.23204184],[89.7801584,24.18939471],[89.78322256,24.14076197],[89.76698863,24.02984607],[89.73952556,23.97045135],[89.77425754,23.93560398],[89.76742721,23.86635876],[89.78694534,23.80894494],[89.86538196,23.74630141],[90.01995265,23.72189593],[90.02875626,23.61671436],[90.08451343,23.57566416],[90.12950516,23.57804573],[90.09763014,23.59430683],[90.07795095,23.61168873],[90.12281847,23.58705354],[90.22954595,23.4805305],[90.25005531,23.47268331],[90.23122454,23.49716854],[90.25499642,23.47089505],[90.36197686,23.46156216],[90.43678081,23.42529225],[90.44192553,23.43184233],[90.47775567,23.43238604],[90.56661332,23.42338586],[90.54408813,23.43667448],[90.53968286,23.47060072],[90.55295646,23.45220375],[90.56408024,23.46445465],[90.55265033,23.43720567],[90.57571876,23.44152534],[90.57734323,23.55694604],[90.55889487,23.56683946],[90.55621147,23.59473443],[90.56599152,23.60373127],[90.58613265,23.60810685],[90.59207666,23.61569023],[90.61735833,23.60743904],[90.63985503,23.69297195],[90.65239775,23.70081365],[90.67801344,23.69642854],[90.71528935,23.74482322],[90.73476136,23.80027544],[90.7218734,23.83896065],[90.75019932,23.83204734],[90.75234127,23.82602274],[90.75279331,23.8118968],[90.73760223,23.76724195],[90.76249886,23.79129457],[90.75356746,23.77878428],[90.77485085,23.78444707],[90.73728812,23.76374495],[90.72324717,23.72147191],[90.74939024,23.70334196],[90.74764144,23.71927273],[90.75224161,23.72103286],[90.75552535,23.70779502],[90.73998141,23.65805387],[90.76488864,23.65352106],[90.77061892,23.64283335],[90.76169837,23.62918532],[90.73496723,23.62885237],[90.73151517,23.62354255],[90.73992407,23.60672462],[90.73775625,23.59641254],[90.69675815,23.57592332],[90.71208882,23.55905282],[90.71220863,23.50915146],[90.70722711,23.5],[90.68775225,23.48787296],[90.69305718,23.48337734],[90.70996737,23.45244181],[90.71125126,23.43283355],[90.71674895,23.43234313],[90.72905397,23.42485821],[90.73361218,23.41467214],[90.74739444,23.41228235],[90.74906337,23.40684557],[90.74688184,23.39892995],[90.75354266,23.39741015],[90.75437415,23.39133275],[90.75068414,23.38026094],[90.74652851,23.37538195],[90.72617793,23.37699962],[90.72911358,23.36932528],[90.72706556,23.36055458],[90.72345841,23.35953271],[90.7131803,23.36994827],[90.703125,23.37109375],[90.71241462,23.35964382],[90.7090739,23.35220432],[90.69925773,23.34766352],[90.69325435,23.34788775],[90.68604827,23.35528123],[90.67039263,23.34400105],[90.68289435,23.32627428],[90.67959607,23.32089984],[90.67208683,23.31922591],[90.66497552,23.3217591],[90.65021586,23.33684051],[90.63864255,23.33408093],[90.66537964,23.27624536],[90.65912545,23.24489295],[90.640082,23.23061955],[90.66227674,23.22123206],[90.67149568,23.20224834],[90.66924894,23.22599935],[90.67393827,23.22788596],[90.68272221,23.22434437],[90.67014802,23.22529674],[90.67190075,23.20037603],[90.63799274,23.22817886],[90.65310156,23.12483394],[90.63590121,23.02664626],[90.65078044,22.97976243],[90.66173768,22.96764982],[90.67601264,22.97928607],[90.68388486,22.97984004],[90.68841743,22.97819686],[90.71509361,22.94361842],[90.73923421,22.89294195],[90.77363145,22.87000346],[90.76166737,22.86594665],[90.78171253,22.83262396],[90.77912295,22.77395523],[90.84234095,22.67182183],[90.85495508,22.66653466],[90.84918106,22.68087792],[90.89128745,22.65781641],[90.99821424,22.57960176],[91.07339096,22.49948216],[91.0797559,22.5],[91.09198821,22.52232134],[91.11370361,22.53969455],[91.12876785,22.53947365],[91.12144601,22.56266832],[91.17414022,22.52148426],[91.26333165,22.56673741],[91.24372256,22.61119795],[91.2615329,22.63304245],[91.28101087,22.63823533],[91.25946355,22.67578125],[91.22894776,22.68169904],[91.24372244,22.68285227],[91.23358274,22.70411158],[91.21209204,22.70451474],[91.18660855,22.72693241],[91.25887632,22.69583035],[91.29883063,22.7407943],[91.27008903,22.74576616],[91.2707113,22.75942755],[91.27396095,22.74669755],[91.38615656,22.75261021],[91.38686645,22.76638472],[91.32982695,22.78779912],[91.33572471,22.83860362],[91.32265592,22.83995545],[91.32125092,22.84327352],[91.33100545,22.87302816],[91.32338345,22.84243774],[91.33734524,22.83860886],[91.33463371,22.79397976],[91.36465335,22.77681458],[91.39161181,22.78122175],[91.42102373,22.74938345],[91.43168366,22.77301013],[91.42249954,22.78468704],[91.42380023,22.79701138],[91.41021216,22.81130254],[91.42664945,22.83914614],[91.43481314,22.8389976],[91.44539285,22.82871366],[91.45016503,22.83043623],[91.46623993,22.87768102],[91.47889245,22.89079034],[91.47367728,22.91526246],[91.47723925,22.92088723],[91.48358095,22.92123246],[91.49796522,22.91293633],[91.47549164,22.91509402],[91.48270571,22.89143586],[91.48482454,22.90168047],[91.47950828,22.84497178],[91.46262693,22.84877217],[91.44814932,22.82688212],[91.44173348,22.8282212],[91.4323585,22.83742177],[91.41817725,22.81021881],[91.44853365,22.78195262],[91.45522332,22.74942315],[91.46682775,22.76047885],[91.45530486,22.74271238],[91.46689355,22.71847582],[91.55998695,22.66169894],[91.69448173,22.50892794],[91.74546671,22.39934385],[91.76464248,22.27330685],[91.79874074,22.22601378],[91.83365285,22.25747371],[91.79831493,22.27938044],[91.79682565,22.30054808],[91.8185693,22.32027638],[91.863554,22.33602321],[91.88138115,22.38964784],[91.91107655,22.41986585],[91.95179534,22.42516053],[92.00351405,22.41641664],[92.01983774,22.42811322],[92.02287352,22.45019531],[92.03478062,22.45907652],[92.08452523,22.44772756],[92.14425313,22.47398984],[92.13537836,22.49514425],[92.14822483,22.50953364],[92.21339655,22.5],[92.21602201,22.48844337],[92.21246135,22.47854114],[92.22973621,22.46950221],[92.24454582,22.47712636],[92.23163152,22.48308766],[92.23490536,22.488168],[92.24599171,22.47897732],[92.24124801,22.47141385],[92.22899544,22.46789825],[92.21161222,22.47729921],[92.21068275,22.5],[92.18810225,22.49151361],[92.14840281,22.50682616],[92.13756704,22.49395764],[92.14733052,22.47474885],[92.10982716,22.453125],[92.07700706,22.44473922],[92.03410614,22.45683897],[92.02560484,22.4314115],[92.0009551,22.41286886],[91.96904755,22.41135454],[91.94705522,22.42235625],[91.91990721,22.41748202],[91.89005017,22.39314043],[91.88562191,22.35086572],[91.87983215,22.33825338],[91.86095846,22.32407558],[91.82905936,22.31916785],[91.79791153,22.29199207],[91.83978462,22.26518345],[91.81182468,22.20915115],[91.84315252,22.11526072],[91.85300612,22.11681354],[91.84250152,22.14392745],[91.85074914,22.15373886],[91.86203694,22.14911366],[91.85880065,22.1347928],[91.90231097,22.12393141],[91.90164554,22.13094401],[91.87837267,22.14293075],[91.86994374,22.15331066],[91.86857486,22.15916276],[91.87278235,22.16124213],[91.88146305,22.16052032],[91.9020735,22.15509546],[91.91743863,22.18667364],[91.93002152,22.16967225],[91.94056094,22.18174982],[91.97766685,22.17614865],[91.98294616,22.17245054],[91.98523712,22.16647887],[91.97083282,22.15946555],[91.97925544,22.15113091],[92.00187445,22.14295804],[92.00638056,22.15585411],[92.00858724,22.15673637],[92.02957225,22.14225805],[92.00834882,22.15512001],[92.00356317,22.14221013],[91.98711324,22.14515424],[91.9733324,22.15351593],[91.96934998,22.15999305],[91.97910666,22.17377615],[91.92853725,22.16830111],[91.91802883,22.18481684],[91.90516376,22.15432668],[91.87549818,22.14967835],[91.89976704,22.13744605],[91.90456974,22.12223804],[91.86271405,22.12717485],[91.84783792,22.14718485],[91.87968195,22.04282224],[91.86939216,22.00280762],[91.91616583,21.85979354],[91.85541892,21.68642116],[91.85758114,21.66623735],[91.88379896,21.64688444],[91.87780666,21.68448794],[91.88111365,21.69027615],[91.91069567,21.70856512],[91.90525424,21.72728205],[91.90646064,21.73534167],[91.90970862,21.73779905],[91.91542256,21.71026194],[91.88023543,21.68536818],[91.894647,21.64595807],[91.87270558,21.58227384],[91.89922655,21.5766108],[91.87249172,21.56031215],[91.89714885,21.54064322],[91.86099601,21.54423487],[91.85169327,21.52899516],[91.86673844,21.52143455],[91.87157905,21.50347948],[91.8552916,21.51665115],[91.90661132,21.47452402],[91.89246273,21.52034163],[91.91201484,21.50174642],[91.97597551,21.51017785],[91.98835278,21.63065612],[91.96098101,21.66721404],[91.93621588,21.748492],[91.9490236,21.75964832],[91.94512105,21.77464867],[91.95241332,21.78782916],[91.95739365,21.7904706],[91.9739325,21.78995264],[91.95298994,21.78643954],[91.94962394,21.75719726],[91.93857086,21.74910545],[91.96088147,21.67613864],[91.98378336,21.69459093],[91.96183574,21.67106807],[91.97956383,21.6557312],[92.02020073,21.66021216],[91.99562216,21.64606583],[92.00905502,21.6012516],[92.00932038,21.62778986],[92.03426814,21.65871656],[92.04024076,21.65377414],[92.01045477,21.62701118],[92.01555264,21.59287202],[91.99344313,21.57731986],[92.01309991,21.50013256],[91.99995863,21.51520681],[91.97393775,21.47384393],[91.97012973,21.45093906],[91.9773947,21.45305145],[91.98136103,21.45056283],[91.97455895,21.44674563],[91.97039378,21.45018697],[91.96794236,21.45438063],[91.96840584,21.4748857],[91.95061052,21.45353615],[92.01732385,21.36777425],[92.04726088,21.29941738],[92.04967856,21.17877746],[92.18371451,21.02080941],[92.22868037,20.90803516],[92.31326783,20.76037264],[92.33652842,20.74119568],[92.32033885,20.8411448],[92.27238202,20.91504216],[92.26203954,20.94999015],[92.25125456,21.03473771],[92.25537825,21.05035985],[92.26404536,21.06270635],[92.23433506,21.09375]],[[92.26298285,20.98984611],[92.26643825,20.98586237],[92.26398444,20.99163365],[92.26298285,20.98984611]],[[92.27864528,20.90999484],[92.27865434,20.92230415],[92.27239537,20.9255079],[92.27864528,20.90999484]],[[91.91150534,21.47157705],[91.90806818,21.47265291],[91.90835476,21.47077012],[91.91150534,21.47157705]],[[91.99574387,21.59793663],[91.99622107,21.60802376],[91.99201286,21.59694254],[91.99574387,21.59793663]],[[91.98611104,21.64805555],[91.98416662,21.65611112],[91.9794445,21.65361094],[91.98611104,21.64805555]],[[91.85049641,21.52590954],[91.84820485,21.52429593],[91.85049641,21.52402675],[91.85049641,21.52590954]],[[91.84562695,21.52967525],[91.84390855,21.52913725],[91.84390855,21.52806151],[91.84562695,21.52967525]],[[91.86367202,21.56033826],[91.85994852,21.57244205],[91.85794353,21.56517994],[91.86367202,21.56033826]],[[89.20641434,21.66277432],[89.25828505,21.65711546],[89.29507363,21.68763936],[89.24592805,21.68895805],[89.22380996,21.69894898],[89.20641434,21.66277432]],[[89.24748111,21.69185674],[89.26419687,21.70134485],[89.25454676,21.70490634],[89.25729156,21.73548973],[89.25618041,21.70581055],[89.28058016,21.70442975],[89.28804934,21.74185038],[89.27333975,21.75648391],[89.21979165,21.74598145],[89.22424352,21.70390058],[89.24748111,21.69185674]],[[89.10691857,21.72162771],[89.14760005,21.73364794],[89.14582872,21.75181508],[89.08364046,21.79527044],[89.08416641,21.85696495],[89.06063676,21.88652992],[89.05889416,21.91922426],[89.03457034,21.91916728],[89.03275895,21.89637685],[89.06030285,21.85366166],[89.04397964,21.78727996],[89.10198283,21.73456275],[89.09168804,21.74627841],[89.09322977,21.75023115],[89.09854722,21.75511444],[89.10691857,21.72162771]],[[89.08204186,21.89953232],[89.11527956,21.8172971],[89.11361623,21.84163821],[89.1186974,21.84652758],[89.12964404,21.84918451],[89.11853051,21.87566316],[89.12693405,21.88855457],[89.13094854,21.8482455],[89.11562204,21.84195042],[89.11865747,21.81822026],[89.11375678,21.81604123],[89.10282981,21.82154346],[89.0993067,21.81302702],[89.14787304,21.79461324],[89.16728771,21.80192685],[89.17845202,21.83856511],[89.16197395,21.84956861],[89.16204262,21.86162782],[89.15064204,21.85947835],[89.14894927,21.86507094],[89.15398073,21.87189436],[89.14918876,21.87416291],[89.14287662,21.87252605],[89.14139426,21.87410533],[89.14404953,21.88032067],[89.14826036,21.88247144],[89.14216375,21.87396204],[89.14489353,21.87581003],[89.15498185,21.87273765],[89.15068364,21.86132133],[89.16234457,21.86247134],[89.18284667,21.83345866],[89.20129061,21.91286242],[89.13855886,21.92339802],[89.13196278,21.9612987],[89.16231215,21.99316156],[89.14580715,22.03912413],[89.1725049,22.06212652],[89.14842558,22.07647681],[89.11936045,22.03991687],[89.11617935,22.02910995],[89.12729776,22.02724361],[89.13286376,22.00795245],[89.13063955,21.99808085],[89.12049675,21.97958422],[89.10727382,21.97606885],[89.11080587,21.96790695],[89.10795605,21.95974255],[89.11534965,21.95629036],[89.11582518,21.95002794],[89.09809065,21.93836725],[89.09456027,21.93954754],[89.09162307,21.94766593],[89.08988106,21.94653285],[89.08204186,21.89953232]],[[89.09632146,21.94016027],[89.11499965,21.95147693],[89.10630476,21.95967364],[89.10533595,21.97612572],[89.12993634,21.9986732],[89.11483622,22.02929795],[89.12728333,22.07303226],[89.10380661,22.04606354],[89.09429824,22.04840624],[89.09632146,21.94016027]],[[89.09257936,22.04935825],[89.12364495,22.07399023],[89.14721203,22.07791185],[89.11484945,22.1222136],[89.12181366,22.13009834],[89.13980663,22.12881565],[89.08236122,22.17895973],[89.07620013,22.19427192],[89.07116938,22.15331435],[89.09394765,22.16263795],[89.10097325,22.15612257],[89.10059345,22.14776885],[89.04712677,22.0967741],[89.05447102,22.06534314],[89.08633101,22.05617654],[89.09607565,22.09502316],[89.09385026,22.09682763],[89.07966375,22.09801376],[89.07624066,22.10010111],[89.07593262,22.10386491],[89.08071434,22.11370206],[89.08359945,22.11308134],[89.07766867,22.10019088],[89.09250891,22.09787095],[89.09754074,22.09506333],[89.09091234,22.06123185],[89.08645678,22.05445266],[89.06730711,22.05446506],[89.08925951,22.01901793],[89.09257936,22.04935825]],[[89.15024781,22.08505464],[89.17610288,22.05886805],[89.15304065,22.03726757],[89.18706191,22.02434886],[89.20718491,22.00309265],[89.24504852,22.05743313],[89.19138515,22.13374364],[89.18923116,22.15262842],[89.20520175,22.14679897],[89.21010435,22.16543627],[89.21889913,22.17065597],[89.19569516,22.18182325],[89.19359481,22.1879307],[89.19952035,22.21504545],[89.19021082,22.21936011],[89.19131124,22.22864866],[89.18133295,22.22718644],[89.17589235,22.23236871],[89.16971862,22.22798073],[89.15647948,22.22639596],[89.17081082,22.21002543],[89.14068174,22.16334116],[89.14359152,22.15337348],[89.16146183,22.15231371],[89.16903543,22.14582503],[89.17379105,22.12324274],[89.18963802,22.12297726],[89.19355416,22.1182034],[89.17665124,22.08096707],[89.15024781,22.08505464]],[[89.20877683,22.14624214],[89.20287025,22.14453816],[89.19084907,22.14940858],[89.20287395,22.12804341],[89.22299385,22.13351345],[89.20961845,22.13992751],[89.21169317,22.1484375],[89.22508287,22.15733647],[89.24121273,22.16126525],[89.22220957,22.20066667],[89.24169147,22.21794224],[89.23912561,22.24588168],[89.20379531,22.24990726],[89.2054342,22.254426],[89.21810043,22.25992835],[89.19951773,22.26985216],[89.20076001,22.23596942],[89.18338394,22.23067296],[89.19123232,22.22936726],[89.20091462,22.21507335],[89.19597912,22.18376625],[89.22099125,22.17204893],[89.20877683,22.14624214]],[[89.31186533,22.2387346],[89.32760024,22.19986212],[89.32780945,22.21381962],[89.35375702,22.24629855],[89.33798385,22.25205445],[89.33835292,22.25668371],[89.34842825,22.2617377],[89.32762825,22.27335381],[89.32705808,22.27782917],[89.33272398,22.28557467],[89.31003416,22.29827082],[89.31269753,22.30268586],[89.35129261,22.31292617],[89.32728755,22.33691692],[89.33037472,22.36168301],[89.33207607,22.36841047],[89.33500195,22.37115121],[89.32827544,22.33726406],[89.35293865,22.31333935],[89.3115797,22.30010486],[89.33387065,22.28761733],[89.32872593,22.27480936],[89.37305892,22.26852286],[89.37703907,22.25860143],[89.38354135,22.27011931],[89.41212773,22.25909126],[89.42667234,22.27929223],[89.41268265,22.29175794],[89.40610218,22.28808355],[89.38466084,22.29507196],[89.37581897,22.3042984],[89.37364531,22.31578934],[89.38359988,22.29722345],[89.40656614,22.28921807],[89.41055524,22.29317844],[89.4187206,22.29054832],[89.40570497,22.30567873],[89.41614974,22.32083571],[89.39580298,22.33356476],[89.39866722,22.34759533],[89.38174772,22.35009062],[89.38235593,22.37189114],[89.36326873,22.37091517],[89.35603178,22.41672266],[89.36843073,22.45607066],[89.35395348,22.45142126],[89.34367347,22.46397662],[89.30407381,22.46230304],[89.26900673,22.45023417],[89.24976826,22.45026171],[89.24086797,22.42754591],[89.25764644,22.39616001],[89.23781085,22.3720299],[89.26553404,22.37619436],[89.27637207,22.34807467],[89.26953983,22.34043026],[89.25419331,22.34371305],[89.25338864,22.33739245],[89.2841742,22.28769505],[89.32322895,22.28374386],[89.29514682,22.25391662],[89.31186533,22.2387346]],[[89.43159843,22.28399014],[89.4162482,22.23580217],[89.47803044,22.26973033],[89.42323816,22.34644246],[89.42498541,22.32689023],[89.40901566,22.30351484],[89.43159843,22.28399014]],[[89.47403705,22.30625033],[89.48090804,22.31431425],[89.45854914,22.33242011],[89.45582986,22.33921981],[89.46133602,22.34360456],[89.4852885,22.33840823],[89.48450935,22.35906863],[89.48853493,22.36865294],[89.48854744,22.33772802],[89.45705736,22.33808851],[89.48090875,22.31760991],[89.49179006,22.2659378],[89.4965831,22.28724468],[89.49455786,22.26669407],[89.47539401,22.23005796],[89.51603174,22.10339797],[89.5411725,22.0964514],[89.54920578,22.11177838],[89.54363644,22.09502494],[89.52625954,22.09486616],[89.53295624,22.05745482],[89.50923371,22.01603556],[89.53126895,21.99306524],[89.58308971,22.12536883],[89.53930747,22.20233154],[89.57098353,22.25160515],[89.55645001,22.25533962],[89.55316925,22.25964606],[89.54905581,22.29069793],[89.55208695,22.30118251],[89.53433573,22.31460631],[89.52652907,22.32962644],[89.51458025,22.32484972],[89.51063323,22.32745445],[89.51024807,22.33190954],[89.51478887,22.33726454],[89.53385735,22.33977771],[89.52647603,22.35323656],[89.53452218,22.34445214],[89.5349735,22.33907545],[89.51452005,22.33590305],[89.51189256,22.32806182],[89.52799845,22.33027506],[89.55198085,22.30373311],[89.55568325,22.25831234],[89.57196927,22.25336683],[89.57747781,22.2397058],[89.58102906,22.27810895],[89.62454033,22.34486473],[89.58594203,22.44177365],[89.56500483,22.55283284],[89.52720404,22.59928095],[89.51665437,22.58215117],[89.49932063,22.56982005],[89.49556065,22.55595911],[89.48179722,22.54031861],[89.48922837,22.53385556],[89.49372733,22.52599072],[89.49285746,22.5],[89.48978496,22.49734175],[89.48186564,22.50143087],[89.48433912,22.4786216],[89.46113384,22.47040558],[89.46749663,22.46388936],[89.46822095,22.45926666],[89.45499504,22.43600225],[89.46344376,22.42906928],[89.46074235,22.42525315],[89.45222187,22.42349255],[89.46460426,22.40322435],[89.44761825,22.40999067],[89.43320465,22.35670614],[89.47403705,22.30625033]],[[89.46110082,22.40489733],[89.45042467,22.42433965],[89.46213508,22.42982686],[89.45373654,22.43651915],[89.45990884,22.47110808],[89.48342335,22.47951341],[89.48079085,22.50212967],[89.49138212,22.5],[89.48004067,22.54035056],[89.491135,22.57703841],[89.47193766,22.56648922],[89.45752454,22.56644344],[89.45884788,22.55872357],[89.4433279,22.52134442],[89.43354344,22.51174831],[89.42265821,22.50879526],[89.43534887,22.41947317],[89.46110082,22.40489733]],[[89.45577574,22.56680644],[89.49039352,22.57915485],[89.49848676,22.57136416],[89.5255897,22.60202396],[89.51844537,22.62656367],[89.48125446,22.64847565],[89.47490394,22.64242613],[89.45856404,22.64444053],[89.46119916,22.62467444],[89.44029045,22.60287285],[89.40352631,22.57711804],[89.42682016,22.55145752],[89.41722155,22.51783812],[89.44086301,22.52300692],[89.45577574,22.56680644]],[[89.38972223,22.58000004],[89.33611095,22.60166657],[89.32416666,22.5844444],[89.30638885,22.57666671],[89.32611096,22.56027782],[89.36277783,22.56444442],[89.36472225,22.56166661],[89.36500001,22.52722216],[89.38888884,22.51805556],[89.42027783,22.54777765],[89.38972223,22.58000004]],[[89.39909625,22.57807875],[89.42007184,22.62097895],[89.40960312,22.63719451],[89.40134525,22.61872363],[89.38515055,22.60815728],[89.39909625,22.57807875]],[[89.41267192,22.58470428],[89.46005964,22.62580192],[89.45830774,22.64619541],[89.48150372,22.65003955],[89.52025962,22.63008034],[89.53046393,22.69594526],[89.50354183,22.76681697],[89.47228074,22.76766717],[89.46920013,22.70685446],[89.43308485,22.67354941],[89.43046665,22.64377296],[89.41396701,22.64075375],[89.42218542,22.62096202],[89.41267192,22.58470428]],[[89.63481843,22.35219121],[89.64092982,22.36636901],[89.65790236,22.36916888],[89.66551304,22.36679375],[89.70045173,22.31116021],[89.70549667,22.34010601],[89.71203291,22.35033834],[89.71308565,22.34944642],[89.70250666,22.27635944],[89.72999942,22.2822895],[89.73689747,22.28025973],[89.73757756,22.27479112],[89.69487453,22.20793104],[89.69175494,22.19604433],[89.7072221,22.20293593],[89.714028,22.19311428],[89.6958065,22.16992533],[89.71188974,22.13000321],[89.72299063,22.133062],[89.73996246,22.13472807],[89.74095404,22.17414987],[89.74477363,22.18519831],[89.73056161,22.19395018],[89.72895396,22.19992578],[89.73718727,22.21108544],[89.75017035,22.1982882],[89.75594246,22.23301935],[89.75078416,22.19705772],[89.73642695,22.20891917],[89.73043835,22.19874108],[89.74659336,22.18535185],[89.74286175,22.13845134],[89.75824535,22.13269484],[89.80096781,22.07216525],[89.83594143,22.12149572],[89.81021202,22.14019203],[89.81191373,22.14685965],[89.83392906,22.16596913],[89.8018496,22.2151643],[89.79578304,22.25244415],[89.79941761,22.27999795],[89.78573561,22.285447],[89.76085114,22.31351173],[89.76023436,22.31861842],[89.7649281,22.34033978],[89.76234865,22.31312096],[89.80110717,22.28031516],[89.80425823,22.21958685],[89.83633947,22.16488445],[89.81411254,22.14465392],[89.83890355,22.12567532],[89.84032226,22.11103368],[89.80663741,22.07448268],[89.84524524,22.06358564],[89.88441765,22.12513936],[89.87645435,22.18789625],[89.83502746,22.2373383],[89.88840878,22.36246622],[89.86604714,22.41604984],[89.87604618,22.43816447],[89.85613823,22.46756828],[89.83632815,22.48677444],[89.79789317,22.48730242],[89.77936733,22.51618302],[89.71021175,22.55659854],[89.68117511,22.53574204],[89.67957926,22.55396855],[89.68966174,22.57000351],[89.66583598,22.54611862],[89.64075518,22.55411351],[89.63960516,22.51768863],[89.59324634,22.46579242],[89.63481843,22.35219121]],[[89.91339874,22.37569261],[89.86934507,22.26387715],[89.91117275,22.13873303],[89.90057242,22.07043934],[89.93745208,21.95437646],[89.96046436,21.9433881],[89.98813474,21.96056914],[89.97236013,22.03117442],[90.02206063,22.07967687],[90.01558995,22.12734616],[90.06094396,22.16225946],[90.02322626,22.17431045],[90.01724374,22.19764745],[90.06838048,22.21908331],[90.1035583,22.30720246],[90.07675505,22.35363924],[90.08912063,22.34539485],[90.14020276,22.40917957],[90.17147064,22.43175185],[90.17732072,22.469087],[90.19209361,22.49651206],[90.20957124,22.50980592],[90.20605922,22.51647365],[90.18627381,22.51172495],[90.17973864,22.51830626],[90.18960214,22.55956244],[90.20269394,22.57714117],[90.18277955,22.59139812],[90.17520857,22.62824762],[90.21138895,22.64143252],[90.2413609,22.63316774],[90.26141751,22.64332795],[90.27983093,22.63928032],[90.29362416,22.66716123],[90.32930076,22.66343761],[90.34275925,22.6477952],[90.37517667,22.69941831],[90.38752401,22.70658565],[90.38454378,22.73308837],[90.38992524,22.74083233],[90.40420115,22.73942685],[90.41194391,22.72283995],[90.43253446,22.73586655],[90.40214264,22.75182271],[90.41488075,22.74842763],[90.39146471,22.78529573],[90.35561001,22.79805136],[90.34766471,22.80510414],[90.33963132,22.82575393],[90.31006837,22.81894755],[90.28936374,22.82794201],[90.29081857,22.81159186],[90.2665956,22.80360258],[90.16157365,22.83789063],[90.17197084,22.81725371],[90.15302575,22.78012431],[90.10045874,22.75798488],[90.09152114,22.70612955],[90.06689012,22.67469192],[90.0755074,22.64411271],[90.03220832,22.59841836],[90.02766335,22.50626755],[90.05232513,22.49798715],[90.06103253,22.49031591],[90.02759194,22.50395703],[90.01345468,22.49087882],[89.99005675,22.49302936],[89.97642624,22.43757164],[89.91339874,22.37569261]],[[89.96516335,22.44461787],[89.95315695,22.43884206],[89.94311273,22.42842412],[89.95735645,22.43280327],[89.96516335,22.44461787]],[[90.01290071,22.49867475],[90.00561285,22.50046635],[90.011343,22.49672103],[90.01290071,22.49867475]],[[90.27416611,22.80728567],[90.28991282,22.83167565],[90.30966675,22.82189691],[90.3366245,22.8299911],[90.34917271,22.82159257],[90.34682012,22.86731672],[90.32788634,22.88273525],[90.30432415,22.8515625],[90.29718161,22.85249007],[90.2930907,22.86226451],[90.28735054,22.85998785],[90.25307095,22.80887032],[90.27416611,22.80728567]],[[90.36716807,22.84169221],[90.37238836,22.83082855],[90.3515625,22.80357134],[90.39104855,22.78878105],[90.4213562,22.74918056],[90.43774545,22.76695096],[90.42670405,22.79014885],[90.38636923,22.809605],[90.38488865,22.81341302],[90.38836408,22.81675124],[90.40509975,22.8149755],[90.38125193,22.84693086],[90.38118684,22.85086501],[90.39792442,22.89267016],[90.40714705,22.89840806],[90.41919994,22.89790177],[90.41605377,22.91307676],[90.43759263,22.93517315],[90.43158293,22.94923174],[90.43262875,22.95243561],[90.45836353,22.98014224],[90.42437577,22.98954523],[90.35521805,23.0246371],[90.34147215,22.98259795],[90.35027432,22.96435094],[90.38613331,22.96151412],[90.40023684,22.94453657],[90.39264154,22.90239477],[90.35768151,22.91214204],[90.34982336,22.85032666],[90.36716807,22.84169221]],[[90.38750005,22.90611112],[90.3969444,22.94277775],[90.38583326,22.95749986],[90.31777775,22.96972215],[90.31833327,22.94944441],[90.34722221,22.94916666],[90.35916662,22.94527781],[90.38750005,22.90611112]],[[90.3515625,23.02566957],[90.36640024,23.02734375],[90.40566516,23.00505185],[90.45705688,23.01970124],[90.44086754,23.05350792],[90.44113195,23.06872332],[90.462713,23.01931715],[90.50013268,23.04281938],[90.50354195,23.05968368],[90.52432108,23.09816468],[90.58759105,23.17476857],[90.56069148,23.18851864],[90.54336023,23.20827365],[90.54161274,23.21358812],[90.54613435,23.24195671],[90.54169023,23.25819206],[90.54456925,23.26944566],[90.53000212,23.29009795],[90.53361213,23.29280996],[90.42915726,23.31755722],[90.39471281,23.34228075],[90.38652575,23.35194206],[90.38318014,23.3589282],[90.41042662,23.33342946],[90.40446043,23.36121345],[90.29935098,23.42127502],[90.24142551,23.42791283],[90.20625246,23.41319334],[90.18685925,23.41247547],[90.13876045,23.42409086],[90.08899093,23.45774996],[90.08943176,23.43737555],[90.07324171,23.4181354],[90.09414065,23.40475786],[90.09795546,23.39804113],[90.09689784,23.39082432],[90.06947672,23.37561345],[90.10798585,23.38790262],[90.11388206,23.38356125],[90.11964715,23.36119056],[90.12783015,23.35560441],[90.12809241,23.34812903],[90.11685288,23.33912492],[90.13046658,23.32506514],[90.12511265,23.26353037],[90.13590455,23.26042581],[90.133726,23.27879727],[90.14239442,23.28843164],[90.14842606,23.28275871],[90.14965296,23.26398766],[90.16311145,23.26418185],[90.17411137,23.25446415],[90.18777585,23.26079464],[90.20045555,23.25806975],[90.20515013,23.25203454],[90.20374262,23.23647344],[90.22215176,23.22067428],[90.21077073,23.17958295],[90.24754846,23.19579494],[90.23889494,23.1672492],[90.25101852,23.13097394],[90.27624953,23.13024354],[90.29885757,23.10998225],[90.33334565,23.10683715],[90.33113396,23.09607661],[90.31626272,23.08410335],[90.33011031,23.06766987],[90.32946336,23.06154704],[90.28702545,23.04839528],[90.31121671,23.04865825],[90.33573163,23.03412187],[90.31078756,22.99284911],[90.33780622,22.98886311],[90.3515625,23.02566957]],[[90.31546664,23.07657182],[90.30935383,23.07964921],[90.31013107,23.07634616],[90.31546664,23.07657182]],[[90.19111538,23.25941396],[90.17495787,23.25286341],[90.14941216,23.26276433],[90.14164937,23.28714764],[90.13501704,23.27813292],[90.13779795,23.26044416],[90.13215268,23.24787796],[90.17564201,23.24851775],[90.20025373,23.23861647],[90.19111538,23.25941396]],[[90.10303283,23.45311761],[90.10789895,23.46497285],[90.09816682,23.47919941],[90.09368503,23.4734112],[90.10303283,23.45311761]],[[90.09459722,23.46894801],[90.09132826,23.46804142],[90.09414113,23.46518207],[90.09459722,23.46894801]],[[90.14287365,23.46818078],[90.13435805,23.47892034],[90.19092596,23.43875158],[90.24323606,23.44670165],[90.19670451,23.45632553],[90.22422814,23.462044],[90.15093315,23.53275776],[90.11641455,23.53596556],[90.11565423,23.47501504],[90.14287365,23.46818078]],[[90.26390815,23.46413326],[90.26496077,23.4636265],[90.26411867,23.46427822],[90.26390815,23.46413326]],[[90.22675002,23.45922232],[90.22765052,23.45969427],[90.22649264,23.46016645],[90.22675002,23.45922232]],[[90.22855103,23.45697987],[90.22996604,23.45686185],[90.2282294,23.45745206],[90.22855103,23.45697987]],[[90.36169982,23.45650792],[90.36324334,23.45473754],[90.36375797,23.45615375],[90.36169982,23.45650792]],[[90.30612814,23.45273125],[90.30304086,23.44954491],[90.30638552,23.45119715],[90.30612814,23.45273125]],[[90.18815637,23.43845117],[90.18706298,23.43904126],[90.18693435,23.43862832],[90.18815637,23.43845117]],[[90.18481171,23.43756604],[90.18346095,23.43963134],[90.18468297,23.4371531],[90.18481171,23.43756604]],[[90.18770623,23.43756604],[90.18854237,23.43650401],[90.18867111,23.43721211],[90.18770623,23.43756604]],[[90.18354118,23.42773306],[90.15275276,23.44656217],[90.16833687,23.44774783],[90.10761833,23.46978486],[90.11362374,23.44426095],[90.18354118,23.42773306]],[[90.31615484,23.42968583],[90.37876224,23.38671684],[90.39629996,23.394683],[90.37087095,23.42469692],[90.31615484,23.42968583]],[[90.44301867,23.43107522],[90.45240796,23.42700362],[90.46295464,23.43024898],[90.44301867,23.43107522]],[[90.46932113,23.43054414],[90.44565535,23.42157483],[90.47478735,23.42995405],[90.46932113,23.43054414]],[[90.46662021,23.41974545],[90.47652376,23.42358112],[90.48842084,23.42493832],[90.49009287,23.42653155],[90.47838867,23.43007195],[90.46662021,23.41974545]],[[90.59296453,23.48138583],[90.61464787,23.35728312],[90.65593493,23.33631027],[90.67023397,23.32079542],[90.68180776,23.32583737],[90.66742897,23.33899271],[90.67226362,23.35011601],[90.68717766,23.35679054],[90.70929742,23.35467195],[90.69855654,23.36666465],[90.69977856,23.37088108],[90.70542955,23.37314105],[90.71511793,23.3707844],[90.72504973,23.36097205],[90.72444546,23.37561393],[90.72718024,23.38073635],[90.74595475,23.37662756],[90.75330782,23.39353025],[90.74524295,23.39767635],[90.74665213,23.41090035],[90.73335946,23.41297591],[90.71013665,23.43158185],[90.69180155,23.48313332],[90.66819632,23.49038196],[90.64594471,23.50300586],[90.59296453,23.48138583]],[[90.60921752,23.49122906],[90.60779774,23.4933151],[90.60625148,23.49162698],[90.60921752,23.49122906]],[[90.60711932,23.49924302],[90.62473261,23.49607766],[90.62750435,23.50209761],[90.61258245,23.49839854],[90.60711932,23.49924302]],[[90.60786486,23.50611174],[90.63977921,23.50942421],[90.64839566,23.52310872],[90.65559995,23.52756691],[90.67874086,23.52589345],[90.69101715,23.51047862],[90.69953024,23.51471961],[90.67481732,23.57828295],[90.68071091,23.58973491],[90.67065585,23.58884466],[90.66295016,23.59673202],[90.65645647,23.61062062],[90.65482843,23.61936235],[90.58472717,23.58268905],[90.5940994,23.49675477],[90.60786486,23.50611174]],[[90.57555544,23.57083333],[90.59000003,23.60416663],[90.58500004,23.60694444],[90.55999994,23.59277773],[90.57555544,23.57083333]],[[90.59083331,23.61055553],[90.59887815,23.60590005],[90.60000002,23.61166656],[90.59083331,23.61055553]],[[90.63035345,23.6148864],[90.62566686,23.61789012],[90.62847877,23.61174917],[90.63035345,23.6148864]],[[90.64100647,23.61805928],[90.65587831,23.62117815],[90.65206504,23.63741267],[90.65229285,23.66001666],[90.63045275,23.64597166],[90.64100647,23.61805928]],[[90.67010164,23.66779864],[90.65824616,23.64020705],[90.6687386,23.59385097],[90.68089116,23.59162664],[90.68902445,23.56620634],[90.703125,23.58426344],[90.73643816,23.59907496],[90.72842073,23.62514234],[90.75503671,23.64551544],[90.74148881,23.65151167],[90.73556232,23.66365373],[90.67737174,23.65437877],[90.67259967,23.65858912],[90.67010164,23.66779864]],[[90.66277766,23.66944444],[90.67416656,23.69111097],[90.65222216,23.69805551],[90.64888895,23.67944443],[90.6647222,23.68055546],[90.66277766,23.66944444]],[[90.68251312,23.68448615],[90.72390485,23.66470838],[90.74408674,23.68482268],[90.71766436,23.72465837],[90.68251312,23.68448615]],[[90.70055544,23.71916664],[90.71083331,23.73416662],[90.71027768,23.73527765],[90.70055544,23.71916664]],[[90.74855101,23.70018494],[90.73243654,23.70556915],[90.74681854,23.68955004],[90.74855101,23.70018494]],[[90.73388874,23.66611111],[90.73055553,23.66722214],[90.72749984,23.6647222],[90.73388874,23.66611111]],[[90.68886006,23.66804016],[90.67180765,23.66931486],[90.67883623,23.65549016],[90.68886006,23.66804016]],[[90.75329602,23.63117445],[90.76670933,23.63856184],[90.76667655,23.64823925],[90.75710487,23.64889813],[90.75329602,23.63117445]],[[90.69749391,23.56863844],[90.69070566,23.55642843],[90.70171165,23.55833554],[90.69749391,23.56863844]],[[90.70461643,23.55665922],[90.69005907,23.55371094],[90.70159197,23.52968276],[90.70932603,23.56155968],[90.70461643,23.55665922]],[[90.65976012,23.61290038],[90.65982127,23.60536826],[90.66743183,23.59697354],[90.65976012,23.61290038]],[[90.69384491,23.50403905],[90.71040976,23.50996256],[90.70415938,23.52735114],[90.70246255,23.51407361],[90.69384491,23.50403905]],[[90.69231176,23.50822282],[90.6579442,23.52642524],[90.64507222,23.50896394],[90.68209827,23.48981655],[90.69231176,23.50822282]],[[90.64464104,23.50376785],[90.63708305,23.50499284],[90.63232577,23.49920201],[90.64464104,23.50376785]],[[90.63081622,23.49932611],[90.62866294,23.49983525],[90.62867558,23.49842215],[90.63081622,23.49932611]],[[90.61185575,23.49978685],[90.61116314,23.50336242],[90.60780776,23.50072265],[90.61185575,23.49978685]],[[90.66879785,23.52499843],[90.6725291,23.52329421],[90.66954541,23.52563655],[90.66879785,23.52499843]],[[90.67753673,23.52346623],[90.68021655,23.51567626],[90.68796635,23.51204824],[90.67753673,23.52346623]],[[90.61539388,23.35514867],[90.62789524,23.32546568],[90.63491464,23.31980026],[90.63351846,23.33987224],[90.61539388,23.35514867]],[[90.47149575,23.32544625],[90.53287041,23.3372488],[90.50619101,23.34948766],[90.53319025,23.35195267],[90.5329833,23.36863256],[90.54178321,23.36081815],[90.54500353,23.37234545],[90.56913471,23.37204957],[90.56028175,23.38296115],[90.58946872,23.36375773],[90.5873239,23.38989997],[90.43576884,23.40538502],[90.45161414,23.34337234],[90.47149575,23.32544625]],[[90.42662394,23.34889758],[90.42460787,23.36611736],[90.40918136,23.38003814],[90.43004215,23.34012675],[90.42662394,23.34889758]],[[90.40541244,23.38269353],[90.39997804,23.38623405],[90.40620124,23.3748883],[90.40541244,23.38269353]],[[90.40348423,23.38559031],[90.40602601,23.38559031],[90.40164351,23.38872838],[90.40348423,23.38559031]],[[90.43030524,23.34350646],[90.43337285,23.34519625],[90.42697453,23.35444975],[90.43030524,23.34350646]],[[90.55797637,23.37159586],[90.53656816,23.34829497],[90.54751956,23.34705114],[90.55970037,23.33652484],[90.5979315,23.32949054],[90.58903313,23.36134303],[90.55797637,23.37159586]],[[90.55015385,23.34395278],[90.53737962,23.34056365],[90.55611002,23.33682644],[90.55015385,23.34395278]],[[90.53753412,23.33761811],[90.53327823,23.35027516],[90.52647591,23.34794796],[90.53753412,23.33761811]],[[90.47157204,23.41089416],[90.48854947,23.4206897],[90.46153975,23.41667712],[90.47157204,23.41089416]],[[90.49755275,23.42104375],[90.49787426,23.41561484],[90.50289035,23.4206897],[90.49755275,23.42104375]],[[90.53610551,23.41954696],[90.54205096,23.41336715],[90.54573405,23.41655374],[90.53610551,23.41954696]],[[90.21577513,23.42905807],[90.21243095,23.42914534],[90.21170902,23.42823875],[90.21577513,23.42905807]],[[90.19475913,23.42748761],[90.19499505,23.41860294],[90.21941137,23.42407393],[90.19475913,23.42748761]],[[90.15802038,23.42543185],[90.15634847,23.42557132],[90.15703261,23.42480421],[90.15802038,23.42543185]],[[90.14530671,23.46720445],[90.14652324,23.46622825],[90.14667535,23.46664655],[90.14530671,23.46720445]],[[90.44446611,23.31977963],[90.44841516,23.31566513],[90.45031393,23.31733882],[90.44446611,23.31977963]],[[90.56548142,23.31830966],[90.56856358,23.31787777],[90.56853092,23.31823003],[90.56548142,23.31830966]],[[90.56809854,23.30991983],[90.57517743,23.30670106],[90.56950033,23.31185102],[90.56809854,23.30991983]],[[90.60716736,23.31092835],[90.63153744,23.25346124],[90.64235973,23.25413954],[90.62774932,23.29840553],[90.60716736,23.31092835]],[[90.66241014,23.27831304],[90.66387177,23.27788424],[90.66332972,23.27886093],[90.66241014,23.27831304]],[[90.56207883,23.28258896],[90.5327059,23.29059374],[90.54613435,23.26953077],[90.54791415,23.23541951],[90.54312766,23.21023643],[90.58963335,23.17936063],[90.61292517,23.23085725],[90.56207883,23.28258896]],[[90.63916671,23.18638885],[90.63444436,23.17083335],[90.63722205,23.16861105],[90.63916671,23.18638885]],[[90.56130016,23.29002845],[90.56627631,23.28906286],[90.56242144,23.29157352],[90.56130016,23.29002845]],[[90.58148515,23.28056574],[90.58155525,23.28243256],[90.58071435,23.28178883],[90.58148515,23.28056574]],[[90.63527775,23.15583324],[90.63944435,23.16444445],[90.63444436,23.16777766],[90.63527775,23.15583324]],[[90.63472223,23.15222216],[90.63666666,23.13250005],[90.64333332,23.11722207],[90.64499986,23.14138877],[90.63472223,23.15222216]],[[90.60887933,23.13308716],[90.55595732,23.07374585],[90.56247866,23.04696667],[90.56945205,23.05819452],[90.58142817,23.06119323],[90.58271682,23.06677222],[90.57688046,23.07374585],[90.57597065,23.08455515],[90.58536947,23.09515536],[90.58995402,23.04801703],[90.59378421,23.06105375],[90.60560775,23.06265771],[90.6140207,23.06056547],[90.60887933,23.13308716]],[[90.61728537,23.10512781],[90.62251687,23.09947896],[90.61887765,23.10770798],[90.61728537,23.10512781]],[[90.61955965,23.09131968],[90.61774015,23.07095635],[90.62221301,23.09271455],[90.61955965,23.09131968]],[[90.61409926,23.05833387],[90.60310996,23.06042612],[90.61409926,23.05101144],[90.61409926,23.05833387]],[[90.59575856,23.05993795],[90.59735012,23.04354966],[90.60947633,23.03308904],[90.6130383,23.04626942],[90.59575856,23.05993795]],[[90.60849178,23.02904415],[90.60318756,23.02248895],[90.60629427,23.02172184],[90.60849178,23.02904415]],[[90.60182357,23.02681255],[90.59447324,23.03594816],[90.59977758,23.0205363],[90.60182357,23.02681255]],[[90.58204794,23.00554275],[90.58841252,23.03657591],[90.57431078,23.05896163],[90.56817126,23.03490221],[90.58204794,23.00554275]],[[90.60152054,23.01195848],[90.60553658,23.01495731],[90.60371804,23.01600325],[90.60152054,23.01195848]],[[90.59256411,22.94068301],[90.52047682,23.02865684],[90.51253414,23.02054834],[90.50462747,23.01765954],[90.43502903,23.00677073],[90.42261565,22.99457681],[90.50284922,22.96898794],[90.54099953,22.91348505],[90.53694284,22.90125954],[90.56489301,22.90265298],[90.59256411,22.94068301]],[[90.59629297,22.99206483],[90.60129106,22.99303496],[90.59917903,22.99615645],[90.59629297,22.99206483]],[[90.66611111,22.96694446],[90.69722223,22.93250001],[90.72500002,22.87666655],[90.71805561,22.90027773],[90.72888875,22.88055551],[90.73305547,22.89194441],[90.69805551,22.94527781],[90.71591485,22.93205035],[90.71194434,22.94361115],[90.6875,22.97805548],[90.66611111,22.96694446]],[[90.71645236,22.92953157],[90.71781755,22.92845964],[90.71673965,22.93026865],[90.71645236,22.92953157]],[[90.72472215,22.90944445],[90.7272222,22.90999985],[90.72026813,22.92262423],[90.72472215,22.90944445]],[[90.73422074,22.87929654],[90.744174,22.83932078],[90.77235842,22.83463764],[90.77644455,22.82734752],[90.74600506,22.88214505],[90.73422074,22.87929654]],[[90.77504837,22.82169342],[90.7495476,22.83044863],[90.76731968,22.80804634],[90.77504837,22.82169342]],[[90.67386675,22.81252563],[90.65794551,22.80649054],[90.67140532,22.80620086],[90.67480946,22.80422151],[90.66087842,22.79181361],[90.68198454,22.79659331],[90.67386675,22.81252563]],[[90.67710805,22.79336917],[90.68157673,22.79362667],[90.68083191,22.79508591],[90.67710805,22.79336917]],[[90.68884254,22.79104114],[90.66360402,22.78775811],[90.67884135,22.78684068],[90.66758347,22.77790904],[90.68622434,22.76332855],[90.68884254,22.79104114]],[[90.71424901,22.76083934],[90.67785776,22.73011196],[90.69972587,22.71895397],[90.72029126,22.73637772],[90.73759985,22.72015572],[90.71424901,22.76083934]],[[90.71973503,22.72547722],[90.69973135,22.71397591],[90.72085154,22.67234802],[90.73015535,22.70401955],[90.71973503,22.72547722]],[[90.74671662,22.71526325],[90.74206448,22.69062996],[90.74978685,22.68470764],[90.74671662,22.71526325]],[[90.75936973,22.68359184],[90.73211372,22.67861354],[90.75732327,22.63973224],[90.74588263,22.67389286],[90.76681077,22.65054703],[90.7658807,22.6859951],[90.77964675,22.65852916],[90.78401852,22.67466545],[90.75388193,22.71577835],[90.75936973,22.68359184]],[[90.84916616,22.66478777],[90.85369265,22.66451967],[90.84945345,22.66539085],[90.84916616,22.66478777]],[[90.74235213,22.65509605],[90.73723614,22.64719963],[90.75732756,22.63217914],[90.74235213,22.65509605]],[[90.7279793,22.62153852],[90.64798367,22.79310596],[90.56619787,22.7976377],[90.53849113,22.77624786],[90.50090516,22.79975605],[90.5409075,22.79331887],[90.58115125,22.81026781],[90.64790654,22.80668032],[90.67426121,22.81480813],[90.67978501,22.81252563],[90.64193654,22.86812103],[90.52525365,22.88723803],[90.48794246,22.84503555],[90.49734223,22.83855236],[90.49768496,22.82754695],[90.50870562,22.82113743],[90.50781417,22.81492341],[90.49472773,22.80466044],[90.50692356,22.81963742],[90.49097145,22.81181335],[90.4776473,22.83822215],[90.49476266,22.86878765],[90.46380305,22.89031637],[90.44100106,22.88689435],[90.45509136,22.86332393],[90.45418084,22.81115687],[90.47365952,22.81094646],[90.45657766,22.80878031],[90.45711136,22.79040718],[90.45732295,22.80582201],[90.48486924,22.77667844],[90.51854765,22.7097851],[90.53002167,22.75667882],[90.54004145,22.74975133],[90.55738652,22.76779926],[90.54218674,22.70734143],[90.56073093,22.70617664],[90.56029952,22.72409594],[90.56644845,22.70287645],[90.57326174,22.7169702],[90.5825659,22.72552454],[90.58878875,22.72154522],[90.58227468,22.71038187],[90.5906316,22.71574044],[90.59547508,22.71548915],[90.59724808,22.70149064],[90.59631503,22.68981075],[90.60104215,22.69164562],[90.60548556,22.68987155],[90.61651134,22.64096534],[90.62100744,22.56764555],[90.66835964,22.53663945],[90.68402755,22.33312786],[90.67742503,22.27663946],[90.62529016,22.18736136],[90.62627363,22.17350435],[90.61948025,22.14238286],[90.61974382,22.11511886],[90.63886416,22.13245857],[90.59755325,22.04523706],[90.61811376,22.01063585],[90.6435194,22.05296397],[90.62035882,22.01237202],[90.63196897,21.99320865],[90.69556987,22.00551414],[90.81219482,22.12235606],[90.84160256,22.26439488],[90.84064615,22.36759722],[90.86711526,22.43456137],[90.77103043,22.54559255],[90.75411224,22.60788572],[90.74164915,22.61613846],[90.71597874,22.61641192],[90.70389545,22.62372005],[90.7279793,22.62153852]],[[90.83833325,22.56694436],[90.92750001,22.49055553],[90.94138885,22.49222207],[90.94277775,22.51194441],[90.94749987,22.49138892],[90.98694444,22.50611115],[90.92055547,22.57305551],[90.8544445,22.58944428],[90.83833325,22.56694436]],[[90.98497391,22.54200804],[90.98789895,22.53984118],[90.98543406,22.54249644],[90.98497391,22.54200804]],[[91.05611098,22.5],[91.06972206,22.48277783],[91.0511111,22.5155555],[91.05611098,22.5]],[[91.09166658,22.5177778],[91.08555555,22.45833325],[91.1491667,22.51194441],[91.15361094,22.53444445],[91.11722207,22.53861105],[91.09166658,22.5177778]],[[91.19194436,22.50861096],[91.20166671,22.51888883],[91.17750001,22.51361096],[91.19194436,22.50861096]],[[91.26916671,22.50333333],[91.28111112,22.49805546],[91.30194437,22.52444434],[91.31388891,22.56166661],[91.28638875,22.55222225],[91.26916671,22.50333333]],[[91.43637252,22.47483265],[91.49416661,22.3905555],[91.53138876,22.38694441],[91.57194436,22.41222215],[91.56527781,22.46472216],[91.53055561,22.52638876],[91.44916666,22.61638892],[91.43194437,22.60805547],[91.42173243,22.52609253],[91.43637252,22.47483265]],[[91.27777767,22.58805561],[91.26833332,22.57777774],[91.26944435,22.57416666],[91.27777767,22.58805561]],[[91.26499987,22.57583332],[91.28499985,22.62416661],[91.26527774,22.62972224],[91.24749994,22.60305548],[91.26499987,22.57583332]],[[91.30777764,22.66194427],[91.38916671,22.60638893],[91.39972222,22.66555548],[91.37611115,22.68055546],[91.36138892,22.66111112],[91.37305546,22.68611097],[91.36027765,22.70555556],[91.32972205,22.72361112],[91.30416656,22.71916664],[91.30777764,22.66194427]],[[91.12999988,22.39361095],[91.06805551,22.42583334],[91.06833327,22.24722207],[91.01416671,22.11333334],[91.05805552,22.07722223],[91.13611114,22.13027775],[91.1938889,22.23972225],[91.19166672,22.28527772],[91.12999988,22.39361095]],[[91.15111113,22.13666666],[91.15333331,22.13555551],[91.15333331,22.13666666],[91.15111113,22.13666666]],[[91.00000775,22.09098911],[90.97379613,22.04799604],[90.99066281,22.02128148],[91.03046024,22.07077515],[91.00000775,22.09098911]],[[91.05777764,22.05777764],[91.05250001,22.0241667],[91.08527768,22.06222224],[91.05777764,22.05777764]],[[90.71991134,22.01472366],[90.75147581,22.03833962],[90.75209022,22.04947722],[90.71991134,22.01472366]],[[90.84650195,22.01706994],[90.84071732,22.00184727],[90.84062576,21.99184906],[90.84650195,22.01706994]],[[90.95311916,22.01445174],[90.95221877,22.01357985],[90.95395005,22.01332164],[90.95311916,22.01445174]],[[90.86000001,22.00222206],[90.86277783,22.00222206],[90.86027765,22.00388884],[90.86000001,22.00222206]],[[90.82799912,21.9895972],[90.81459475,21.98873067],[90.80949295,21.97966814],[90.82799912,21.9895972]],[[90.85517061,21.9908123],[90.84926295,21.98274291],[90.85781956,21.98403132],[90.85517061,21.9908123]],[[90.61653054,21.98490536],[90.59470475,22.02886188],[90.57771313,22.01997304],[90.56785893,21.99083447],[90.58548677,21.98822892],[90.58519578,22.00587034],[90.59947622,21.97964275],[90.61653054,21.98490536]],[[90.58640683,21.98407495],[90.56616855,21.96405697],[90.51991296,21.94549882],[90.51661694,21.89036787],[90.57630205,21.88630795],[90.60418987,21.97057486],[90.58640683,21.98407495]],[[90.70192361,21.97410882],[90.65388346,21.97116828],[90.64138401,21.95523524],[90.63681412,21.94381237],[90.62620008,21.93123686],[90.61256444,21.88962245],[90.63391674,21.89268327],[90.63550985,21.89932883],[90.66470635,21.92506325],[90.67378688,21.92335093],[90.70192361,21.97410882]],[[90.83088124,21.96416151],[90.84967136,21.95324254],[90.84445035,21.97209001],[90.83088124,21.96416151]],[[90.8538475,21.95590866],[90.85690856,21.9543997],[90.85417902,21.95867693],[90.8538475,21.95590866]],[[90.83462632,21.9560039],[90.83729947,21.95003784],[90.8409456,21.95004642],[90.83462632,21.9560039]],[[90.85354805,21.94770825],[90.85512424,21.9468106],[90.85395622,21.94823456],[90.85354805,21.94770825]],[[90.73713672,21.92483056],[90.71072102,21.87883675],[90.71933222,21.88269162],[90.72377443,21.85773015],[90.76168692,21.91029573],[90.73713672,21.92483056]],[[91.87905133,21.92208922],[91.83923793,21.87663257],[91.85126793,21.82606566],[91.83408225,21.75532556],[91.84324777,21.73757315],[91.89623702,21.86937034],[91.87905133,21.92208922]],[[89.60761905,21.72007644],[89.58539164,21.76063228],[89.60404873,21.80123997],[89.54068005,21.85088837],[89.53042066,21.82234263],[89.55607903,21.80075514],[89.53931117,21.78024602],[89.55273795,21.7735064],[89.55380356,21.75025403],[89.53406131,21.77358258],[89.54249275,21.74542987],[89.57158005,21.71352828],[89.60761905,21.72007644]],[[89.33871937,21.71873152],[89.3290354,21.70093834],[89.33610392,21.69519377],[89.34932864,21.70386052],[89.33871937,21.71873152]],[[89.40778017,21.72444046],[89.47421992,21.79225445],[89.45341241,21.84522796],[89.42432892,21.84717262],[89.41860127,21.85620976],[89.42225444,21.86406672],[89.45036435,21.87313032],[89.42471445,21.88704121],[89.41764402,21.89471924],[89.45132196,21.87486053],[89.45136094,21.8718574],[89.4460839,21.8674165],[89.42187321,21.86225057],[89.42190683,21.85110235],[89.44501436,21.85047567],[89.47168446,21.90192461],[89.44715655,21.90696645],[89.45704484,21.93432426],[89.42742252,21.95069885],[89.41709805,21.96865976],[89.42198813,21.98626637],[89.40045226,21.98033285],[89.40264416,21.97084248],[89.40014732,21.96267176],[89.37324285,21.95431364],[89.39354157,21.94462883],[89.39833784,21.94062793],[89.39889193,21.93796074],[89.38879454,21.93166232],[89.39287114,21.92561996],[89.38951743,21.92228985],[89.38410234,21.92080235],[89.38018703,21.92492712],[89.38400686,21.88663983],[89.34763885,21.80801916],[89.36236835,21.74486625],[89.40778017,21.72444046]],[[89.28789854,21.75366688],[89.28364718,21.79159665],[89.26338994,21.79374075],[89.28351486,21.79324782],[89.26587486,21.83250141],[89.24993575,21.81626117],[89.19693112,21.82665718],[89.18320632,21.81544745],[89.21864748,21.74995291],[89.26174867,21.76109087],[89.28789854,21.75366688]],[[89.23965156,21.81954241],[89.27392626,21.84910357],[89.2685976,21.88160086],[89.24754155,21.88709152],[89.26955545,21.88426816],[89.28526855,21.90554225],[89.20912111,21.93690205],[89.20375764,21.96221995],[89.24173856,21.98490953],[89.16496503,22.02091205],[89.17038465,21.99568522],[89.14123344,21.93794072],[89.17602932,21.92528164],[89.16835856,21.94121265],[89.21089876,21.91750336],[89.1930685,21.82933927],[89.23965156,21.81954241]],[[89.20955014,21.95236075],[89.23049545,21.95021796],[89.26087511,21.96369994],[89.23179936,21.94729245],[89.26004994,21.91633487],[89.27811706,21.92019165],[89.26823723,21.92784607],[89.26198101,21.94310975],[89.26941025,21.93932235],[89.29402447,21.91017854],[89.27688014,21.87459135],[89.29347932,21.84149218],[89.29538095,21.85612202],[89.30633688,21.87010765],[89.29107285,21.876127],[89.29000807,21.88038075],[89.31935954,21.91715884],[89.296875,21.92885041],[89.28909421,21.93877745],[89.28837764,21.95043016],[89.2953155,21.95503688],[89.29181886,21.96346605],[89.30139983,21.97308004],[89.28609395,21.98650718],[89.28855836,21.98948026],[89.30563354,21.99874628],[89.27673995,22.05860782],[89.29416871,22.08525908],[89.26067626,22.08090103],[89.23118281,22.10009491],[89.25223982,22.05478323],[89.2183969,22.00775194],[89.25043535,21.98287344],[89.20955014,21.95236075]],[[89.2224611,22.10233247],[89.26300395,22.11138856],[89.27082658,22.14874434],[89.31276786,22.18826902],[89.30159795,22.21423006],[89.24572527,22.21581388],[89.22807896,22.20253015],[89.24559915,22.16131926],[89.21291804,22.14463675],[89.2266885,22.13368726],[89.20695734,22.12535656],[89.2224611,22.10233247]],[[89.33660936,22.17898023],[89.33935165,22.1484375],[89.33020854,22.13045084],[89.34940636,22.13672638],[89.34981823,22.11798787],[89.37884867,22.09984291],[89.38177013,22.12005401],[89.40523314,22.12932467],[89.37729871,22.13650537],[89.3761456,22.13919997],[89.40549958,22.13372803],[89.40688765,22.15390015],[89.42734384,22.16374636],[89.41519105,22.18150842],[89.41252387,22.19265401],[89.39045513,22.1987735],[89.40225983,22.208938],[89.39183485,22.22178733],[89.4180392,22.22589552],[89.41136611,22.25832045],[89.38434768,22.26925683],[89.37787533,22.25706065],[89.35928857,22.26901031],[89.34057534,22.25510514],[89.35549104,22.24978697],[89.35709405,22.24372053],[89.32364356,22.19342816],[89.33660936,22.17898023]],[[89.40973091,22.21848571],[89.39421511,22.22024035],[89.40525973,22.20915127],[89.39406145,22.20120084],[89.41250586,22.1968168],[89.46129584,22.14719713],[89.46548796,22.15699041],[89.47163248,22.16235113],[89.45937133,22.24492693],[89.40973091,22.21848571]],[[89.46565378,22.15326405],[89.47724295,22.14907706],[89.47050774,22.15823972],[89.46565378,22.15326405]],[[89.43543744,22.16287875],[89.40954375,22.15248323],[89.40700734,22.12569726],[89.38329244,22.11704814],[89.39165676,22.08331633],[89.35316098,22.03138936],[89.36211085,21.96055412],[89.38386035,21.92211914],[89.38796914,21.93368888],[89.39811552,21.93919396],[89.37207794,21.95359635],[89.37993634,21.96509254],[89.40078545,21.96502101],[89.38925338,21.98786485],[89.3936975,21.99470162],[89.39793325,21.98138392],[89.43255508,21.98881912],[89.4254564,22.04709935],[89.44820917,22.07333434],[89.4380511,22.08475995],[89.43646562,22.09201574],[89.44948721,22.07477832],[89.48462057,22.08922207],[89.45806575,22.11984003],[89.46190214,22.14300144],[89.43543744,22.16287875]],[[89.46966624,22.12804115],[89.48662531,22.09358907],[89.5072515,22.08775008],[89.48479962,22.14002323],[89.46966624,22.12804115]],[[89.48856366,22.0895946],[89.45080686,22.07066631],[89.44319117,22.06263864],[89.47161615,22.04737091],[89.51205933,22.07611334],[89.48856366,22.0895946]],[[89.48054075,22.05175996],[89.49596977,22.02944851],[89.51581585,22.07508028],[89.48054075,22.05175996]],[[89.46919286,22.04572737],[89.44158816,22.06068111],[89.43175876,22.05170596],[89.43916321,21.99113202],[89.42206192,21.96950114],[89.46033645,21.93959248],[89.45235252,21.91001511],[89.50470734,21.90883696],[89.51231277,21.92886984],[89.49913573,21.92805636],[89.47070956,21.93763173],[89.50280654,21.92941523],[89.51223183,21.95084345],[89.46486378,21.99479568],[89.50446236,21.96685994],[89.46919286,22.04572737]],[[89.54800785,21.96183574],[89.56744897,21.94167936],[89.58205116,21.94861424],[89.56194341,21.97489095],[89.60143316,21.99972153],[89.59808087,22.02843392],[89.60483944,22.00236034],[89.58935475,21.98637176],[89.56361425,21.97292697],[89.58812416,21.95012975],[89.64320445,21.96193385],[89.64448977,21.98252642],[89.62470531,21.97925186],[89.61962795,21.99322391],[89.62448907,22.00449324],[89.64106357,21.99255395],[89.65973663,22.01654577],[89.65182531,22.03729475],[89.65596223,22.05141652],[89.66607642,22.05638027],[89.64586055,22.07059526],[89.6484375,22.09821415],[89.63465476,22.09702671],[89.6287117,22.10010862],[89.62752807,22.09496164],[89.59969127,22.0857079],[89.59409785,22.08606255],[89.54800785,21.96183574]],[[89.59927094,22.08692873],[89.62888324,22.10150433],[89.6484375,22.09960926],[89.65141475,22.08197331],[89.64712405,22.07101226],[89.66580725,22.06183231],[89.66735435,22.05366015],[89.65375817,22.03736007],[89.66134787,22.02022874],[89.65532982,22.00237274],[89.6415838,21.99075735],[89.62316668,21.99983311],[89.62630391,21.98159981],[89.63956606,21.98546147],[89.64792681,21.98193622],[89.64595616,21.96161413],[89.62852085,21.9449172],[89.66452086,21.90461206],[89.68566525,21.95140827],[89.67627287,21.98697758],[89.69869685,22.0308547],[89.67199326,22.05156791],[89.68088067,22.0665971],[89.67196691,22.07545662],[89.66623032,22.08747101],[89.68235445,22.09580135],[89.66758561,22.09545243],[89.66326332,22.10004055],[89.67528117,22.13993955],[89.65742588,22.13619292],[89.63683975,22.16263807],[89.61346865,22.16627645],[89.61288786,22.14718175],[89.59927094,22.08692873]],[[89.60422373,22.12757742],[89.60482395,22.17832553],[89.61736345,22.19811201],[89.6024847,22.20959353],[89.60057056,22.22850084],[89.60400248,22.22988045],[89.61976707,22.21623135],[89.60556591,22.24584425],[89.62127042,22.21541047],[89.61659658,22.21384263],[89.60245943,22.22866094],[89.61888206,22.19875634],[89.60646176,22.17760193],[89.63716614,22.164011],[89.6484375,22.1484375],[89.66017616,22.1484375],[89.65767348,22.13814366],[89.67614651,22.14209926],[89.66536415,22.09901786],[89.67953002,22.09870362],[89.68375897,22.09470344],[89.66833401,22.08612156],[89.68493617,22.06718826],[89.70422685,22.07092965],[89.70813906,22.12938571],[89.68943965,22.17623556],[89.69257581,22.21202874],[89.67954254,22.21088135],[89.73426831,22.27774906],[89.70001352,22.27434933],[89.70529401,22.30603611],[89.67783117,22.33320081],[89.6604979,22.3671329],[89.64040565,22.36370826],[89.63039136,22.32628643],[89.59288657,22.27549851],[89.58663487,22.22228253],[89.55302048,22.20784044],[89.60422373,22.12757742]],[[89.5784198,22.22797036],[89.57655168,22.22870743],[89.5759052,22.22689843],[89.5784198,22.22797036]],[[89.69621432,22.19070017],[89.70860755,22.18647921],[89.7098,22.19859815],[89.70667267,22.19936872],[89.69621432,22.19070017]],[[89.70558906,22.06601524],[89.67768908,22.05158603],[89.70465696,22.03367245],[89.69780016,22.00905073],[89.70638072,22.00676954],[89.70914447,21.99264145],[89.7072165,21.98661447],[89.72358346,21.98092341],[89.73245025,21.96952391],[89.74547565,21.97534776],[89.73382533,21.99125504],[89.74883282,21.99893057],[89.74183655,22.01774526],[89.75764155,22.03137076],[89.74385154,22.03480244],[89.73904586,22.05201328],[89.77364385,22.08697891],[89.7558521,22.13155675],[89.71194744,22.12737155],[89.70558906,22.06601524]],[[89.74171424,22.05174017],[89.75718772,22.03624225],[89.7601068,22.0291574],[89.74449825,22.01650166],[89.75222278,21.99788725],[89.73766255,21.99079752],[89.7480669,21.97265625],[89.71492147,21.96035898],[89.72373974,21.94154203],[89.73394692,21.94946826],[89.76709676,21.95003414],[89.73146951,21.9474349],[89.73194647,21.92015123],[89.71614075,21.90545344],[89.73542476,21.88974535],[89.74836886,21.85548425],[89.77209151,21.85218096],[89.77618372,21.90477765],[89.78563333,21.91028917],[89.77112401,21.90800774],[89.76959562,21.92121232],[89.77170396,21.90905845],[89.78367996,21.91842031],[89.78703213,21.90706456],[89.77945113,21.90431797],[89.78353274,21.86978376],[89.78711557,21.87648356],[89.80467474,21.87751651],[89.78632772,21.87453914],[89.76737905,21.83649194],[89.77908528,21.83160734],[89.83889997,21.85536861],[89.84394121,21.89242005],[89.81015313,21.91452944],[89.80627334,21.92177045],[89.81030595,21.93659782],[89.84277332,21.95690882],[89.80359137,21.98951065],[89.81148052,21.99578524],[89.83637917,22.00180948],[89.84067702,22.01893854],[89.77720785,22.08865774],[89.74171424,22.05174017]],[[89.86914515,22.06121075],[89.88589776,22.07681096],[89.88565481,22.09083903],[89.87971783,22.08656871],[89.86914515,22.06121075]],[[89.8983078,22.06004643],[89.896438,22.04354787],[89.89991593,22.04338586],[89.8983078,22.06004643]],[[89.85679865,22.02855492],[89.82640386,22.04413784],[89.84257937,22.02162385],[89.84104383,22.00318706],[89.80550385,21.98929024],[89.84505594,21.95572662],[89.80897665,21.92493677],[89.84574831,21.89645422],[89.8499819,21.87240863],[89.87671697,21.91155136],[89.85679865,22.02855492]],[[89.89989221,22.01123166],[89.90081525,22.02813876],[89.91058958,22.02126145],[89.89615011,22.03379083],[89.89989221,22.01123166]],[[89.91154265,22.00462127],[89.91811907,22.00158095],[89.91133356,22.00700486],[89.91154265,22.00462127]],[[89.8806324,21.98383784],[89.89002693,21.98816741],[89.88639235,21.99940956],[89.88387477,21.99694216],[89.8806324,21.98383784]],[[89.89335692,21.99641037],[89.89811182,21.99698472],[89.89363456,21.99808145],[89.89335692,21.99641037]],[[89.88782775,21.9638859],[89.88945591,21.96666062],[89.88779747,21.96830273],[89.88782775,21.9638859]],[[90.03212845,21.94923782],[90.03026891,21.92167854],[90.02395594,21.88293886],[90.07653892,21.86223567],[90.1114372,21.90029335],[90.11587775,21.92714393],[90.14373016,21.92948055],[90.13271594,21.95316756],[90.15145028,21.98034406],[90.16419292,21.98406601],[90.17264402,21.97776187],[90.20294666,21.98309624],[90.20758724,22.00897121],[90.2109009,22.00829041],[90.22104645,21.99605167],[90.22338963,21.9965533],[90.24178386,22.02847004],[90.22380698,21.99563515],[90.21884096,21.99588811],[90.20861685,22.00797486],[90.20618117,21.98752642],[90.23037517,21.97952068],[90.25762141,21.95509171],[90.26470995,21.97678447],[90.28300774,21.99183786],[90.26972437,22.02383554],[90.28086817,22.05032897],[90.28911221,22.05352795],[90.27718985,22.06022525],[90.28791738,22.05642247],[90.29007626,22.05294776],[90.27122855,22.02218068],[90.30751061,21.98198092],[90.33416855,22.04978228],[90.37825406,22.08352804],[90.37423134,22.10979486],[90.38551617,22.1374917],[90.35517752,22.1484375],[90.34730482,22.15629637],[90.34034657,22.16808271],[90.34075117,22.16980386],[90.35673273,22.1826905],[90.34117687,22.16864896],[90.3484987,22.15665758],[90.38632727,22.13845801],[90.39837551,22.17140174],[90.43124855,22.19337654],[90.39317584,22.20605516],[90.39858985,22.25008667],[90.41570687,22.27881491],[90.37024665,22.29313421],[90.37577224,22.30372596],[90.41940248,22.34640062],[90.35090375,22.34629047],[90.3467561,22.34756243],[90.34622085,22.35034347],[90.35186386,22.35979354],[90.34601593,22.36556792],[90.33265662,22.36419141],[90.30176234,22.36725306],[90.28917515,22.37688231],[90.25011194,22.33514822],[90.2130506,22.33553231],[90.21973348,22.22637093],[90.23082054,22.22389674],[90.23115432,22.22591472],[90.22417176,22.23026144],[90.22388446,22.23278368],[90.24564648,22.26196563],[90.27021933,22.26386535],[90.25763392,22.28217137],[90.26356494,22.30129862],[90.25897312,22.28159034],[90.27165163,22.27694786],[90.27010465,22.26192045],[90.24755824,22.26092875],[90.22573495,22.2332828],[90.23259926,22.22633743],[90.23971915,22.18913794],[90.22144473,22.12957823],[90.19535434,22.10720813],[90.15835333,22.11421704],[90.09216011,22.04457283],[90.07284081,21.97265625],[90.03212845,21.94923782]],[[90.02851176,21.94460166],[90.02661097,21.94532657],[90.02740705,21.94424176],[90.02851176,21.94460166]],[[89.98525691,21.95346463],[89.98325193,21.95642316],[89.98232102,21.95037127],[89.98525691,21.95346463]],[[90.14492464,22.11586392],[90.20373631,22.12461996],[90.22978973,22.19143331],[90.20789647,22.23011076],[90.19765651,22.30289364],[90.20269036,22.33641803],[90.22975194,22.35264277],[90.21791041,22.36187768],[90.22206235,22.37263072],[90.23046172,22.38378167],[90.21962845,22.36226225],[90.25114131,22.34435105],[90.26268685,22.40130711],[90.29864836,22.44210517],[90.30192161,22.46864581],[90.3515625,22.47488844],[90.34904134,22.50325406],[90.36374974,22.51822555],[90.34525955,22.52579415],[90.35270774,22.54302776],[90.33838463,22.54316413],[90.33533275,22.54620934],[90.3446573,22.56460142],[90.36059141,22.57784903],[90.33890963,22.59858775],[90.34284663,22.61252904],[90.345595,22.6147058],[90.3515625,22.61244404],[90.37021685,22.59388673],[90.39459658,22.59409905],[90.40905523,22.57833302],[90.4230504,22.59455395],[90.44676244,22.60893047],[90.42562068,22.61300993],[90.44689214,22.63111722],[90.44156861,22.64572382],[90.46927476,22.65024924],[90.47877276,22.67341495],[90.49064553,22.69095051],[90.50466406,22.70080102],[90.46327686,22.75192535],[90.43532276,22.75539196],[90.43950152,22.73033953],[90.41908121,22.71933734],[90.40965545,22.72047532],[90.39165545,22.73908305],[90.39171123,22.70804465],[90.34664023,22.64647794],[90.2940942,22.66287553],[90.28097117,22.63659596],[90.17840564,22.62496662],[90.20581853,22.57715094],[90.18518925,22.51583898],[90.20580328,22.52043867],[90.2128973,22.50852823],[90.17753112,22.45883751],[90.17615664,22.42926443],[90.09830844,22.34618974],[90.11444676,22.28782821],[90.08666742,22.25911164],[90.08763266,22.24708462],[90.07928193,22.22139466],[90.02523625,22.19526505],[90.07338774,22.16092682],[90.03464615,22.12936974],[90.02742875,22.05144012],[89.98677456,22.03557742],[89.99854064,21.99627006],[90.05673265,21.97797561],[90.08152986,22.05374014],[90.14492464,22.11586392]],[[90.02373564,22.05789447],[90.02013862,22.05985332],[90.02218854,22.05354595],[90.02373564,22.05789447]],[[90.01952696,22.06318522],[90.01758647,22.06177282],[90.01828015,22.06110322],[90.01952696,22.06318522]],[[90.01533806,22.06285095],[90.01186645,22.06246746],[90.01416504,22.06119633],[90.01533806,22.06285095]],[[90.03303623,22.12680685],[90.03125978,22.12687325],[90.02982545,22.12546778],[90.03303623,22.12680685]],[[90.02401054,22.18770754],[90.02839458,22.1783061],[90.04693472,22.17722857],[90.03661263,22.18520296],[90.02401054,22.18770754]],[[90.0272696,22.1898036],[90.02608395,22.18774915],[90.02978635,22.18797445],[90.0272696,22.1898036]],[[90.08025968,22.23631334],[90.08306921,22.24258602],[90.08123624,22.24393761],[90.08025968,22.23631334]],[[90.0850234,22.24688804],[90.08226204,22.24596322],[90.08295774,22.24397326],[90.0850234,22.24688804]],[[90.08663154,22.25109172],[90.08558881,22.24888217],[90.08604455,22.24871266],[90.08663154,22.25109172]],[[90.10140765,22.27460766],[90.10927296,22.28912914],[90.10380197,22.29498064],[90.10140765,22.27460766]],[[90.10620463,22.29827261],[90.10456121,22.29628694],[90.10689604,22.2967664],[90.10620463,22.29827261]],[[90.48599553,22.74990785],[90.48027766,22.77888894],[90.46126795,22.78507256],[90.46709943,22.76183414],[90.48599553,22.74990785]],[[90.45442653,22.77071011],[90.44983435,22.76586401],[90.4600569,22.76415825],[90.45442653,22.77071011]],[[90.43942165,22.76724482],[90.44444442,22.78444445],[90.43194437,22.78805554],[90.43942165,22.76724482]],[[90.45651364,22.78812385],[90.46143162,22.78877473],[90.45765352,22.78949881],[90.45651364,22.78812385]],[[90.43982434,22.78984237],[90.44298565,22.79299152],[90.44248271,22.79305851],[90.43982434,22.78984237]],[[90.43250001,22.78999984],[90.45222223,22.86194444],[90.43805551,22.88416672],[90.43972206,22.88999987],[90.46000004,22.89555538],[90.49472225,22.87361097],[90.53083324,22.90111113],[90.51361096,22.94666672],[90.46361113,22.97861111],[90.43333316,22.95055544],[90.43832374,22.93861115],[90.43722224,22.92833316],[90.4175719,22.91423357],[90.42027783,22.89777768],[90.40027773,22.89361095],[90.3822844,22.84908974],[90.40666664,22.81749988],[90.40583324,22.81500006],[90.40361094,22.81333327],[90.38707852,22.8147794],[90.39555538,22.80555546],[90.43250001,22.78999984]],[[90.56489718,22.89460194],[90.57554114,22.89646471],[90.59985971,22.90626776],[90.56489718,22.89460194]],[[90.60370612,22.90263784],[90.57887983,22.88367093],[90.59894276,22.88437211],[90.60370612,22.90263784]],[[90.60331464,22.88513482],[90.61191762,22.89386356],[90.60854447,22.90036046],[90.60265422,22.89690983],[90.60331464,22.88513482]],[[90.62170184,22.8866502],[90.62242031,22.88537705],[90.62299514,22.88685131],[90.62170184,22.8866502]],[[90.5327574,22.70929611],[90.52415395,22.68711865],[90.51597154,22.70265377],[90.51659512,22.68288326],[90.53135014,22.68427265],[90.53910375,22.69810462],[90.52827215,22.67806411],[90.54157686,22.69154501],[90.55500305,22.67578125],[90.5327574,22.70929611]],[[90.56747794,22.70117915],[90.57513165,22.65299785],[90.53411365,22.61986065],[90.57269025,22.60154235],[90.61750555,22.56305182],[90.6155045,22.6385107],[90.59509575,22.69021106],[90.59440565,22.71419561],[90.58224738,22.70859218],[90.578143,22.71305847],[90.58354473,22.72426581],[90.56747794,22.70117915]],[[90.59249985,22.56416655],[90.57271552,22.57047868],[90.58805561,22.57194436],[90.57173622,22.58335984],[90.59111095,22.57416666],[90.57361114,22.59416664],[90.53805554,22.60749996],[90.57166672,22.55416656],[90.59527767,22.54361105],[90.59249985,22.56416655]],[[90.61138892,22.54805553],[90.60472214,22.51944435],[90.64888895,22.48972225],[90.63473177,22.53596735],[90.65472221,22.54333317],[90.61138892,22.54805553]],[[90.60861111,22.49500001],[90.58583331,22.52444434],[90.60583317,22.48000002],[90.60861111,22.49500001]],[[90.61555552,22.47805548],[90.59138894,22.42944443],[90.60972226,22.41944444],[90.64305556,22.37833333],[90.62611115,22.43671405],[90.63972223,22.41750002],[90.64555538,22.45583332],[90.62113631,22.46159232],[90.64527774,22.46138895],[90.64861095,22.48444438],[90.61555552,22.47805548]],[[90.66948736,22.48310173],[90.67070878,22.4795506],[90.67020595,22.48504484],[90.66948736,22.48310173]],[[90.67111111,22.47333336],[90.67222226,22.47611105],[90.67111111,22.47666657],[90.67111111,22.47333336]],[[90.66974485,22.45028961],[90.67237067,22.46079803],[90.67074871,22.47074091],[90.67048144,22.4621793],[90.66974485,22.45028961]],[[90.66549826,22.43377256],[90.67285633,22.3876518],[90.66798461,22.43883646],[90.66549826,22.43377256]],[[90.65638876,22.35527766],[90.66611111,22.37361097],[90.65916657,22.38555551],[90.65722215,22.3813889],[90.65638876,22.35527766]],[[90.62804866,22.36593175],[90.58772325,22.42726576],[90.58807743,22.46845591],[90.59373176,22.45709372],[90.60537493,22.47716916],[90.57433152,22.54425442],[90.50958812,22.57916796],[90.45412147,22.57473028],[90.46785235,22.53020954],[90.43262792,22.50466216],[90.44710982,22.4679234],[90.42754924,22.45122242],[90.45003414,22.45646668],[90.44782245,22.43851066],[90.45464671,22.42282248],[90.45298004,22.41523576],[90.44533443,22.41269755],[90.43515778,22.41325462],[90.42358363,22.42626655],[90.39662898,22.41988456],[90.38889635,22.39136016],[90.34736836,22.34839046],[90.40275586,22.35549581],[90.43440115,22.34443772],[90.37229037,22.29450297],[90.40369141,22.30052245],[90.41871917,22.27932084],[90.39889097,22.22841525],[90.43590474,22.1948719],[90.40478337,22.17049623],[90.39049661,22.08848786],[90.42515457,22.08283711],[90.43338037,22.07742572],[90.46523213,22.10845506],[90.49727476,22.15621912],[90.48358011,22.20554554],[90.4990617,22.21555352],[90.4694103,22.22868073],[90.48231947,22.23792934],[90.49783623,22.23123252],[90.50602198,22.28645444],[90.51650226,22.29997671],[90.50316668,22.23721886],[90.49714232,22.22959757],[90.47083092,22.22809362],[90.50010037,22.21635377],[90.48509598,22.20440805],[90.49638355,22.17194045],[90.52076066,22.17706215],[90.53596175,22.21307433],[90.60225797,22.28019321],[90.62804866,22.36593175]],[[90.63361096,22.34749985],[90.63666666,22.34305561],[90.6405555,22.35333335],[90.63361096,22.34749985]],[[90.67729366,22.35492873],[90.67025661,22.29609215],[90.67470372,22.29383075],[90.67729366,22.35492873]],[[90.65120852,22.29416835],[90.64694774,22.35145545],[90.61755884,22.27316725],[90.64531696,22.30542946],[90.65120852,22.29416835]],[[90.65194428,22.29027772],[90.61972225,22.26999986],[90.61555552,22.26166666],[90.65194428,22.29027772]],[[90.65151453,22.32251382],[90.65244484,22.32259548],[90.65181637,22.32295203],[90.65151453,22.32251382]],[[90.5980556,22.23361111],[90.57888877,22.19611096],[90.58472216,22.18833327],[90.63722205,22.21805561],[90.63083327,22.24583316],[90.5980556,22.23361111]],[[90.58828366,22.23788464],[90.58409584,22.23889494],[90.58405662,22.23128188],[90.56675315,22.19212484],[90.58828366,22.23788464]],[[90.58284044,22.23151231],[90.57678032,22.23396611],[90.57882154,22.22701263],[90.58284044,22.23151231]],[[90.59027767,22.23583317],[90.59666657,22.23388875],[90.59506226,22.24139857],[90.59027767,22.23583317]],[[90.60621357,22.1856842],[90.53764892,22.13685358],[90.55879772,22.13398576],[90.57245648,22.15259206],[90.56518996,22.13737082],[90.55398166,22.13113844],[90.53499413,22.13288546],[90.48491633,22.07302487],[90.49147296,22.02575755],[90.52332473,22.06443036],[90.54023206,22.06454754],[90.54210615,22.08917141],[90.54714572,22.08192134],[90.54085791,22.06347775],[90.52458465,22.06307662],[90.48736286,22.01757395],[90.50293016,21.95742786],[90.58383262,22.0698626],[90.57984543,22.05174196],[90.59080124,22.06076586],[90.59389555,22.10306811],[90.60556841,22.12683094],[90.60621357,22.1856842]],[[90.61988711,22.18026221],[90.62476838,22.17623901],[90.62249374,22.18333995],[90.61988711,22.18026221]],[[90.59777772,22.09333324],[90.60694444,22.10527766],[90.60500002,22.11972225],[90.59611106,22.10527766],[90.59777772,22.09333324]],[[90.56977046,22.01405525],[90.56969881,22.01217914],[90.57106376,22.01459122],[90.56977046,22.01405525]],[[90.55556333,21.99936855],[90.56594956,22.00179791],[90.56554627,22.00986993],[90.55556333,21.99936855]],[[90.57846701,21.98328006],[90.5421102,21.96711016],[90.55965841,21.9631623],[90.57846701,21.98328006]],[[90.57942474,21.98408282],[90.58165777,21.98277986],[90.58109546,21.98510373],[90.57942474,21.98408282]],[[90.53870416,21.97677815],[90.53942084,21.98001277],[90.53792763,21.97657454],[90.53870416,21.97677815]],[[90.54227996,21.98038733],[90.54593945,21.9803344],[90.54577541,21.98172486],[90.54227996,21.98038733]],[[90.49075913,21.94997728],[90.4655596,22.05381286],[90.41721833,22.03135264],[90.42191684,22.01211905],[90.40862203,21.95272255],[90.40159714,21.94360817],[90.36019194,21.92221582],[90.37034857,21.88648593],[90.39678383,21.87600446],[90.40683424,21.89479482],[90.45649946,21.91519046],[90.49075913,21.94997728]],[[90.50562334,21.9232676],[90.50734186,21.92414165],[90.50812972,21.92669702],[90.50562334,21.9232676]],[[90.50394344,21.9191761],[90.50427651,21.91802442],[90.50436115,21.9192847],[90.50394344,21.9191761]],[[90.46120346,21.91205275],[90.4196012,21.88145184],[90.44002783,21.88505185],[90.46120346,21.91205275]],[[90.49358344,21.87759984],[90.51105976,21.89376855],[90.49973536,21.91077113],[90.49085033,21.90072656],[90.49358344,21.87759984]],[[90.52664721,21.88638878],[90.50983083,21.86328804],[90.55368793,21.85853612],[90.52664721,21.88638878]],[[90.71102345,21.87785244],[90.71128845,21.86853194],[90.71308494,21.86719584],[90.71102345,21.87785244]],[[90.55874741,21.86997294],[90.55965376,21.87098253],[90.55762446,21.87139726],[90.55874741,21.86997294]],[[90.61969054,21.87218988],[90.62653387,21.87223732],[90.62849295,21.87456155],[90.61969054,21.87218988]],[[90.61924875,21.86420262],[90.61109161,21.85423541],[90.60220671,21.84749556],[90.6175282,21.85793006],[90.61924875,21.86420262]],[[90.76631331,21.85034657],[90.77108371,21.83935916],[90.76974964,21.86027944],[90.76631331,21.85034657]],[[90.77656746,21.85970676],[90.78022587,21.86658132],[90.77467334,21.87039316],[90.77656746,21.85970676]],[[90.80678678,21.86344755],[90.82258916,21.87162244],[90.80659485,21.87034035],[90.80678678,21.86344755]],[[90.77654088,21.85360444],[90.77972722,21.85315597],[90.77760124,21.85461175],[90.77654088,21.85360444]],[[90.52614176,21.83021748],[90.50225365,21.85714281],[90.48355067,21.84616554],[90.47927058,21.81325042],[90.52614176,21.83021748]],[[90.46108115,21.8148694],[90.45910394,21.80372465],[90.46180761,21.80153263],[90.46602821,21.80407596],[90.46108115,21.8148694]],[[90.7225399,21.80370176],[90.72371423,21.80363452],[90.72335625,21.80479097],[90.7225399,21.80370176]],[[90.72418106,21.80257523],[90.7242012,21.79887354],[90.72538984,21.80454886],[90.72418106,21.80257523]],[[90.38694453,21.79193425],[90.38545728,21.80270445],[90.37869763,21.78912127],[90.38694453,21.79193425]],[[90.59287751,21.78624094],[90.59050286,21.78160036],[90.57321537,21.77809966],[90.58824945,21.77839673],[90.59147096,21.7803514],[90.59287751,21.78624094]],[[90.56286371,21.77736604],[90.56028211,21.77456677],[90.56090367,21.77287138],[90.56286371,21.77736604]],[[90.47515094,21.76716042],[90.46547735,21.77886105],[90.46078551,21.76685214],[90.47515094,21.76716042]],[[90.56018865,21.76762974],[90.56136096,21.76735604],[90.56097054,21.76848054],[90.56018865,21.76762974]],[[90.57425272,21.76715136],[90.56137455,21.76307762],[90.56138587,21.76269531],[90.5742383,21.76456726],[90.57425272,21.76715136]],[[89.68462122,21.76398587],[89.70018017,21.79281044],[89.62382984,21.86959851],[89.64628661,21.91051471],[89.62217462,21.94464147],[89.58615685,21.94530356],[89.54732823,21.87586057],[89.55595291,21.86024177],[89.58096981,21.86386836],[89.59311545,21.8745656],[89.57892108,21.89022374],[89.58907616,21.89738882],[89.59275854,21.89723706],[89.57975936,21.88937867],[89.58940732,21.88242316],[89.59428966,21.8745296],[89.59401584,21.87098193],[89.58081675,21.86250174],[89.55536115,21.8581748],[89.55652225,21.85091674],[89.61452103,21.80105531],[89.60980594,21.7641288],[89.65067017,21.76584935],[89.65810132,21.75254035],[89.68462122,21.76398587]],[[90.58412802,21.7532227],[90.58702564,21.75143087],[90.59427512,21.75695443],[90.58412802,21.7532227]],[[89.71886253,21.75009942],[89.71572125,21.74981105],[89.71547413,21.74757171],[89.71886253,21.75009942]],[[89.64480674,21.75172913],[89.64895976,21.7536658],[89.64509296,21.75874925],[89.64480674,21.75172913]],[[89.64056206,21.75218797],[89.63869464,21.75322497],[89.63611686,21.75224161],[89.64056206,21.75218797]],[[89.56813705,21.93554378],[89.54256678,21.96059227],[89.54312182,21.87779975],[89.56813705,21.93554378]],[[89.66282523,21.89076495],[89.67073321,21.83767986],[89.70721936,21.84659421],[89.6884315,21.85304308],[89.69455957,21.86443925],[89.70117664,21.86308968],[89.70316064,21.87955642],[89.70572007,21.88231611],[89.70229673,21.86253953],[89.68964005,21.85353696],[89.70759964,21.84751546],[89.70784855,21.84477985],[89.69928241,21.84281993],[89.70022821,21.83742321],[89.74276102,21.83928633],[89.74018025,21.86760247],[89.71147001,21.9023633],[89.72709477,21.92868161],[89.71113575,21.95784736],[89.72156405,21.97669673],[89.70472741,21.98483467],[89.70282865,22.00717914],[89.68652797,21.99183226],[89.69227576,21.94091475],[89.66282523,21.89076495]],[[89.64574182,21.89505577],[89.63263595,21.87450373],[89.65068614,21.85588646],[89.66118038,21.87070096],[89.64574182,21.89505577]],[[90.11066115,21.81849313],[90.19580317,21.80027902],[90.25812435,21.84093988],[90.29681587,21.93464434],[90.29605985,21.98958898],[90.25621581,21.95097387],[90.23882854,21.96057963],[90.23302043,21.9551897],[90.19832456,21.94540656],[90.19568956,21.93314958],[90.17364395,21.90754247],[90.14860296,21.89164472],[90.11791885,21.89836037],[90.10633051,21.85338974],[90.09483421,21.86459863],[90.08369041,21.84947431],[90.11066115,21.81849313]],[[89.85315585,21.85828638],[89.85115194,21.84405506],[89.86151588,21.83251548],[89.86625206,21.84522521],[89.85315585,21.85828638]],[[90.10379195,21.87969995],[90.10202265,21.8780725],[90.1034615,21.87834382],[90.10379195,21.87969995]],[[90.14656925,21.89542305],[90.19702923,21.94697595],[90.23427212,21.95847881],[90.23317313,21.97195876],[90.21230137,21.98317754],[90.17373526,21.97495008],[90.15961921,21.98136222],[90.13705003,21.95601416],[90.14681745,21.92882645],[90.11606288,21.91901195],[90.11872256,21.90391684],[90.14656925,21.89542305]],[[90.34124327,21.95034945],[90.31326711,21.87096322],[90.30614245,21.88238704],[90.32225704,21.84659874],[90.37497056,21.87006104],[90.35487545,21.91433525],[90.39812911,22.01082075],[90.34124327,21.95034945]],[[90.33893454,21.99088228],[90.39091754,22.04374301],[90.38174427,22.05263484],[90.33893454,21.99088228]],[[90.36696887,22.04815352],[90.38385356,22.05492234],[90.39319015,22.04800665],[90.42714417,22.07733893],[90.3898226,22.08454037],[90.35098708,22.04087782],[90.3417207,22.00186491],[90.36696887,22.04815352]],[[90.42669344,22.08013916],[90.42403495,22.08174717],[90.41706586,22.08168018],[90.42669344,22.08013916]],[[90.47942841,22.06242847],[90.47680736,22.043666],[90.48492873,22.03136456],[90.47942841,22.06242847]],[[90.41004646,22.05709994],[90.39113224,22.04085672],[90.39119804,22.03664732],[90.41004646,22.05709994]],[[90.36817276,22.04782236],[90.37263215,22.04450333],[90.37528086,22.05123687],[90.36817276,22.04782236]],[[90.40443921,22.01921451],[90.40147173,21.99211204],[90.37432158,21.9364537],[90.41012454,21.96140862],[90.42101288,22.01244605],[90.40443921,22.01921451]],[[90.37688327,22.01952207],[90.37494338,22.01992404],[90.37393761,22.01818216],[90.37688327,22.01952207]],[[90.39225388,21.86786211],[90.39379013,21.86841261],[90.39548111,21.87357271],[90.39225388,21.86786211]],[[90.37408865,21.86872184],[90.37324607,21.86688054],[90.37391114,21.86559975],[90.37408865,21.86872184]],[[90.47328651,21.86023641],[90.46462154,21.85900533],[90.46756184,21.85353982],[90.47328651,21.86023641]],[[90.45884073,21.85898638],[90.43244243,21.84664547],[90.43003762,21.83414447],[90.45902073,21.83966208],[90.45884073,21.85898638]],[[90.42359793,21.83319795],[90.42010295,21.83519185],[90.41812241,21.82798636],[90.42359793,21.83319795]],[[90.45949924,21.82958055],[90.46446526,21.83198476],[90.46349633,21.83325565],[90.45949924,21.82958055]],[[90.43461025,21.83217585],[90.43344355,21.83342636],[90.43295145,21.83292592],[90.43461025,21.83217585]],[[90.40184093,21.82688534],[90.39214015,21.82591617],[90.39094591,21.81811273],[90.40184093,21.82688534]],[[90.45436835,21.82485735],[90.45584452,21.82394147],[90.45572352,21.82430494],[90.45436835,21.82485735]],[[90.41568792,21.81880045],[90.41904294,21.82090366],[90.41697943,21.82216275],[90.41568792,21.81880045]],[[90.24948466,21.82938945],[90.25135136,21.83317447],[90.24849653,21.82937861],[90.24948466,21.82938945]],[[90.29699767,21.8386029],[90.29709816,21.84938622],[90.29219007,21.84021664],[90.29699767,21.8386029]],[[90.36607754,21.84139931],[90.37545645,21.84168434],[90.3733474,21.84877217],[90.36607754,21.84139931]],[[90.42854524,21.86073351],[90.42078876,21.85830367],[90.42685294,21.8587594],[90.42854524,21.86073351]],[[90.46300995,21.85579121],[90.46390367,21.85465527],[90.46398962,21.85627913],[90.46300995,21.85579121]],[[90.3324275,21.95474732],[90.33071506,21.95752466],[90.32850456,21.95366538],[90.3324275,21.95474732]],[[90.33522952,21.96085763],[90.33267653,21.96030211],[90.33217835,21.95884025],[90.33522952,21.96085763]],[[90.46088696,21.8162415],[90.45736253,21.81289685],[90.45731616,21.80999303],[90.46088696,21.8162415]],[[90.43733323,21.81034672],[90.43336141,21.81203544],[90.43331265,21.81043673],[90.43733323,21.81034672]],[[90.45676386,21.80510795],[90.45792067,21.80703402],[90.45673072,21.80817521],[90.45676386,21.80510795]],[[90.31360567,21.80021572],[90.31550467,21.796875],[90.31661963,21.79738534],[90.31360567,21.80021572]],[[89.84136724,21.79845595],[89.83657491,21.8055191],[89.84136212,21.79735255],[89.84525228,21.796875],[89.84136724,21.79845595]],[[89.84420431,21.79829657],[89.85687315,21.80354595],[89.85720575,21.81968892],[89.83445275,21.81876755],[89.84420431,21.79829657]],[[90.58675456,21.78503346],[90.58632815,21.78724396],[90.58369815,21.78550565],[90.58675456,21.78503346]],[[90.5914582,21.75981855],[90.59334028,21.76104534],[90.59291005,21.76125646],[90.5914582,21.75981855]],[[90.52854037,21.85591304],[90.52654612,21.84949732],[90.53031015,21.85166764],[90.52854037,21.85591304]],[[90.59386837,21.85699511],[90.60532796,21.85458803],[90.60857058,21.8560487],[90.59386837,21.85699511]],[[90.54058218,21.84785438],[90.54535675,21.84833336],[90.54651713,21.85033083],[90.54058218,21.84785438]],[[90.51896977,21.85591853],[90.51675296,21.85155785],[90.52001596,21.85075271],[90.51896977,21.85591853]],[[90.73110414,21.84506381],[90.73287988,21.84499645],[90.73260784,21.8462069],[90.73110414,21.84506381]],[[90.48429692,22.08607793],[90.49099314,22.09190714],[90.48790371,22.09332752],[90.48429692,22.08607793]],[[90.4895699,22.09441733],[90.49125111,22.09582424],[90.49014461,22.09637368],[90.4895699,22.09441733]],[[90.50972223,22.14111114],[90.50073123,22.14256716],[90.49916661,22.14027774],[90.50972223,22.14111114]],[[90.51006222,22.14791167],[90.50972223,22.15111113],[90.50121164,22.1472795],[90.51006222,22.14791167]],[[90.51433742,22.15852475],[90.52410603,22.15166116],[90.52270961,22.16025138],[90.51433742,22.15852475]],[[90.51983964,22.17224646],[90.51876211,22.16923153],[90.52127671,22.17016935],[90.51983964,22.17224646]],[[90.38130915,22.10746157],[90.37931442,22.10831285],[90.37931442,22.10771394],[90.38130915,22.10746157]],[[90.39555538,22.13444436],[90.38944435,22.13805544],[90.38805544,22.13305545],[90.39555538,22.13444436]],[[90.40250576,22.21600747],[90.39572501,22.20591664],[90.40718365,22.20610023],[90.40250576,22.21600747]],[[90.42463446,22.42770326],[90.45125294,22.41556907],[90.44506252,22.43917465],[90.44862497,22.4525913],[90.42546725,22.44970095],[90.41587853,22.47820723],[90.36104083,22.49352193],[90.34998572,22.46665478],[90.3098191,22.46539891],[90.30398452,22.43342173],[90.27429104,22.40859723],[90.26717103,22.36005688],[90.31068194,22.40005446],[90.29931581,22.37000394],[90.34612024,22.36711395],[90.35724092,22.36223948],[90.39663827,22.42184544],[90.42463446,22.42770326]],[[90.38195181,22.48871112],[90.37760866,22.50572705],[90.38089454,22.5089581],[90.39098597,22.50637913],[90.40433371,22.49574864],[90.40913534,22.50747657],[90.40898001,22.52954483],[90.41242874,22.53926837],[90.41372871,22.50332117],[90.42691267,22.51233435],[90.45823586,22.52449775],[90.44764531,22.57599115],[90.50770974,22.58917487],[90.50218356,22.696105],[90.47223306,22.65019071],[90.44306481,22.64339781],[90.44931757,22.63147545],[90.42771494,22.61263156],[90.44777024,22.60877788],[90.41207087,22.57788432],[90.40408528,22.57697165],[90.3923403,22.59268296],[90.36799705,22.59294248],[90.34432673,22.61219692],[90.36364341,22.57839406],[90.33746374,22.54647231],[90.3530215,22.54560661],[90.35467315,22.54025996],[90.34720194,22.52596712],[90.36555254,22.51879847],[90.35540617,22.49666202],[90.38195181,22.48871112]],[[90.53494108,22.67777586],[90.53682232,22.67986548],[90.53526557,22.68187332],[90.53494108,22.67777586]],[[90.5165385,22.67398715],[90.51797664,22.67452443],[90.51779997,22.67602527],[90.5165385,22.67398715]],[[90.53356993,22.67403281],[90.52121115,22.65649736],[90.52361083,22.65199971],[90.53356993,22.67403281]],[[90.55316734,22.67382812],[90.55316436,22.67080736],[90.55540204,22.67424285],[90.55316734,22.67382812]],[[90.55796456,22.67252958],[90.5595504,22.66550636],[90.5608443,22.67311418],[90.55796456,22.67252958]],[[90.5362184,22.66536593],[90.53418112,22.67302692],[90.53384006,22.66355133],[90.5362184,22.66536593]],[[90.53601015,22.66410661],[90.53411007,22.66099894],[90.53636241,22.66386986],[90.53601015,22.66410661]],[[90.54946113,22.66870487],[90.55157852,22.66720808],[90.55353928,22.67003644],[90.54946113,22.66870487]],[[90.52032864,22.65472364],[90.52012372,22.65220845],[90.52126455,22.65314412],[90.52032864,22.65472364]],[[90.51914561,22.66531193],[90.51686537,22.66197598],[90.51783216,22.66072917],[90.51914561,22.66531193]],[[90.51822472,22.66920805],[90.51513076,22.66732514],[90.51630723,22.66659308],[90.51822472,22.66920805]],[[90.53209555,22.63862526],[90.52983212,22.63357985],[90.52586675,22.62436402],[90.53461301,22.59655225],[90.53209555,22.63862526]],[[90.53744841,22.61516654],[90.53936303,22.61719894],[90.53562427,22.6170789],[90.53744841,22.61516654]],[[90.43361115,22.51138878],[90.40277767,22.49138892],[90.37999988,22.50666654],[90.38499987,22.48805547],[90.41888893,22.47861111],[90.43527782,22.4594444],[90.44166672,22.47388875],[90.42972207,22.49416661],[90.43361115,22.51138878]],[[90.58500004,22.52972221],[90.59388876,22.53027773],[90.57993972,22.53993964],[90.58500004,22.52972221]],[[90.61367595,22.40857506],[90.60779297,22.41873181],[90.59684324,22.42497337],[90.60056794,22.41906476],[90.61367595,22.40857506]],[[90.63055551,22.37388885],[90.6313889,22.37194443],[90.63276815,22.37463558],[90.63055551,22.37388885]],[[90.63583326,22.36666656],[90.63861096,22.36638892],[90.63861096,22.36722207],[90.63583326,22.36666656]],[[90.22526014,22.21622956],[90.22561967,22.21849465],[90.22337925,22.21986604],[90.22526014,22.21622956]],[[90.02555752,21.92085075],[90.02285767,21.91934085],[90.02600074,21.91937125],[90.02555752,21.92085075]],[[89.46835434,22.12350655],[89.45931613,22.12324524],[89.47007692,22.1112107],[89.46835434,22.12350655]],[[89.36109376,21.90100217],[89.30567396,21.99718475],[89.28794777,21.98772204],[89.30257678,21.97361863],[89.29176676,21.93568635],[89.32113206,21.91776443],[89.29124987,21.87935233],[89.30757535,21.86954916],[89.29513812,21.84119928],[89.28072262,21.83467805],[89.296875,21.81752217],[89.31100774,21.86391151],[89.36109376,21.90100217]],[[89.36619127,21.88254547],[89.30953813,21.84881222],[89.33378685,21.78772545],[89.36619127,21.88254547]],[[89.28933644,21.78417015],[89.28792381,21.77905333],[89.29037285,21.77513444],[89.28933644,21.78417015]],[[89.32045257,21.86254084],[89.32977796,21.8649857],[89.33489585,21.86827195],[89.32045257,21.86254084]],[[89.32870722,21.87195623],[89.34668064,21.87511647],[89.35083365,21.88163924],[89.32870722,21.87195623]],[[89.28707623,21.84144783],[89.28586948,21.84070385],[89.29095912,21.84061587],[89.28707623,21.84144783]],[[89.34533524,21.97265625],[89.34074616,22.02815855],[89.38469088,22.08907235],[89.34791505,22.11250043],[89.34829211,22.13130581],[89.32543278,22.12846506],[89.33656383,22.15198147],[89.32289791,22.18381655],[89.28896844,22.15139627],[89.27716184,22.11596584],[89.3174932,22.10742176],[89.34299922,22.06513727],[89.34379876,22.05706584],[89.33823013,22.05421627],[89.32582498,22.05622947],[89.30427551,22.07163954],[89.28859985,22.06096101],[89.34533524,21.97265625]],[[89.33941555,22.05576897],[89.31731403,22.10555577],[89.27653837,22.11228645],[89.26333165,22.08931625],[89.29860461,22.09789562],[89.30643237,22.07536542],[89.33941555,22.05576897]],[[89.28683376,21.77196717],[89.28810978,21.77179825],[89.28711975,21.77328944],[89.28683376,21.77196717]],[[89.45240831,21.76146054],[89.45291364,21.75979924],[89.45378423,21.76225162],[89.45240831,21.76146054]],[[89.44868255,21.75699484],[89.45025921,21.75782144],[89.4485054,21.75924945],[89.44868255,21.75699484]],[[90.60352421,21.74640465],[90.60534096,21.74442697],[90.60793698,21.74592042],[90.60352421,21.74640465]],[[90.60046506,21.74170995],[90.60213983,21.74053514],[90.60206687,21.74103546],[90.60046506,21.74170995]],[[90.77747238,21.8794651],[90.79093552,21.89060414],[90.81211674,21.90486467],[90.80191422,21.88992536],[90.81390202,21.89398408],[90.81577706,21.90540433],[90.79361784,21.90969336],[90.77747238,21.8794651]],[[90.82625544,21.89227223],[90.81511915,21.88590085],[90.82713544,21.88993573],[90.82625544,21.89227223]],[[90.64779937,21.89244938],[90.66521454,21.92359042],[90.63620806,21.89171624],[90.64779937,21.89244938]],[[90.73360014,21.92485201],[90.73495412,21.92285156],[90.73502183,21.92540944],[90.73360014,21.92485201]],[[90.73163855,21.92112505],[90.73310471,21.92006397],[90.73301208,21.92045152],[90.73163855,21.92112505]],[[90.63965905,21.97110903],[90.62733507,21.96456587],[90.62633336,21.94432604],[90.63701916,21.94935823],[90.63965905,21.97110903]],[[90.64097631,21.9694314],[90.64597523,21.96796656],[90.64469337,21.97190166],[90.64097631,21.9694314]],[[90.64722896,21.97214985],[90.65295732,21.97114468],[90.65294456,21.97265625],[90.64722896,21.97214985]],[[90.69643402,21.98373055],[90.71383464,21.99783635],[90.71360433,22.00307381],[90.71155226,21.9982903],[90.69643402,21.98373055]],[[90.71830511,22.00356865],[90.72240806,22.01258504],[90.71590805,22.00474977],[90.71830511,22.00356865]],[[90.87861097,22.06055546],[90.89680076,22.05444443],[90.89055765,22.0745157],[90.87861097,22.06055546]],[[90.91331637,22.07094288],[90.99212492,22.21141672],[91.00102162,22.28696787],[90.98576343,22.35130894],[90.96790326,22.34716845],[90.96738565,22.28469408],[90.88738334,22.09387314],[90.89853692,22.10477376],[90.91331637,22.07094288]],[[90.89111924,22.08103836],[90.88580263,22.08747065],[90.88321614,22.08666647],[90.89111924,22.08103836]],[[90.88046825,22.08718955],[90.88276744,22.09147763],[90.87974977,22.08960164],[90.88046825,22.08718955]],[[90.88163543,22.09229481],[90.88307226,22.09631491],[90.87919247,22.09363484],[90.88163543,22.09229481]],[[90.89684272,22.13012886],[90.88335097,22.11239231],[90.88355255,22.10955405],[90.89399171,22.11932731],[90.89684272,22.13012886]],[[90.90112233,22.13117552],[90.90040386,22.13398945],[90.90040386,22.13077343],[90.90112233,22.13117552]],[[90.81824791,22.13435912],[90.81805551,22.13194442],[90.81932557,22.13228202],[90.81824791,22.13435912]],[[90.85259116,22.17965257],[90.84986114,22.17871463],[90.85244763,22.17603445],[90.85259116,22.17965257]],[[90.83694434,22.17861116],[90.83305538,22.17916656],[90.83694434,22.17722225],[90.83694434,22.17861116]],[[90.90033782,22.23760295],[90.89904451,22.23827302],[90.89502096,22.22875857],[90.89645803,22.22339845],[90.90076876,22.23170686],[90.90033782,22.23760295]],[[90.90555561,22.24194443],[90.90861106,22.26055551],[90.90222216,22.27083325],[90.8969444,22.25666654],[90.90555561,22.24194443]],[[90.93125582,22.28261816],[90.93480444,22.25140965],[90.93943942,22.28690863],[90.93125582,22.28261816]],[[90.90476131,22.29102647],[90.90512061,22.28794444],[90.90634203,22.28747535],[90.90476131,22.29102647]],[[90.93027782,22.24916661],[90.92333317,22.24222207],[90.93222225,22.24861097],[90.93027782,22.24916661]],[[90.93222225,22.32527781],[90.93027782,22.35472214],[90.90805554,22.30361116],[90.90972221,22.29694438],[90.93222225,22.32527781]],[[90.87966955,22.3346256],[90.89027774,22.38472223],[90.88611114,22.39861095],[90.87305546,22.37472224],[90.88620818,22.37779915],[90.87966955,22.3346256]],[[90.86224151,22.34833336],[90.87249994,22.35555553],[90.87200665,22.37243295],[90.86224151,22.34833336]],[[90.87013865,22.35186315],[90.87294066,22.35273433],[90.87279701,22.35300231],[90.87013865,22.35186315]],[[90.97472763,22.37182963],[90.98624432,22.40025115],[90.97011375,22.42078996],[90.95332026,22.41015482],[90.95285416,22.38444793],[90.97472763,22.37182963]],[[90.99117076,22.45440245],[91.00506592,22.36725295],[91.02310455,22.36610806],[91.04044616,22.40250802],[91.02624035,22.40879953],[91.01931465,22.41988122],[91.03965223,22.40604985],[91.04718387,22.44240391],[91.01900935,22.45945644],[90.99117076,22.45440245]],[[91.28309608,22.42831624],[91.29504645,22.43459594],[91.2769891,22.45183384],[91.26908577,22.44486582],[91.28309608,22.42831624]],[[91.25805545,22.43611097],[91.24194443,22.42472208],[91.26083326,22.40305555],[91.26833332,22.42444444],[91.25805545,22.43611097]],[[91.05138874,22.43611097],[91.04750001,22.43444443],[91.04888892,22.43277764],[91.05138874,22.43611097]],[[91.04833317,22.37916672],[91.04972208,22.36138892],[91.05583334,22.36444438],[91.04833317,22.37916672]],[[91.05611098,22.36305547],[91.0546875,22.35666657],[91.05694437,22.35916662],[91.05611098,22.36305547]],[[91.05333316,22.34555554],[91.04027772,22.37416661],[91.01805556,22.35277772],[91.03222215,22.33555555],[91.05333316,22.34555554]],[[91.01305544,22.33611095],[91.00750005,22.32500005],[91.01472223,22.30805552],[91.02833331,22.32083333],[91.01305544,22.33611095]],[[91.01638877,22.30499995],[91.01916671,22.28805554],[91.02472222,22.27666664],[91.03361106,22.31138885],[91.01638877,22.30499995]],[[91.01111114,22.33527768],[91.00722206,22.33777773],[91.00777781,22.32833326],[91.01111114,22.33527768]],[[90.96555555,22.44666672],[90.94749987,22.43916655],[90.95472205,22.42472208],[90.96888876,22.42666662],[90.96555555,22.44666672]],[[91.02222216,22.2741667],[91.00750005,22.25194442],[91.01138878,22.23611104],[91.01805556,22.24333334],[91.02333331,22.26194441],[91.02222216,22.2741667]],[[90.99866927,22.15660286],[91.00252676,22.16012025],[91.00029635,22.16073978],[90.99866927,22.15660286]],[[91.00265706,22.1415379],[91.00401318,22.14132178],[91.00717461,22.15337241],[91.00265706,22.1415379]],[[91.01025116,22.09591794],[91.01908863,22.09618604],[91.01167631,22.10434926],[91.01025116,22.09591794]],[[90.8011111,22.04166663],[90.80583334,22.04388893],[90.80250001,22.04388893],[90.8011111,22.04166663]],[[90.96191347,22.04105103],[90.9618417,22.03883994],[90.96248841,22.04071593],[90.96191347,22.04105103]],[[90.96809244,22.03555667],[90.96778297,22.03026342],[90.96975052,22.03138542],[90.96809244,22.03555667]],[[90.95997357,22.02992845],[90.95559084,22.02986145],[90.96220088,22.02892351],[90.95997357,22.02992845]],[[90.95307255,22.0308398],[90.94972813,22.02359021],[90.95336366,22.02636397],[90.95307255,22.0308398]],[[91.12055552,22.46944427],[91.17694438,22.48305547],[91.19277775,22.50611115],[91.15027773,22.50138891],[91.12055552,22.46944427]],[[90.89250004,22.49722207],[90.88083327,22.50499988],[90.88833332,22.49416661],[90.89250004,22.49722207]],[[90.88194442,22.49916661],[90.875,22.50111115],[90.87888885,22.49666655],[90.88194442,22.49916661]],[[90.87277782,22.50555551],[90.87055552,22.50833333],[90.87027764,22.50694442],[90.87277782,22.50555551]],[[90.49388885,22.83888876],[90.49194443,22.81944442],[90.49860156,22.82271075],[90.49388885,22.83888876]],[[90.61611116,22.88250005],[90.62111115,22.87861097],[90.62187254,22.88043118],[90.61611116,22.88250005]],[[90.66903245,22.80528748],[90.65055561,22.80222225],[90.67222226,22.80361116],[90.66903245,22.80528748]],[[90.62855387,22.94275665],[90.62998331,22.95291615],[90.62320542,22.95816207],[90.62855387,22.94275665]],[[90.62005031,22.96097255],[90.63237286,22.95877028],[90.61922646,22.96656442],[90.62005031,22.96097255]],[[90.63255036,22.94914043],[90.6383208,22.94927323],[90.63264871,22.95078802],[90.63255036,22.94914043]],[[90.48955774,23.02275884],[90.52531517,23.0316292],[90.51734591,23.0427736],[90.48955774,23.02275884]],[[90.51299226,23.05219173],[90.51468313,23.06866038],[90.50250626,23.04508686],[90.51299226,23.05219173]],[[90.59537995,23.03873766],[90.60076106,23.03678513],[90.59303057,23.04640877],[90.59537995,23.03873766]],[[90.58407986,23.07890654],[90.57748437,23.0749315],[90.58241212,23.07193267],[90.58407986,23.07890654]],[[90.37055552,22.83111095],[90.35361111,22.83888876],[90.35194445,22.81694436],[90.37055552,22.83111095]],[[90.35380745,22.84284472],[90.35027766,22.84277773],[90.35333335,22.83916664],[90.35380745,22.84284472]],[[89.88329673,22.17304385],[89.8913486,22.13962984],[89.89032614,22.12667954],[89.89306545,22.15271688],[89.88329673,22.17304385]],[[89.88030183,22.17254531],[89.88278866,22.17738497],[89.87889516,22.18251753],[89.88030183,22.17254531]],[[89.86553311,22.25714576],[89.85181534,22.25013936],[89.86825645,22.23349786],[89.86553311,22.25714576]],[[89.85997105,22.26587474],[89.86478496,22.27492011],[89.86399448,22.27632713],[89.85882163,22.26460171],[89.86694026,22.26265848],[89.85997105,22.26587474]],[[89.86471295,22.27257502],[89.86744332,22.27244091],[89.86636555,22.27337885],[89.86471295,22.27257502]],[[89.86535966,22.26520455],[89.86722767,22.26574075],[89.86665285,22.26661181],[89.86535966,22.26520455]],[[89.90536225,22.37134862],[89.90116131,22.37396002],[89.90170395,22.36813736],[89.90536225,22.37134862]],[[91.87436175,22.15257454],[91.86972666,22.15930176],[91.87367988,22.15023947],[91.87436175,22.15257454]],[[91.87593377,22.15625787],[91.87810457,22.15454245],[91.87954187,22.15655196],[91.87593377,22.15625787]],[[91.88472223,22.34916663],[91.875,22.35249984],[91.87,22.33249986],[91.88472223,22.34916663]],[[91.88012445,22.36840034],[91.8782444,22.36732435],[91.87853003,22.36625147],[91.88012445,22.36840034]],[[91.96358955,22.41448057],[91.96888876,22.41750002],[91.96005857,22.41835904],[91.96358955,22.41448057]],[[91.43833327,22.78111112],[91.42472208,22.78472221],[91.43444443,22.77666664],[91.43833327,22.78111112]],[[91.48191786,22.88613296],[91.46986985,22.87938178],[91.47036886,22.8719331],[91.48191786,22.88613296]],[[90.74611115,23.79999995],[90.75,23.81472206],[90.74027801,23.83407211],[90.74611115,23.79999995]],[[90.72888875,23.83138883],[90.72749984,23.83722222],[90.72638893,23.83611095],[90.72888875,23.83138883]],[[90.75,23.81694436],[90.75083327,23.82722223],[90.745,23.83138883],[90.74722207,23.8280555],[90.75,23.81694436]],[[90.11312342,23.55717647],[90.07822275,23.5664463],[90.12653577,23.54475248],[90.11312342,23.55717647]],[[90.04457664,23.56157005],[90.04206026,23.56116772],[90.04516184,23.56068492],[90.04457664,23.56157005]],[[89.97437012,23.63875866],[89.94606435,23.70556712],[89.86517668,23.72523296],[89.86822343,23.68799317],[89.87233627,23.69259596],[89.91666484,23.61630321],[89.93158603,23.62271905],[89.96340764,23.6202085],[89.94742072,23.64587176],[89.96812761,23.62048745],[90.02886581,23.59320927],[89.97437012,23.63875866]],[[89.98837781,23.60486615],[89.96066701,23.61379266],[90.01732647,23.59407842],[89.98837781,23.60486615]],[[89.95366323,23.61658216],[89.95716512,23.6190927],[89.95046568,23.61881375],[89.95366323,23.61658216]],[[89.89534891,23.63903761],[89.89382625,23.63415587],[89.90311384,23.62062693],[89.89534891,23.63903761]],[[89.87646914,23.67530096],[89.88012326,23.65103245],[89.88880193,23.64866126],[89.88392961,23.66177201],[89.87646914,23.67530096]],[[89.86102152,23.66925001],[89.86776972,23.68045092],[89.86028326,23.68412006],[89.86102152,23.66925001]],[[89.84847403,23.67021561],[89.83761334,23.69899035],[89.83244681,23.68431318],[89.84847403,23.67021561]],[[89.84046042,23.69985926],[89.84773576,23.69116902],[89.8440454,23.70352864],[89.84046042,23.69985926]],[[89.83771884,23.70043874],[89.8372972,23.70893586],[89.8372972,23.69985926],[89.83771884,23.70043874]],[[90.01795197,23.70967615],[89.95678556,23.71124804],[89.96761358,23.70581925],[89.97637916,23.69490266],[90.00114942,23.68206024],[89.98978555,23.69602382],[89.99809825,23.68976891],[89.98888361,23.70670426],[89.99809825,23.70924175],[90.00803924,23.68431318],[90.01795197,23.70967615]],[[90.00262582,23.72177827],[90.00396144,23.72100592],[90.00431311,23.72145653],[90.00262582,23.72177827]],[[90.00867188,23.71791601],[90.00832045,23.71881723],[90.00803924,23.71862411],[90.00867188,23.71791601]],[[89.99262094,23.70198357],[89.99191225,23.70446205],[89.99120343,23.70457995],[89.99262094,23.70198357]],[[89.98737323,23.68808985],[89.95972633,23.69720936],[89.97390115,23.67360592],[89.96991813,23.65955114],[90.00231063,23.63048124],[89.99897075,23.66137505],[90.00839031,23.65512013],[89.98737323,23.68808985]],[[89.98792088,23.63987446],[89.98000348,23.63596904],[89.99248874,23.63052964],[89.98792088,23.63987446]],[[89.97878563,23.63792181],[89.97726285,23.63875866],[89.97863316,23.63736391],[89.97878563,23.63792181]],[[89.97634935,23.64015341],[89.97497904,23.64029276],[89.97589254,23.63917696],[89.97634935,23.64015341]],[[89.98350728,23.6451745],[89.98011005,23.64399433],[89.98374164,23.64345777],[89.98350728,23.6451745]],[[89.96546638,23.66845596],[89.96909797,23.68122327],[89.96570075,23.68358374],[89.96546638,23.66845596]],[[89.96218646,23.69796026],[89.96687233,23.70343196],[89.95996046,23.70214462],[89.96218646,23.69796026]],[[89.96632957,23.70452094],[89.95924127,23.70694041],[89.95911252,23.70505214],[89.96632957,23.70452094]],[[89.94695711,23.71019125],[89.9434427,23.70868921],[89.94918287,23.70772362],[89.94695711,23.71019125]],[[89.55875182,23.79958391],[89.57887566,23.80477655],[89.55668783,23.80418646],[89.55875182,23.79958391]],[[89.55617166,23.80064595],[89.55384982,23.80005586],[89.55565584,23.79970193],[89.55617166,23.80064595]],[[89.54249775,23.80430448],[89.54430378,23.80701888],[89.54236877,23.80690086],[89.54249775,23.80430448]],[[89.59022772,23.80702972],[89.59322977,23.80479813],[89.59322977,23.80617142],[89.59022772,23.80702972]],[[89.60805297,23.80599976],[89.61161804,23.80411136],[89.61218095,23.80496967],[89.60805297,23.80599976]],[[89.5853492,23.80496967],[89.58253455,23.80479813],[89.58497393,23.80411136],[89.5853492,23.80496967]],[[89.67053473,23.80136478],[89.67353666,23.80205154],[89.67222345,23.80376816],[89.67053473,23.80136478]],[[89.66246664,23.80187976],[89.66490567,23.80651474],[89.66059017,23.80359638],[89.66246664,23.80187976]],[[89.76551902,23.81381035],[89.74637651,23.8206768],[89.73530376,23.82222176],[89.76551902,23.81381035]],[[89.75571466,23.87236905],[89.76303256,23.90374482],[89.73421347,23.96751905],[89.71528983,24.06486511],[89.75072205,24.09948754],[89.76165795,24.18833256],[89.77511275,24.18467402],[89.74496877,24.21205401],[89.72855127,24.19403005],[89.73188734,24.16774213],[89.72666597,24.14642263],[89.71510971,24.12639511],[89.71328282,24.11413193],[89.693102,24.09542084],[89.69659805,24.03210342],[89.67344153,23.98455155],[89.70597148,23.93348134],[89.71005785,23.85271311],[89.73391652,23.82973194],[89.76270115,23.82699573],[89.75571466,23.87236905]],[[89.72832477,23.83025765],[89.72695255,23.82830501],[89.72832477,23.82816553],[89.72832477,23.83025765]],[[89.73152685,23.82872343],[89.73345661,23.82938862],[89.73061216,23.83011806],[89.73152685,23.82872343]],[[89.72563875,23.83320796],[89.72075927,23.83458126],[89.72554493,23.83123386],[89.72563875,23.83320796]],[[89.71902335,23.83234966],[89.71780336,23.83346546],[89.71841335,23.83193135],[89.71902335,23.83234966]],[[89.70347011,23.833884],[89.70301271,23.83318663],[89.70347011,23.83318663],[89.70347011,23.833884]],[[89.69814491,23.83921623],[89.70508873,23.84762764],[89.69983387,23.85054576],[89.69814491,23.83921623]],[[89.68639195,23.8594079],[89.68501973,23.8577342],[89.68608701,23.85703683],[89.68639195,23.8594079]],[[89.69102561,23.87363434],[89.69482815,23.93260002],[89.68623698,23.93298626],[89.67187154,23.94392955],[89.66608834,23.91393185],[89.69102561,23.87363434]],[[89.67270887,23.94521713],[89.67890668,23.94792068],[89.67355394,23.95049572],[89.67270887,23.94521713]],[[89.66200352,23.94985187],[89.66341197,23.95332813],[89.66144001,23.95384312],[89.66200352,23.94985187]],[[89.67383575,23.95706165],[89.68454134,23.95049572],[89.67524445,23.95989406],[89.67383575,23.95706165]],[[89.68566823,23.9543581],[89.68299174,23.95783424],[89.68411875,23.95513046],[89.68566823,23.9543581]],[[89.68918955,23.94856453],[89.68623161,23.94663334],[89.69524658,23.94315708],[89.68918955,23.94856453]],[[89.70144463,23.93671978],[89.68454134,23.93723476],[89.70074034,23.93491745],[89.70144463,23.93671978]],[[89.69876826,23.93079746],[89.69904995,23.93388736],[89.69665527,23.93375874],[89.69876826,23.93079746]],[[89.66976571,24.0001595],[89.68657446,24.01686418],[89.686046,24.04592872],[89.66542792,24.02420282],[89.66680574,23.987993],[89.66976571,24.0001595]],[[89.67578936,24.0574193],[89.66193891,24.04621828],[89.65675807,24.02671325],[89.66785967,24.03704524],[89.67578936,24.0574193]],[[89.65844977,24.03366566],[89.65622938,24.03550017],[89.65675807,24.03327942],[89.65844977,24.03366566]],[[89.65823841,24.04110074],[89.65633523,24.04573548],[89.65633523,24.03868675],[89.65823841,24.04110074]],[[89.66172743,24.04892194],[89.65982425,24.06215072],[89.65918994,24.04814947],[89.66172743,24.04892194]],[[89.67166865,23.99986982],[89.67441726,24.0001595],[89.67410004,24.00180101],[89.67166865,23.99986982]],[[89.69970775,24.11139595],[89.69477165,24.10801637],[89.69459546,24.10640705],[89.69970775,24.11139595]],[[89.69993913,24.12330496],[89.72697353,24.15941834],[89.72205806,24.17582274],[89.69230735,24.13782108],[89.69993913,24.12330496]],[[89.70524251,24.16885972],[89.70343161,24.16992176],[89.70317292,24.16838765],[89.70524251,24.16885972]],[[89.70250905,24.19871795],[89.70923746,24.18148744],[89.7199769,24.21854484],[89.70250905,24.19871795]],[[89.72403908,24.21640456],[89.72880483,24.24022245],[89.73718882,24.25937355],[89.73260152,24.29453731],[89.70524132,24.2482692],[89.72403908,24.21640456]],[[89.74319255,24.29172087],[89.74751794,24.29099667],[89.74345732,24.29711223],[89.74319255,24.29172087]],[[89.75254035,24.29167271],[89.76342487,24.26914215],[89.76554382,24.30750835],[89.74660635,24.30390346],[89.75254035,24.29167271]],[[89.77920866,24.30781424],[89.77144051,24.26082194],[89.79624581,24.27892685],[89.77920866,24.30781424]],[[89.79958987,24.30132866],[89.8012855,24.30351734],[89.80015504,24.30377483],[89.79958987,24.30132866]],[[89.78282797,24.26275313],[89.78688872,24.26074135],[89.78724182,24.26315534],[89.78282797,24.26275313]],[[89.76322496,24.26098275],[89.75898945,24.26009774],[89.75943065,24.2547065],[89.75625396,24.25164866],[89.75969541,24.25132692],[89.76322496,24.26098275]],[[89.77550125,24.25881016],[89.77691364,24.25728142],[89.77779627,24.25905156],[89.77550125,24.25881016]],[[89.78634465,24.25607443],[89.77099037,24.25132692],[89.76490176,24.24352157],[89.78634465,24.25607443]],[[89.74540007,24.25414324],[89.73172247,24.2413491],[89.73181081,24.2210716],[89.74742973,24.23563588],[89.74540007,24.25414324]],[[89.75007701,24.24191225],[89.75087106,24.2406249],[89.75104773,24.24215364],[89.75007701,24.24191225]],[[89.73048723,24.23869371],[89.72951651,24.23990071],[89.72960484,24.23756707],[89.73048723,24.23869371]],[[89.75590086,24.25663757],[89.7578423,24.25526965],[89.75713634,24.25728142],[89.75590086,24.25663757]],[[89.76410747,24.25100505],[89.76737237,24.25655723],[89.76393104,24.25406265],[89.76410747,24.25100505]],[[89.75731277,24.24416542],[89.75934243,24.24931514],[89.75545967,24.24875188],[89.75731277,24.24416542]],[[89.76464331,24.26524746],[89.76296616,24.26524746],[89.76270115,24.26436245],[89.76464331,24.26524746]],[[89.76773286,24.27104115],[89.76455498,24.27554715],[89.76561427,24.26733971],[89.76773286,24.27104115]],[[89.76561427,24.28109944],[89.76446664,24.28061664],[89.76455498,24.27683473],[89.76561427,24.28109944]],[[89.74866545,24.2685467],[89.74645865,24.2678225],[89.74901855,24.26484525],[89.74866545,24.2685467]],[[89.7437222,24.28069711],[89.74919522,24.27570808],[89.75043094,24.28753674],[89.7437222,24.28069711]],[[89.74504626,24.28665161],[89.74222136,24.28415716],[89.74381041,24.28447902],[89.74504626,24.28665161]],[[89.75801814,24.21205401],[89.76112354,24.21169984],[89.75711226,24.21394217],[89.75801814,24.21205401]],[[89.72386897,24.14773464],[89.72658527,24.15174723],[89.72555065,24.15292728],[89.72386897,24.14773464]],[[89.76798117,24.20202255],[89.7703104,24.20320272],[89.76578164,24.20627105],[89.76798117,24.20202255]],[[89.77211678,24.16543722],[89.77496254,24.16260481],[89.77457452,24.16744351],[89.77211678,24.16543722]],[[89.77418637,24.15871024],[89.7748332,24.15788412],[89.7748332,24.16012645],[89.77418637,24.15871024]],[[89.758147,24.13392663],[89.77185822,24.14643645],[89.77030587,24.15162921],[89.76513195,24.14879668],[89.758147,24.13392663]],[[89.76699781,24.13661945],[89.77075934,24.13988113],[89.76643348,24.13816452],[89.76699781,24.13661945]],[[89.77331591,24.12909865],[89.7562772,24.11722183],[89.76586926,24.09147263],[89.77331591,24.12909865]],[[89.77613687,24.11847711],[89.77719486,24.12056923],[89.77648962,24.12161517],[89.77613687,24.11847711]],[[89.77358043,24.11147654],[89.77675402,24.11099374],[89.77569616,24.11614347],[89.77358043,24.11147654]],[[89.74723554,24.08666611],[89.73473167,24.08328652],[89.73399127,24.08133376],[89.74723554,24.08666611]],[[89.75819981,24.08855426],[89.72568035,24.05284631],[89.74159217,24.00032043],[89.76811671,24.07310486],[89.75819981,24.08855426]],[[89.73172367,24.06842697],[89.72210145,24.06128156],[89.72358191,24.0523982],[89.73172367,24.06842697]],[[89.73943234,23.99253118],[89.74196947,23.99079323],[89.74397814,23.99542797],[89.73943234,23.99253118]],[[89.76257133,23.93375874],[89.77059913,23.91921043],[89.76299393,23.93774974],[89.76257133,23.93375874]],[[89.76750076,23.91818035],[89.755952,23.92951012],[89.76693726,23.91200066],[89.76750076,23.91818035]],[[89.75862777,23.87414932],[89.76243055,23.87221813],[89.76116288,23.87646675],[89.75862777,23.87414932]],[[89.80573595,24.32591915],[89.79466844,24.35531604],[89.79737628,24.30918205],[89.80573595,24.32591915]],[[89.77371025,24.32763565],[89.77453446,24.33407295],[89.76028776,24.32141304],[89.77371025,24.32763565]],[[89.79254901,24.36282635],[89.79784727,24.36379194],[89.79772973,24.36797607],[89.79254901,24.36282635]],[[89.80267465,24.35542345],[89.80396986,24.35488701],[89.80279255,24.35606706],[89.80267465,24.35542345]],[[89.80514741,24.33922291],[89.80761993,24.33729172],[89.80644238,24.34072495],[89.80514741,24.33922291]],[[89.52069294,23.81705046],[89.51398301,23.82247925],[89.51359594,23.82059085],[89.52069294,23.81705046]],[[89.51166034,23.82649183],[89.50636983,23.82601964],[89.51398301,23.82448554],[89.51166034,23.82649183]],[[89.50146651,23.82672775],[89.49888575,23.82708192],[89.50146651,23.82590175],[89.50146651,23.82672775]],[[89.47746563,23.84938705],[89.47514296,23.84915113],[89.4778527,23.84808886],[89.47746563,23.84938705]],[[89.47269118,23.85410786],[89.47088468,23.85387182],[89.47320735,23.8530457],[89.47269118,23.85410786]],[[89.44030297,23.87735724],[89.43733525,23.87617695],[89.44275475,23.87452483],[89.44030297,23.87735724]],[[89.29652166,23.92976761],[89.27528715,23.92957437],[89.30233204,23.92513275],[89.29652166,23.92976761]],[[89.19322205,23.93217075],[89.25332606,23.93538952],[89.25627112,23.93894064],[89.16457892,23.94955146],[89.19322205,23.93217075]],[[89.25827825,23.93459547],[89.27222335,23.93092632],[89.27560413,23.93594742],[89.26947665,23.94116163],[89.25827825,23.93459547]],[[90.25160635,23.1261152],[90.24638891,23.12472224],[90.24638891,23.12388885],[90.25160635,23.1261152]],[[90.242383,23.11885476],[90.23851585,23.12230217],[90.23891902,23.11986816],[90.242383,23.11885476]],[[89.79200316,22.97760487],[89.79019284,22.97894156],[89.78832781,22.97565317],[89.79200316,22.97760487]],[[89.68359387,23.09252656],[89.68283582,23.09412086],[89.68152046,23.09184515],[89.68359387,23.09252656]],[[89.28011286,22.62964737],[89.27138352,22.62919247],[89.2717936,22.62756085],[89.28011286,22.62964737]],[[89.2879554,22.63704824],[89.28350866,22.63574874],[89.28345585,22.63538206],[89.2879554,22.63704824]],[[88.93339551,22.55780995],[88.93581545,22.56115723],[88.93617392,22.56228626],[88.9300338,22.56307673],[88.93339551,22.55780995]],[[92.32741654,20.58965254],[92.33214808,20.60064375],[92.32409537,20.63675106],[92.31442106,20.6278311],[92.32741654,20.58965254]],[[92.33922255,20.5820297],[92.33333325,20.57638884],[92.33815205,20.57555234],[92.33922255,20.5820297]]]}},{"type":"Feature","properties":{"mrgid":8482,"name":"Myanma Exclusive Economic Zone","territory":"Myanmar","sovereign":"Myanmar","pol_type":"200NM","is_india":false},"geometry":{"type":"Polygon","coordinates":[[[98.77279053,10.42385884],[98.76804216,10.40714448],[98.75385396,10.3903786],[98.74240779,10.32303236],[98.70019708,10.21283146],[98.67731689,10.17795554],[98.65436162,10.16691479],[98.65189422,10.11819266],[98.56664489,9.94280348],[98.52812295,9.92149381],[98.50185892,9.93457605],[98.49342042,9.95265538],[98.37652005,9.9527346],[98.35067787,9.92687641],[98.27216589,9.73221234],[98.24029661,9.60545379],[98.11589877,9.42939011],[98.04937084,9.48008881],[97.85333333,9.58166667],[97.72472222,9.60055556],[97.44333333,9.67638889],[96.49305556,9.75833333],[95.59027778,9.63333333],[95.26722222,10.31166667],[95.26611111,10.46666667],[95.36666667,10.74805556],[95.43333333,11.72138889],[95.5,12.32861111],[95.68333333,12.90194444],[95.03333333,13.8],[93.83333333,13.8],[93.68305556,13.57166667],[93.13472222,13.81972222],[90.22874354,15.71683539],[90.31378304,15.99222792],[90.42252937,16.25803102],[90.55815441,16.52005266],[90.71341988,16.7638817],[90.53975013,16.98681293],[90.38994247,17.21530797],[90.26267749,17.44796998],[90.14458253,17.71081651],[91.84216667,20.05888889],[92.00211111,20.21841667],[92.16406386,20.44419507],[92.27168009,20.3759241],[92.40252778,20.37947222],[92.42944444,20.55494444],[92.34138889,20.67916667],[92.36866667,20.70438889],[92.34572971,20.79676594],[92.30708773,20.8931418],[92.27391767,20.93306915],[92.25362548,21.03448513],[92.25664905,21.04900319],[92.2649461,21.06290329],[92.25625713,21.07995582],[92.23665519,21.09326328],[92.21923733,21.11975336],[92.22281384,21.13242865],[92.25997162,21.07797444],[92.27104092,21.04498196],[92.30986905,21.0730257],[92.28460515,21.04383516],[92.274845,21.04239523],[92.25985014,21.04940355],[92.26579726,21.03492534],[92.27073264,21.00152266],[92.29243696,21.00498736],[92.27105665,20.99710846],[92.27505267,20.95537424],[92.30212212,20.93071461],[92.31276512,20.91107345],[92.34006918,20.91796875],[92.31208444,20.90570772],[92.33332145,20.85806108],[92.35455644,20.86880708],[92.36736536,20.86199451],[92.33633924,20.85244203],[92.39923751,20.70941603],[92.38612461,20.70214343],[92.4609375,20.66043532],[92.51407766,20.60726154],[92.52730632,20.55291855],[92.61530137,20.46726966],[92.72671998,20.26622474],[92.74698424,20.27129531],[92.73114896,20.31738925],[92.73169172,20.37879765],[92.74820066,20.41280675],[92.72293103,20.49269116],[92.7329185,20.55742645],[92.70079911,20.56626272],[92.72018647,20.56489885],[92.69566345,20.58660996],[92.69311297,20.59489346],[92.69488466,20.60923445],[92.65461826,20.66161752],[92.63721037,20.69993806],[92.60823464,20.68283021],[92.60086834,20.68557143],[92.58937871,20.69880092],[92.57903361,20.72254038],[92.59603786,20.7337116],[92.58395445,20.73250473],[92.5801599,20.73479354],[92.58056271,20.74093235],[92.58925164,20.75165784],[92.57372594,20.75755203],[92.54829896,20.81490886],[92.55497766,20.84965205],[92.5494709,20.81623757],[92.56387496,20.79015064],[92.57899415,20.79712415],[92.59249485,20.79427147],[92.569579,20.78280544],[92.59101021,20.75119114],[92.58101118,20.73595345],[92.59676182,20.73636174],[92.59449101,20.72736704],[92.58109987,20.72242105],[92.59677422,20.69458497],[92.60912347,20.68486536],[92.63688695,20.70230675],[92.6422832,20.72922993],[92.63855875,20.70304763],[92.66201293,20.67345333],[92.68814385,20.62392724],[92.71148443,20.60945725],[92.72836757,20.58175921],[92.74960566,20.59294915],[92.72794175,20.60891247],[92.72582507,20.62110484],[92.7502166,20.60183406],[92.75134063,20.58974755],[92.74757743,20.58310175],[92.72791135,20.57879305],[92.75191295,20.47958815],[92.76786888,20.47791755],[92.76872075,20.49335003],[92.79672122,20.51223481],[92.7680155,20.47638595],[92.75230873,20.47666466],[92.75929046,20.44757593],[92.78666162,20.44478476],[92.79116666,20.44792748],[92.77833092,20.45547044],[92.77699804,20.46552634],[92.78166175,20.47008955],[92.79259253,20.47263634],[92.80030143,20.48201501],[92.79472625,20.47212362],[92.77770257,20.46324301],[92.79284573,20.44614756],[92.77603388,20.44224334],[92.75868452,20.44467747],[92.77278304,20.29025423],[92.82789981,20.28857636],[92.86599731,20.31834984],[92.83041835,20.38657916],[92.84075177,20.40605223],[92.86303461,20.40832937],[92.83995402,20.41653943],[92.87111354,20.41179311],[92.86022258,20.40432632],[92.84311748,20.40471697],[92.83968782,20.39893198],[92.91686964,20.382869],[92.90305805,20.42382026],[92.93142211,20.43336296],[92.90750015,20.45630372],[92.88917196,20.49381602],[92.90107358,20.48376095],[92.93298507,20.43452597],[92.92789602,20.42835927],[92.90585303,20.42256606],[92.92228103,20.39370847],[92.93017721,20.39527285],[92.94432747,20.38716376],[92.94818676,20.34378684],[92.92377973,20.32715726],[92.92865574,20.31253767],[92.88986015,20.29918492],[92.86376965,20.30072534],[92.81011271,20.2660104],[92.82897568,20.26168931],[92.84130323,20.25274467],[92.79293251,20.26183093],[92.76121378,20.20155895],[92.84390354,20.13559866],[92.89724541,20.11360764],[92.92257071,20.19123864],[92.89801514,20.21484375],[92.91667211,20.21885335],[92.91561568,20.22862804],[92.92338502,20.23585558],[92.91885746,20.24475205],[92.92455375,20.23625672],[92.9159075,20.19959044],[92.93906712,20.20787251],[92.94738734,20.23786771],[92.95392203,20.22803557],[92.97301543,20.24679315],[93.01321948,20.30869734],[93.02190697,20.43319654],[93.00994062,20.46276546],[93.01385903,20.46869826],[93.01846147,20.47056901],[93.04257631,20.47061551],[93.03286123,20.49680233],[93.04260814,20.51464844],[93.06136215,20.52859926],[93.01949131,20.53716135],[93.0001986,20.56904125],[93.02100944,20.53756952],[93.03779745,20.54490185],[93.06277442,20.52821112],[93.03492153,20.49762595],[93.04478252,20.47618365],[93.04251397,20.46887374],[93.01245916,20.46468127],[93.02453482,20.43340385],[93.05210257,20.47697878],[93.08093882,20.56640625],[93.07809997,20.58307374],[93.03195524,20.60160732],[93.00352848,20.64516485],[93.01268017,20.70548582],[92.96252882,20.72174096],[92.95762503,20.72701061],[92.98580062,20.81407976],[92.96659982,20.87127662],[93.00160396,20.88091934],[93.00670993,20.90457594],[92.98610878,20.98061824],[92.99860168,20.99822414],[92.97459435,21.01581597],[92.98423314,21.04213226],[92.96486521,21.06124425],[92.97549331,21.07825613],[92.95576525,21.09834754],[92.95423186,21.10449481],[92.96071672,21.10952044],[92.97781158,21.0775789],[92.96689546,21.06206775],[92.98654687,21.04371846],[92.97788191,21.01438355],[93.00243676,20.99565434],[92.98876154,20.9786545],[93.01237786,20.90243745],[93.00429404,20.87981665],[92.96870291,20.86758614],[92.99066031,20.81324351],[92.96085978,20.72696447],[93.01357436,20.70914614],[93.00463605,20.64724922],[93.04464245,20.59783387],[93.05910742,20.59277523],[93.06131601,20.60310602],[93.07247877,20.60906637],[93.09709895,20.60532355],[93.10120726,20.61761475],[93.09807777,20.60447657],[93.06075394,20.59746754],[93.08487535,20.57802403],[93.08680022,20.53277504],[93.10183454,20.5313971],[93.08311665,20.51939094],[93.09650564,20.50954235],[93.09408581,20.49287641],[93.11335504,20.49517524],[93.12722385,20.48854578],[93.13131738,20.53390062],[93.14120042,20.53789151],[93.13129866,20.51447093],[93.14883065,20.50939524],[93.13385785,20.51023245],[93.12576914,20.48057294],[93.17042828,20.50850451],[93.13281298,20.47738326],[93.10156476,20.48842072],[93.11461723,20.42176545],[93.10848272,20.41552293],[93.07776666,20.41033983],[93.09022057,20.38430154],[93.11835814,20.38391483],[93.14702034,20.40778768],[93.13945556,20.40854537],[93.13549781,20.41107523],[93.13403177,20.42476714],[93.13811314,20.43471527],[93.13557303,20.44015086],[93.13950026,20.44653547],[93.13822198,20.41007245],[93.14612186,20.41067112],[93.16710985,20.40232325],[93.15873742,20.42398691],[93.15962827,20.42949736],[93.1640625,20.43359375],[93.16966474,20.40375328],[93.16661203,20.40042102],[93.16133463,20.39963806],[93.14628995,20.40549207],[93.12267292,20.38212907],[93.14492536,20.37494874],[93.15059912,20.36616945],[93.09282804,20.37915576],[93.03677344,20.33297026],[93.02882016,20.28303695],[93.07656491,20.30292904],[93.0159657,20.27214325],[92.99217224,20.13996327],[93.01726961,20.13611603],[93.12867916,20.22398555],[93.11905491,20.25242496],[93.12769926,20.27211475],[93.11619127,20.29382992],[93.11869574,20.30741143],[93.12494373,20.31337511],[93.16302144,20.33314717],[93.18619823,20.33153021],[93.20347154,20.32372582],[93.22800756,20.41111827],[93.25731075,20.44832683],[93.26568222,20.45268345],[93.25846064,20.46358716],[93.25845921,20.46861041],[93.27158845,20.48671055],[93.28227067,20.48579943],[93.28857291,20.48272812],[93.25501382,20.53414166],[93.24480271,20.56640625],[93.25228262,20.58939648],[93.25936627,20.59616602],[93.24142945,20.61636817],[93.24807334,20.65608442],[93.21953094,20.68029714],[93.20882952,20.69466555],[93.21001387,20.70359337],[93.21459341,20.70656276],[93.25150025,20.70566344],[93.24568772,20.73038757],[93.27008152,20.74134958],[93.24822867,20.73121274],[93.25484812,20.7088021],[93.24781513,20.70122886],[93.21067715,20.69938946],[93.21623254,20.68680251],[93.24469912,20.66980767],[93.25141954,20.66174448],[93.26171875,20.59678495],[93.25854695,20.53326285],[93.28307641,20.51130748],[93.32546032,20.40991533],[93.33336687,20.43672383],[93.32636416,20.39356506],[93.29022455,20.34075582],[93.32474065,20.33374286],[93.34089327,20.30691922],[93.33777022,20.28475916],[93.36063182,20.28049266],[93.38976777,20.22353935],[93.41193604,20.16815424],[93.41946661,20.11797702],[93.43750155,20.10476947],[93.46957004,20.04397655],[93.48024332,20.00651932],[93.47090733,19.98876405],[93.47832262,19.97529435],[93.48186743,19.96495247],[93.52233565,20.01147854],[93.51841962,19.99838007],[93.52844298,19.99727416],[93.54051495,19.99103057],[93.50479615,19.98074782],[93.50946546,19.96166706],[93.55151141,19.96147525],[93.51121545,19.95438933],[93.52522731,19.92357862],[93.58007884,19.97847867],[93.58888245,19.98085046],[93.53670704,19.92452514],[93.57396877,19.92274177],[93.58259463,19.93890154],[93.60510385,19.94959796],[93.60180736,19.95310056],[93.61539054,19.94843364],[93.62410986,19.93930256],[93.60447991,19.94751513],[93.57370555,19.92062116],[93.54295063,19.91220593],[93.54331291,19.89402938],[93.56197643,19.88762772],[93.59023833,19.91152215],[93.61100674,19.91210926],[93.61007881,19.92710948],[93.63086295,19.92406881],[93.63432765,19.92180872],[93.63532364,19.91636813],[93.65475857,19.91567135],[93.63544846,19.94592822],[93.63436091,19.95267797],[93.63822651,19.96225011],[93.65790081,19.91611505],[93.7024126,19.9120543],[93.69768405,19.94950175],[93.70897961,19.95587885],[93.69682491,19.96644032],[93.71354675,19.97121823],[93.71107447,19.96185052],[93.72445858,19.96327424],[93.73802686,19.94127464],[93.73195934,19.93929935],[93.74692273,19.94040763],[93.71036351,19.91970158],[93.75382924,19.91509438],[93.71718144,19.91594911],[93.71769714,19.89944994],[93.74798036,19.87522197],[93.79505467,19.87053347],[93.78831124,19.88898981],[93.79820216,19.89500451],[93.7868247,19.90562916],[93.78864706,19.94693995],[93.80375385,19.98288441],[93.79547107,19.99259734],[93.81716764,20.01290083],[93.82445037,20.00887787],[93.82194924,19.9846096],[93.81979787,20.01055717],[93.79753494,19.99216092],[93.80480802,19.98325264],[93.78985441,19.90551138],[93.80236065,19.89909375],[93.79012954,19.88694692],[93.79926026,19.87014234],[93.73952246,19.84936035],[93.71467566,19.85518956],[93.69905817,19.83614087],[93.67762244,19.82672977],[93.68754566,19.80328131],[93.63471305,19.75177085],[93.63552976,19.74051344],[93.66161585,19.74305356],[93.66639686,19.75904155],[93.67101896,19.7671473],[93.66510284,19.74473214],[93.65974915,19.74083221],[93.63253891,19.73783755],[93.63215256,19.72110236],[93.69700706,19.71559322],[93.69636965,19.80700982],[93.70375204,19.81163335],[93.72066486,19.81346333],[93.72229302,19.81862354],[93.72269654,19.81237221],[93.69796598,19.80733025],[93.6998986,19.78736591],[93.71231878,19.77991426],[93.72430158,19.7888602],[93.74356747,19.78939033],[93.7142086,19.77850616],[93.69974875,19.78413391],[93.71458185,19.75762904],[93.77485061,19.76286411],[93.77782845,19.80687296],[93.79329944,19.83129025],[93.78481936,19.84937215],[93.79833877,19.83213651],[93.7842437,19.81225145],[93.78870523,19.76601076],[93.71773851,19.74331915],[93.72069681,19.71373236],[93.73780382,19.72595525],[93.74751914,19.71739602],[93.73885167,19.72473967],[93.72740126,19.70974636],[93.71364224,19.71313286],[93.70655525,19.69741392],[93.73209667,19.6716696],[93.76480687,19.67887974],[93.81290996,19.71052206],[93.80731583,19.73565376],[93.81141758,19.74525571],[93.81720066,19.71350443],[93.80133677,19.69062126],[93.83560181,19.68026412],[93.83308113,19.66527677],[93.79158962,19.68563235],[93.78495014,19.67427826],[93.81875694,19.64165843],[93.83832324,19.65061665],[93.85524523,19.64441562],[93.85866904,19.63397753],[93.87121618,19.64545906],[93.85801661,19.63258874],[93.84178877,19.64715087],[93.84344041,19.63764572],[93.83932972,19.62560642],[93.85522211,19.63216805],[93.87358058,19.62380755],[93.85444534,19.63096642],[93.84399056,19.61888361],[93.83774972,19.62538147],[93.83742511,19.64790428],[93.81839001,19.63882017],[93.77206194,19.66448057],[93.76655221,19.64264226],[93.76113701,19.66010296],[93.72103405,19.62042415],[93.76457036,19.59386682],[93.79065347,19.60816681],[93.82267058,19.60584676],[93.84757352,19.59533906],[93.84758353,19.60676706],[93.85572088,19.6081382],[93.84989631,19.61454451],[93.85472894,19.6149739],[93.86006868,19.58551133],[93.84061503,19.59249151],[93.85561526,19.57072544],[93.85509956,19.56709194],[93.84944415,19.56206405],[93.84199452,19.58770645],[93.82240105,19.58538735],[93.81927836,19.58752406],[93.81537175,19.59902215],[93.78595626,19.60358703],[93.77415025,19.58891368],[93.91109633,19.48667991],[93.94169462,19.52222776],[93.93027425,19.55345631],[93.93722975,19.56853712],[93.95060801,19.57910156],[93.94676125,19.60508895],[93.96582341,19.62190115],[93.97132277,19.61902344],[93.97534156,19.61076236],[93.97978795,19.61914063],[93.99164808,19.61241484],[93.97540677,19.60851121],[93.96630752,19.62023675],[93.9487673,19.60394716],[93.95247686,19.58094954],[93.93202686,19.55420744],[93.94583333,19.51814544],[93.90329194,19.46694422],[93.9554702,19.44617975],[93.97147775,19.46172845],[93.99133503,19.45912147],[93.99814165,19.46947098],[93.99175203,19.48456872],[93.99609315,19.49287164],[93.98378682,19.49440122],[93.98198843,19.50148892],[93.98441005,19.50611484],[93.99691164,19.49353611],[94.00039816,19.47396207],[93.99124122,19.45495248],[94.00491917,19.45021653],[94.01768172,19.42919076],[94.02826905,19.4599961],[94.03418076,19.45435965],[94.04594684,19.46679223],[94.05924964,19.47090316],[94.03431821,19.44818842],[94.04463661,19.43139195],[94.03272104,19.44516885],[94.02441001,19.42948067],[94.01451266,19.42732334],[93.98958838,19.44900191],[93.97827518,19.41297662],[94.01167786,19.42425823],[93.98849964,19.39940751],[94.02257121,19.37550211],[94.02786815,19.40006232],[94.06268442,19.42375517],[94.07746196,19.42682457],[94.08285463,19.42564583],[94.06177545,19.42201447],[94.04885721,19.38598216],[94.06812847,19.3922286],[94.0954107,19.38586664],[94.07095492,19.37818134],[94.08656955,19.3613013],[94.11564386,19.35875225],[94.12374794,19.34964526],[94.13447463,19.34883511],[94.14475906,19.34124696],[94.14946377,19.34858465],[94.17016077,19.32981372],[94.16989875,19.32542825],[94.16005838,19.31877244],[94.1675086,19.31997955],[94.17110693,19.31775475],[94.17109442,19.31199145],[94.16224456,19.30854726],[94.16636133,19.30269766],[94.16349244,19.28956676],[94.16133225,19.30836332],[94.16911757,19.31738281],[94.15882266,19.31822038],[94.16910601,19.32899368],[94.14918411,19.34677994],[94.14471686,19.33981371],[94.12195921,19.34906137],[94.11421823,19.35795081],[94.08610487,19.35966885],[94.07376587,19.36799443],[94.04624856,19.32884395],[94.04063714,19.28750706],[94.06036878,19.30759871],[94.03772783,19.28038835],[94.05202615,19.23760486],[94.07568276,19.23665357],[94.07350612,19.24522161],[94.05756211,19.25229096],[94.0528661,19.26078308],[94.07768404,19.3031857],[94.08898997,19.28600895],[94.05516851,19.25873625],[94.07444215,19.24711335],[94.07766271,19.23449421],[94.08119702,19.23608112],[94.07679546,19.24651253],[94.07800853,19.24996412],[94.08074045,19.25073922],[94.0973016,19.23638284],[94.07925046,19.24969971],[94.08252466,19.23867774],[94.08135295,19.23428714],[94.05010474,19.23069716],[94.03572977,19.12124598],[94.05754864,19.12505126],[94.06952572,19.16284478],[94.05508983,19.20080435],[94.05511236,19.20739615],[94.05786586,19.21145225],[94.06063056,19.21059287],[94.06519985,19.20180583],[94.06974101,19.2136203],[94.07607353,19.20785046],[94.06940174,19.20064425],[94.06408036,19.20152521],[94.05899406,19.21048665],[94.05629694,19.20655274],[94.07189012,19.16682196],[94.06066787,19.12604392],[94.091313,19.15073442],[94.08651066,19.19126046],[94.09242737,19.19826865],[94.09783375,19.20016682],[94.09056246,19.20524395],[94.09034705,19.20714521],[94.09358335,19.2089231],[94.10116243,19.2055124],[94.09721458,19.20762396],[94.09469378,19.21184754],[94.10602081,19.22222352],[94.11966085,19.22331321],[94.12258732,19.22991073],[94.12794673,19.22816813],[94.12956142,19.22340834],[94.12314451,19.22870874],[94.11878765,19.22064114],[94.09569705,19.21169066],[94.10190451,19.20641017],[94.10140955,19.20474005],[94.09176958,19.20696032],[94.09892416,19.19980705],[94.08791625,19.19105244],[94.09258807,19.18544102],[94.09775066,19.19056034],[94.10143244,19.18741143],[94.09529066,19.15136373],[94.11581433,19.15175605],[94.1265707,19.1488111],[94.13480794,19.17960525],[94.13596225,19.16451168],[94.12654912,19.14770401],[94.09337854,19.14919353],[94.03426647,19.107216],[94.02705061,19.08041215],[94.08513737,19.08459914],[94.09281206,19.10338354],[94.11215818,19.11167896],[94.11456525,19.12443078],[94.12233102,19.12377524],[94.12970614,19.11384714],[94.14844847,19.12678754],[94.13065875,19.11278462],[94.1155864,19.12386811],[94.11226261,19.11020148],[94.09627771,19.10456371],[94.10448468,19.1029762],[94.11650181,19.08903623],[94.14212227,19.08930647],[94.11528563,19.08820081],[94.09520614,19.10319924],[94.08983064,19.08438265],[94.12206388,19.08537221],[94.13874054,19.05912793],[94.13935554,19.04959226],[94.11881816,19.0830667],[94.07351112,19.07690001],[94.09003794,19.07308996],[94.06894481,19.07393956],[94.04814982,19.04592395],[94.07351315,19.04865754],[94.08928704,19.04046822],[94.09733248,19.05103183],[94.10221267,19.05375195],[94.11986184,19.03341603],[94.14039206,18.98228395],[94.15627623,18.984375],[94.14607191,18.97443032],[94.11041784,19.01018405],[94.12187207,18.98914492],[94.10666847,18.94097495],[94.12289774,18.92442012],[94.11831296,18.91322506],[94.10654664,18.90752256],[94.12983251,18.9092617],[94.12123835,18.90277147],[94.1346966,18.89757085],[94.13277483,18.87988424],[94.11345518,18.85452795],[94.16322505,18.89953434],[94.17865968,18.8811717],[94.14989781,18.88660777],[94.14661145,18.86129165],[94.15381932,18.85932386],[94.15889204,18.85460615],[94.14627636,18.85704052],[94.14424276,18.83135033],[94.17757225,18.84683526],[94.16881907,18.83546114],[94.15332627,18.82648385],[94.14034796,18.82682395],[94.13918698,18.82241726],[94.18091214,18.7808727],[94.19318402,18.80558872],[94.21100426,18.80707884],[94.18514693,18.78816235],[94.19929647,18.75124896],[94.20935035,18.7794013],[94.23145068,18.79260647],[94.22273195,18.78197646],[94.23240924,18.78390133],[94.23609805,18.78017497],[94.21005452,18.77531242],[94.20882964,18.73316514],[94.23953783,18.7369827],[94.2463361,18.75439835],[94.23809695,18.76016581],[94.23992026,18.76380205],[94.25505877,18.76475215],[94.23972654,18.76164055],[94.24568737,18.75837338],[94.24888062,18.7497586],[94.27242362,18.76192701],[94.24345195,18.73561621],[94.27365541,18.73796046],[94.29124796,18.71448863],[94.2597537,18.73603451],[94.23867583,18.72851014],[94.24754477,18.70058668],[94.23597455,18.72837591],[94.16118705,18.72893345],[94.18321145,18.71843946],[94.20766854,18.70113707],[94.23946476,18.67295277],[94.24211001,18.66657162],[94.24040282,18.66103184],[94.23731041,18.65875947],[94.24227417,18.65671086],[94.24228454,18.64294112],[94.23476923,18.6416223],[94.24588072,18.60867894],[94.26943982,18.62599993],[94.27750683,18.61681676],[94.30045116,18.62044406],[94.30992115,18.61520314],[94.27339852,18.60135674],[94.24162376,18.60621572],[94.24776697,18.54441762],[94.26860857,18.56720424],[94.29186845,18.5722419],[94.30838525,18.57223546],[94.26662505,18.56359625],[94.34038126,18.52724147],[94.35681987,18.49731183],[94.35821474,18.47659063],[94.34278965,18.52186286],[94.27029991,18.55437624],[94.25708473,18.54484344],[94.27548015,18.53127265],[94.27056015,18.5062325],[94.27198231,18.53070772],[94.2427057,18.53027427],[94.31824505,18.44085646],[94.33563852,18.36415708],[94.37798035,18.37032032],[94.39735472,18.34922516],[94.38993228,18.33359325],[94.40447414,18.31485164],[94.3826797,18.30148745],[94.38071775,18.28072667],[94.34506643,18.31610203],[94.34764552,18.29606915],[94.32416976,18.31052661],[94.31747055,18.24879503],[94.41025436,18.24662185],[94.43187487,18.2027812],[94.41200328,18.20006597],[94.4361819,18.17134535],[94.45107508,18.20721138],[94.45770073,18.21398866],[94.46115053,18.21288133],[94.44509077,18.16181874],[94.4591608,18.14922595],[94.44242692,18.16362786],[94.4329226,18.13896525],[94.45730531,18.13181007],[94.44449735,18.13316762],[94.48114455,18.0516932],[94.47206235,18.01128233],[94.48844767,17.99711394],[94.49394023,17.97275341],[94.49184668,17.93915415],[94.50507247,17.93470967],[94.51283157,17.92852771],[94.49059391,17.93938315],[94.48077881,18.00351286],[94.46882904,17.99320877],[94.46716917,18.0088402],[94.45478332,17.98764443],[94.42900681,17.99990833],[94.48517072,17.89470041],[94.47864926,17.78939033],[94.54311562,17.73445833],[94.52763844,17.70697165],[94.55206943,17.6682378],[94.55152225,17.63404846],[94.56428003,17.65085435],[94.57071197,17.63725734],[94.57509577,17.65771317],[94.58334672,17.66295373],[94.58596528,17.66103375],[94.56722796,17.59221697],[94.59312844,17.57709897],[94.58836615,17.56233227],[94.60603774,17.54803813],[94.60947394,17.51102078],[94.60494411,17.50064218],[94.6029489,17.54239035],[94.58351696,17.55484736],[94.55676484,17.59790981],[94.53667712,17.55622196],[94.56146312,17.49998891],[94.55458486,17.42687011],[94.57467151,17.35667014],[94.56300831,17.35586774],[94.5619812,17.33104408],[94.56747973,17.31615424],[94.61085653,17.31527603],[94.62781465,17.29988444],[94.64831662,17.24787295],[94.62867928,17.29740214],[94.60783744,17.30058587],[94.6066426,17.30610526],[94.60966444,17.31231976],[94.57403803,17.29733765],[94.57452488,17.29447043],[94.58197141,17.29003787],[94.58986044,17.27887785],[94.59277594,17.26851976],[94.5669347,17.30177546],[94.56431663,17.31455874],[94.5479418,17.30816817],[94.53514612,17.32552922],[94.53508425,17.2855494],[94.51553047,17.27677143],[94.50085366,17.30785644],[94.4841336,17.26352453],[94.49892127,17.25101125],[94.4944936,17.21666062],[94.5130136,17.21754146],[94.53331912,17.18759096],[94.52030826,17.18614292],[94.51613605,17.16129243],[94.50661421,17.15223241],[94.51302385,17.14935613],[94.51800108,17.13509154],[94.50518918,17.15104377],[94.50937247,17.16148591],[94.50603902,17.17491782],[94.49503887,17.16188598],[94.48292124,17.1822288],[94.47975636,17.17086017],[94.46816456,17.16075623],[94.47835147,17.178128],[94.46428037,17.19449401],[94.44156432,17.18415034],[94.44708323,17.15483904],[94.47918165,17.14106441],[94.48826087,17.11762965],[94.45778131,17.07630372],[94.47243404,17.08139682],[94.48253667,17.07056046],[94.46977901,17.07920206],[94.46190953,17.0578742],[94.46423292,17.07205558],[94.4513185,17.06896245],[94.45314443,16.98142672],[94.43472826,16.95443285],[94.46737814,16.95025671],[94.47782195,16.97723818],[94.48897171,16.9496839],[94.44519532,16.94710505],[94.42946005,16.91975641],[94.43837976,16.90961707],[94.41793251,16.923159],[94.40605748,16.89752376],[94.41526616,16.89698935],[94.42050755,16.89373064],[94.42273056,16.88986886],[94.42290223,16.87835991],[94.38349414,16.91654766],[94.37520277,16.87106311],[94.39118171,16.84640062],[94.4016366,16.79368722],[94.35700274,16.73153496],[94.35092223,16.63061821],[94.36408114,16.62354875],[94.34254146,16.62931347],[94.3183639,16.61009574],[94.34657431,16.57303631],[94.32865143,16.53938317],[94.28655982,16.52655816],[94.29446936,16.51035583],[94.28330863,16.52244425],[94.28445983,16.54448485],[94.25069797,16.53624892],[94.27018905,16.49721134],[94.22709167,16.33641732],[94.24032772,16.27558362],[94.21127892,16.20365381],[94.2233777,16.18406212],[94.20092821,16.14993846],[94.19149375,16.04310596],[94.24021232,15.95540166],[94.27647352,15.99609375],[94.32736325,16.02208865],[94.34392095,16.01971722],[94.36375892,16.05354214],[94.43217611,16.08034253],[94.50816083,16.18522561],[94.54838693,16.20834756],[94.56174207,16.26324105],[94.60229194,16.28525853],[94.60268271,16.33568335],[94.63666582,16.39524996],[94.64307213,16.39934671],[94.65072823,16.39919305],[94.67612875,16.38907433],[94.68102717,16.44580936],[94.66277945,16.53149593],[94.68870652,16.55658126],[94.69315732,16.61792982],[94.69901776,16.62541676],[94.73235846,16.63488817],[94.71123087,16.64865768],[94.709746,16.65984476],[94.7120434,16.69921875],[94.71826804,16.70309556],[94.73332596,16.69942975],[94.73287344,16.72025561],[94.74035287,16.73122311],[94.71510983,16.74094975],[94.71044385,16.76145041],[94.71499026,16.77396882],[94.72769976,16.77890146],[94.72138834,16.79369044],[94.73713291,16.8156569],[94.72738183,16.82933092],[94.72910666,16.96001983],[94.75473726,16.98892856],[94.7740308,16.99733186],[94.77575874,17.02074373],[94.78251696,17.03017366],[94.78914416,17.03418517],[94.79290545,17.03400767],[94.79492176,17.02204227],[94.80761683,17.02687836],[94.82447016,17.02666688],[94.82497466,17.03790426],[94.81404734,17.03298247],[94.80792475,17.03581393],[94.80931294,17.0615108],[94.82345676,17.07614195],[94.84769905,17.08352613],[94.85682857,17.12034154],[94.86431897,17.122141],[94.87412167,17.11334646],[94.8620826,17.13997853],[94.90608215,17.16000974],[94.92172897,17.20479906],[94.91540253,17.16667247],[94.89521694,17.14810061],[94.86501777,17.13876164],[94.87720633,17.11339796],[94.87214935,17.11011612],[94.85851586,17.1186012],[94.85445404,17.08696115],[94.81136096,17.06041038],[94.81157637,17.03579855],[94.82632792,17.04060066],[94.83004892,17.02776217],[94.79523933,17.01960218],[94.78906858,17.03261495],[94.77604854,16.99345684],[94.73124242,16.96024835],[94.74716008,16.93460834],[94.72867894,16.88622212],[94.73946381,16.81667197],[94.73018742,16.77915645],[94.71310782,16.76214063],[94.74332654,16.73005021],[94.73766875,16.69749367],[94.71467793,16.69714844],[94.71443737,16.65338504],[94.73581612,16.63606894],[94.70073307,16.62012792],[94.69816446,16.56176758],[94.67224872,16.52601695],[94.70124435,16.46661711],[94.70961356,16.38929367],[94.68740726,16.34862947],[94.68152237,16.30698097],[94.65587795,16.2546612],[94.68144667,16.19435513],[94.67334175,16.13191032],[94.59011161,15.99330807],[94.55059874,15.96384537],[94.55201471,15.94717026],[94.57777596,15.93363345],[94.68643546,15.99609375],[94.68390214,16.01274288],[94.68957806,16.02756596],[94.72045064,16.07856035],[94.75009263,16.09631717],[94.75006235,16.13593805],[94.77551103,16.15333474],[94.79848325,16.21330857],[94.82995665,16.22221816],[94.83979666,16.24857664],[94.86634934,16.25309861],[94.87741101,16.28632927],[94.94333684,16.33381486],[94.95960724,16.36020315],[94.95565891,16.41454923],[94.97937477,16.46995616],[94.96830285,16.49374592],[95.00576735,16.50505221],[95.0127424,16.52287912],[95.02884495,16.51576614],[95.02231061,16.53493285],[95.02902687,16.55291796],[95.03539693,16.55828476],[95.02927566,16.51424098],[95.01523435,16.52103353],[95.00519502,16.50282848],[94.96976435,16.49312151],[94.98232806,16.47315681],[94.96238494,16.41854727],[94.96309698,16.36185825],[94.9482553,16.33320391],[94.88061965,16.28504813],[94.86846864,16.24886811],[94.84319031,16.24318695],[94.83378613,16.21695554],[94.80220008,16.20881522],[94.78061736,16.14410865],[94.78883016,16.1321671],[94.78981221,16.08891225],[94.80729675,16.10618663],[94.80084252,16.12195826],[94.80258346,16.12565684],[94.82822073,16.12485182],[94.83604264,16.11608398],[94.87146485,16.19447541],[94.90683174,16.21087027],[94.91907156,16.21346283],[94.94360304,16.21363294],[94.98244715,16.24927974],[95.00661004,16.26458216],[95.04121351,16.33027625],[95.00734568,16.35068548],[95.00235331,16.36814415],[95.03583312,16.40305006],[95.03767276,16.45287216],[95.07355273,16.4567734],[95.07189238,16.47546506],[95.05119657,16.47435832],[95.04866564,16.47700584],[95.05149662,16.49347055],[95.08918524,16.52943945],[95.08426893,16.54729354],[95.09277987,16.56238663],[95.12817764,16.58051193],[95.11059666,16.5949316],[95.10962617,16.61335146],[95.14182496,16.64159274],[95.15350294,16.67512774],[95.15129626,16.69345164],[95.1548171,16.70116711],[95.16962445,16.70459437],[95.17806804,16.69044352],[95.18245864,16.74045455],[95.19377518,16.75558031],[95.18403125,16.69546223],[95.1766026,16.68813193],[95.15498877,16.69921875],[95.15607321,16.67837155],[95.14418995,16.64215946],[95.11227751,16.61140716],[95.13250387,16.58331001],[95.11290383,16.56825697],[95.12362492,16.56063271],[95.15567517,16.56493676],[95.15477395,16.58387315],[95.15907681,16.604514],[95.17522895,16.60902357],[95.18660355,16.60747385],[95.19944286,16.62883735],[95.22007322,16.62928855],[95.23411155,16.66524923],[95.26717854,16.70124066],[95.27300048,16.70340395],[95.28547013,16.70255232],[95.30076337,16.68596375],[95.30325305,16.67371273],[95.33655715,16.67448318],[95.31574273,16.70801938],[95.31659496,16.72110057],[95.32723868,16.72936535],[95.31046176,16.74065268],[95.31111205,16.75155878],[95.34998047,16.76978075],[95.36877453,16.77061784],[95.38105714,16.76480675],[95.39000547,16.77657306],[95.40739036,16.78302026],[95.41027415,16.80841363],[95.41896892,16.81745422],[95.47573173,16.80417001],[95.47260964,16.83781445],[95.49721336,16.86288154],[95.55476761,16.87301195],[95.55853665,16.86646926],[95.56737483,16.91974187],[95.53153825,16.94968486],[95.51808965,16.98206735],[95.52745545,17.0236721],[95.54408002,17.03313744],[95.59237635,17.04553485],[95.55019796,17.02243686],[95.54024625,16.95868528],[95.59608185,16.92569053],[95.61986518,16.85139596],[95.66691196,16.83023834],[95.66978562,16.79733205],[95.64774966,16.77235186],[95.66295874,16.74321795],[95.66056573,16.72447026],[95.70755267,16.73155451],[95.71645856,16.72047055],[95.72453761,16.73514366],[95.74457395,16.73126876],[95.78125155,16.68485212],[95.78093672,16.62804186],[95.90307784,16.69112706],[95.93219852,16.72234726],[95.97431076,16.71576774],[96.09647524,16.76370025],[96.11682355,16.76939452],[96.12489414,16.76188016],[96.11384535,16.78175962],[96.1133126,16.81987214],[96.07242668,16.83476925],[96.04122663,16.85763395],[96.03266621,16.85859382],[96.02592444,16.84517503],[96.0171442,16.84532881],[95.98538244,16.86904478],[96.0008924,16.86726415],[96.02243757,16.84647214],[96.03105998,16.85919178],[96.04002714,16.85987997],[96.11204326,16.82596362],[96.08652794,16.87789345],[96.07340431,16.92509675],[95.99074698,17.02973866],[95.95941985,17.01794422],[95.91486835,17.01764667],[95.87412906,17.02880752],[95.88495243,17.00502324],[95.86775065,16.99287355],[95.86389315,17.00220275],[95.84873486,17.00585926],[95.83939707,17.01847065],[95.82644641,17.01765025],[95.82081091,17.02188373],[95.82034326,17.02983964],[95.82415974,17.01943076],[95.84029985,17.01958883],[95.85058105,17.00639868],[95.86479294,17.00359786],[95.87021625,16.99698114],[95.88175011,17.00565267],[95.86877835,17.02993548],[95.96919954,17.02917075],[95.95213675,17.03588402],[95.94630623,17.04095638],[95.93309116,17.07686925],[95.93218505,17.08942306],[95.94935405,17.09535193],[95.93419075,17.10500884],[95.93054545,17.1207267],[95.93414128,17.12828171],[95.95592821,17.12752235],[95.96698904,17.15039635],[95.95614123,17.15562415],[95.95012474,17.17323494],[95.94358921,17.17083144],[95.93900394,17.17220545],[95.90833235,17.19293356],[95.89448714,17.24265766],[95.87255955,17.24574542],[95.86910605,17.24137867],[95.83981776,17.23304272],[95.84012675,17.22282362],[95.83217525,17.21683657],[95.81278372,17.21184993],[95.80439925,17.21429872],[95.80159974,17.19486976],[95.78382325,17.17004335],[95.80424047,17.21581316],[95.83028603,17.21770191],[95.83948183,17.23483396],[95.87135768,17.24731362],[95.89480972,17.24410546],[95.90486324,17.23621488],[95.90973008,17.19331956],[95.93422914,17.18668151],[95.93866515,17.17457604],[95.94978082,17.17492533],[95.96748388,17.15219736],[95.96788335,17.14903975],[95.96026337,17.13060784],[95.95657825,17.12586641],[95.93257833,17.1222043],[95.95139575,17.09500885],[95.93402433,17.08796465],[95.95541644,17.04981744],[95.94865823,17.04136646],[96.00206971,17.03320312],[96.05144203,16.96864045],[96.08718503,16.90378427],[96.11601067,16.82735264],[96.11971426,16.78240216],[96.13394165,16.77267015],[96.19564402,16.76554585],[96.17607844,16.78135705],[96.18647277,16.81008506],[96.20101595,16.81733346],[96.20428145,16.81498325],[96.17791915,16.78177071],[96.19977653,16.77123642],[96.24285865,16.8061769],[96.301566,16.83298516],[96.30484808,16.88013947],[96.36487484,16.93328667],[96.36109614,16.96558547],[96.38104737,16.97997761],[96.40311193,16.98141324],[96.40418172,16.99283731],[96.37986064,16.99679065],[96.37423945,17.00729895],[96.3907392,17.03893483],[96.40311515,17.05253172],[96.40821171,17.05382133],[96.41465044,17.04621816],[96.42259395,17.04976738],[96.41950285,17.06055832],[96.42708385,17.06645191],[96.42224526,17.07636082],[96.42374885,17.08182216],[96.42816544,17.06573343],[96.42313612,17.04842246],[96.41473603,17.04442382],[96.40391791,17.05078125],[96.37727726,17.00342023],[96.40552104,16.99578631],[96.40597367,16.98077083],[96.36360335,16.96362042],[96.37065482,16.93208122],[96.31755304,16.87822533],[96.30956602,16.83052111],[96.21633887,16.76970518],[96.22856951,16.69384062],[96.26406801,16.64801955],[96.26038516,16.60528576],[96.27733743,16.58090246],[96.28088152,16.59985554],[96.33093584,16.63361955],[96.36776864,16.63344562],[96.40846992,16.6136322],[96.41760981,16.62063146],[96.44456482,16.62102747],[96.46642315,16.61357546],[96.45943666,16.62204933],[96.46266425,16.66128862],[96.49581695,16.65502381],[96.46334124,16.66003394],[96.46726572,16.61231387],[96.40573072,16.61159146],[96.33029437,16.63037324],[96.28339195,16.59730375],[96.28650784,16.55957031],[96.41235971,16.47743165],[96.50781202,16.48862481],[96.65251291,16.55363941],[96.7007128,16.62039113],[96.73089314,16.72456336],[96.77510095,16.77867484],[96.75486577,16.85283184],[96.75711071,16.87745607],[96.75637591,16.85835636],[96.76369774,16.83576572],[96.76655781,16.87569737],[96.77797604,16.85258925],[96.78347874,16.88399637],[96.79384816,16.88447917],[96.78367662,16.87252533],[96.80169058,16.88289571],[96.79103124,16.85467601],[96.81315517,16.87705135],[96.80194747,16.89552271],[96.81342566,16.89048016],[96.81753576,16.91352427],[96.80455244,16.9267776],[96.79226816,16.91326964],[96.79231071,16.94491375],[96.82094216,16.91969121],[96.82632506,16.94300127],[96.79182231,16.98957145],[96.80302775,17.00191224],[96.81404936,16.95958126],[96.83914006,16.95195174],[96.83311021,17.00202394],[96.84487033,16.98455441],[96.84680295,17.01637733],[96.85136676,17.01817095],[96.83553207,17.03661704],[96.86006582,17.04749095],[96.82923806,17.06117761],[96.84410155,17.06641185],[96.83970296,17.07391226],[96.83640885,17.08702171],[96.85353065,17.06857634],[96.84996486,17.09559762],[96.87436688,17.04836905],[96.86580515,17.08118904],[96.88617265,17.07915461],[96.85861218,17.11720645],[96.87975204,17.13280737],[96.86074924,17.12996531],[96.86802948,17.14558375],[96.85224974,17.14641833],[96.84376836,17.13543594],[96.83118403,17.13547444],[96.86440802,17.15742671],[96.83609366,17.17337883],[96.83198535,17.18441904],[96.87004113,17.17550921],[96.8731786,17.19152284],[96.85157847,17.21173787],[96.88117993,17.20089614],[96.87060523,17.21775055],[96.89380884,17.22877586],[96.87117934,17.23086584],[96.86763132,17.2399286],[96.97698557,17.24771094],[97.00464976,17.27643013],[96.97847724,17.29852045],[96.92095375,17.28955376],[96.87951183,17.31853533],[96.89441037,17.37931704],[96.86778355,17.4279865],[96.87535751,17.45912385],[96.86632192,17.48458064],[96.87337673,17.52170372],[96.83836782,17.55112696],[96.83736575,17.55867434],[96.84707844,17.58077753],[96.87511373,17.58443212],[96.87465704,17.65093195],[96.90309107,17.67801905],[96.87242484,17.66381288],[96.86517262,17.66631866],[96.88334775,17.69412732],[96.86331642,17.71301734],[96.85978794,17.72253275],[96.8840028,17.75381172],[96.86237872,17.71946836],[96.88544214,17.6945765],[96.86823094,17.66642761],[96.9050045,17.67873085],[96.88260055,17.64984143],[96.88059068,17.57401311],[96.87910044,17.56425345],[96.87041688,17.54248416],[96.88000608,17.49813902],[96.87734091,17.44030762],[96.90112376,17.37514734],[96.88772726,17.32616496],[96.93195808,17.30057681],[96.94318283,17.30597258],[96.92979264,17.32243621],[96.96989632,17.32011664],[97.03172493,17.26799655],[97.0064764,17.21871805],[96.94386935,17.20251632],[96.95460367,17.19561732],[96.94248414,17.19923842],[96.93230724,17.17815983],[96.94568765,17.18002081],[96.95391583,17.17474437],[97.00953472,17.09768713],[96.99585021,17.14592636],[97.00871861,17.14874625],[97.02212501,17.10674477],[97.01553464,17.02648795],[97.03530097,16.9842149],[97.07232821,16.96865904],[97.06794286,16.94852912],[97.08199275,16.94902515],[97.07559156,16.94531035],[97.08052707,16.94453335],[97.07502663,16.94082975],[97.07985234,16.93292105],[97.09827137,16.95406413],[97.09229183,16.98498774],[97.10436714,16.98480368],[97.09942377,17.0054028],[97.07423568,17.02116168],[97.06979215,17.03171611],[97.10234773,17.00934565],[97.11598945,16.98021507],[97.13689315,16.981444],[97.1184535,17.01357222],[97.12109602,17.06914794],[97.14688444,17.13270605],[97.21010804,17.14131296],[97.21519375,17.09482205],[97.23649836,17.11356032],[97.25472534,17.0976392],[97.25921941,17.11121106],[97.27642834,17.11848426],[97.25801301,17.13489425],[97.26151013,17.14494133],[97.27344048,17.15299284],[97.25656593,17.14989793],[97.25159526,17.15272927],[97.23567677,17.20531964],[97.23681867,17.20841432],[97.24876547,17.21349573],[97.24344325,17.22231102],[97.24228692,17.23981643],[97.25153315,17.2529093],[97.24086547,17.29006994],[97.25332046,17.25014651],[97.25074065,17.21333837],[97.23680484,17.20492828],[97.25304067,17.15349424],[97.27482486,17.15358591],[97.26061511,17.13459396],[97.28083575,17.12102163],[97.25395906,17.09266496],[97.23997486,17.10737693],[97.23149252,17.09267223],[97.21154666,17.09399796],[97.20737004,17.13122964],[97.14597595,17.09795451],[97.17274082,17.06649017],[97.17266035,17.03603947],[97.18721128,17.03931141],[97.19137657,17.02681303],[97.17036247,17.00962675],[97.17098391,16.98060882],[97.19420755,16.98228311],[97.16945696,16.97502601],[97.17180681,16.93204308],[97.20461822,16.93702722],[97.18978322,16.92744172],[97.19656765,16.88835394],[97.22648287,16.89024293],[97.23720837,16.85440421],[97.26745617,16.84882915],[97.23671675,16.85094166],[97.22349155,16.87704253],[97.21125472,16.86593175],[97.23287952,16.72724116],[97.27864015,16.65333295],[97.30644035,16.64533842],[97.31892335,16.71087325],[97.34749925,16.71673036],[97.33492458,16.72420537],[97.34038663,16.73912632],[97.34938145,16.71694148],[97.32430434,16.710922],[97.32318056,16.69492483],[97.32576168,16.67006874],[97.3352679,16.66987526],[97.34066248,16.66421676],[97.34263372,16.65739918],[97.34676766,16.65375471],[97.32714677,16.6689285],[97.32361257,16.58992112],[97.34577656,16.56403625],[97.35097134,16.5177325],[97.37226558,16.50000215],[97.43010426,16.53661776],[97.51362967,16.54715395],[97.56829834,16.53763795],[97.58580494,16.52650654],[97.59105015,16.52942944],[97.597404,16.52898836],[97.6146816,16.51978076],[97.60373545,16.58273041],[97.6143316,16.59413803],[97.60901725,16.61610127],[97.61589563,16.63713741],[97.59242678,16.6831758],[97.57533765,16.69863284],[97.57220423,16.70893157],[97.59354293,16.73466468],[97.59361005,16.82877743],[97.60911691,16.84153461],[97.61080503,16.87514055],[97.64481688,16.93878901],[97.59780133,16.99204743],[97.58807397,17.04343045],[97.62091005,17.10946906],[97.64665043,17.1240226],[97.63369346,17.15536892],[97.64641142,17.17954564],[97.63072908,17.21827221],[97.62749171,17.28452444],[97.63738275,17.32407761],[97.66297114,17.34821343],[97.67123592,17.38703763],[97.69652808,17.39724612],[97.73220944,17.39193821],[97.76024055,17.40789783],[97.73393655,17.38922977],[97.69575834,17.39199817],[97.66309094,17.34549534],[97.66737235,17.31349182],[97.66339171,17.30065703],[97.66765392,17.27580976],[97.65650511,17.22616458],[97.67376566,17.20389795],[97.67089915,17.19228411],[97.63843775,17.15497267],[97.65123212,17.11488736],[97.60924578,17.07937396],[97.61915481,17.01750445],[97.60224247,17.00003576],[97.64601636,16.96181095],[97.65763164,16.91659784],[97.65383255,16.90996444],[97.63022721,16.89397871],[97.61984193,16.87646127],[97.61776125,16.77472997],[97.60121107,16.76266623],[97.60119367,16.72975946],[97.59861255,16.72140062],[97.59259355,16.71609986],[97.60450065,16.6887269],[97.60053337,16.67592871],[97.63041484,16.64695525],[97.63269591,16.62707281],[97.64651513,16.62143457],[97.65167296,16.61621451],[97.66313005,16.55903375],[97.67771566,16.56911433],[97.70093584,16.57386518],[97.73932576,16.56502557],[97.79301322,16.51425934],[97.8180176,16.53240347],[97.84138715,16.54205716],[97.82437432,16.56541896],[97.82556713,16.57466805],[97.90805984,16.62800658],[97.91697025,16.62747288],[97.92552376,16.61520815],[97.93657601,16.61880457],[97.94992781,16.60990477],[97.96678901,16.58221281],[97.97895455,16.59185874],[98.00713181,16.60206902],[97.99530613,16.58708274],[97.98126686,16.58014238],[97.96723485,16.57825851],[97.92590535,16.60425353],[97.91125476,16.62593591],[97.89358544,16.60994446],[97.82957077,16.57100797],[97.84506214,16.54566813],[97.81506956,16.51342225],[97.80796683,16.51119006],[97.79019988,16.51193333],[97.76532102,16.52370715],[97.75015128,16.53950405],[97.74035335,16.56039774],[97.69356966,16.56185961],[97.66457772,16.54780984],[97.66885746,16.50078452],[97.65618384,16.48421395],[97.66331875,16.47640252],[97.65448391,16.48380744],[97.66726661,16.50184977],[97.65914106,16.51881361],[97.64205384,16.49966693],[97.62032068,16.50226057],[97.61111164,16.43352222],[97.62757611,16.39574766],[97.60970855,16.36010325],[97.63665557,16.30929005],[97.63701057,16.22374904],[97.60890126,16.13768995],[97.57708192,16.09970391],[97.59750438,16.09931552],[97.61247504,16.06485057],[97.64284885,16.04989612],[97.61433268,16.05998886],[97.59397292,16.09252405],[97.55568075,16.08063173],[97.56979895,16.01089895],[97.5854665,16.00869596],[97.60703504,15.95326436],[97.69136035,15.89083874],[97.69248593,15.85068965],[97.70862544,15.85876358],[97.71804881,15.85685825],[97.70716572,15.84724283],[97.71594512,15.77540922],[97.69699526,15.7588768],[97.71926236,15.72385776],[97.70778716,15.70924115],[97.73318768,15.65232134],[97.72348297,15.65740538],[97.73055422,15.61707366],[97.72677612,15.60842085],[97.75869358,15.53544366],[97.77696586,15.54241681],[97.75264788,15.52664697],[97.74640346,15.49985015],[97.72889924,15.49872637],[97.77496982,15.43707812],[97.77660525,15.40621805],[97.79703391,15.40827155],[97.75783193,15.38845706],[97.77315533,15.36486018],[97.74537063,15.39437044],[97.73677397,15.35335255],[97.72484064,15.35698235],[97.71951175,15.32738757],[97.73955274,15.29723227],[97.72884834,15.26472712],[97.7676692,15.19389462],[97.79142606,15.19420481],[97.78967094,15.20832956],[97.79197848,15.22134435],[97.80213284,15.23283231],[97.80942035,15.23572373],[97.81291854,15.23490322],[97.81623745,15.2250638],[97.82648337,15.22820318],[97.83527684,15.21713984],[97.83812034,15.23574305],[97.83737934,15.21745753],[97.83491075,15.21630776],[97.83152866,15.21682894],[97.82237387,15.22647154],[97.82591176,15.21446252],[97.81605601,15.20511913],[97.80824137,15.20478344],[97.80573261,15.19261801],[97.78493035,15.17841971],[97.80471635,15.10620976],[97.79798055,15.06980717],[97.78152025,15.06796825],[97.79566908,15.02922988],[97.76962733,15.01850772],[97.79090226,14.99133122],[97.79236734,15.00372553],[97.81492054,15.01543212],[97.79908836,14.99108922],[97.81432104,14.96915054],[97.78924692,14.91277742],[97.80332267,14.88722026],[97.78882778,14.87156522],[97.80971634,14.80897975],[97.82025576,14.81226325],[97.82167006,14.75404143],[97.84044802,14.71387994],[97.88702142,14.72044683],[97.89931154,14.74341404],[97.88007641,14.78186893],[97.90668035,14.81931806],[97.88043213,14.85263777],[97.89692903,14.83960497],[97.89460635,14.84836256],[97.90860665,14.86790228],[97.9255985,14.875],[97.91462767,14.84249437],[97.93625236,14.84789026],[97.9288156,14.83358884],[97.93722904,14.82024825],[97.93790066,14.81383824],[97.94888794,14.81824017],[97.93789601,14.80814767],[97.94825923,14.76095176],[97.97302222,14.77526176],[97.94850552,14.73570645],[97.99093091,14.72386193],[97.96424556,14.72050536],[97.98498285,14.68130374],[97.98445332,14.66739285],[98.02976632,14.63847208],[98.01207805,14.64024866],[98.01014066,14.62670815],[97.98174763,14.66279066],[97.97560477,14.68970335],[97.93557048,14.72495925],[97.91214716,14.71906507],[97.91286588,14.71163034],[97.90542805,14.69188631],[97.91755474,14.68171036],[97.90603161,14.68495297],[97.90427434,14.70177245],[97.91165745,14.71382308],[97.90746725,14.71923435],[97.87314928,14.67678416],[97.90602934,14.60071707],[97.90566683,14.60765433],[97.90999198,14.61138093],[97.90299225,14.57780445],[97.95388901,14.49552357],[97.96456373,14.43156266],[97.98413813,14.47608483],[97.96826148,14.36344898],[97.99752796,14.33363295],[97.98485816,14.33137846],[97.99350071,14.30084801],[98.077739,14.1797173],[98.09164631,14.20001042],[98.07319462,14.21643746],[98.06392884,14.24091697],[98.09534657,14.20080554],[98.09764147,14.16478336],[98.08111,14.16805601],[98.10144985,14.10576653],[98.08014393,14.07230747],[98.06961656,14.087695],[98.07869685,14.05774236],[98.05552554,14.03174365],[98.07698083,13.94129825],[98.07235956,13.9129858],[98.09798038,13.89020646],[98.08658516,13.8364464],[98.10241532,13.79166865],[98.07836688,13.80484116],[98.06603444,13.76570225],[98.08793354,13.73567462],[98.08163881,13.72219086],[98.10442424,13.72363842],[98.08775091,13.71489346],[98.10555065,13.67780912],[98.11486363,13.69220245],[98.13977897,13.68410075],[98.12614298,13.69591856],[98.12795711,13.70249975],[98.14863825,13.68194485],[98.14739144,13.63833988],[98.12777042,13.6341331],[98.1374526,13.60217893],[98.11677206,13.59312666],[98.13179696,13.56547844],[98.1219362,13.55227363],[98.13513017,13.54417574],[98.13403702,13.55717385],[98.15379953,13.55838156],[98.16504896,13.53574347],[98.17543316,13.54583812],[98.15553915,13.57643855],[98.15135431,13.56910825],[98.14564598,13.56700957],[98.16403246,13.63776612],[98.18457484,13.65099263],[98.17332005,13.79643786],[98.21512341,13.88493097],[98.20095146,13.96118653],[98.20124781,13.97212362],[98.20896995,13.97502792],[98.17766714,14.01015902],[98.17329454,14.03711545],[98.17682636,14.05013073],[98.18419671,14.05526793],[98.17141306,14.07186914],[98.17342687,14.09775293],[98.18211555,14.11066604],[98.19230771,14.11468565],[98.18613064,14.16277397],[98.18978775,14.18766975],[98.19609404,14.11624062],[98.17543685,14.09583914],[98.18798554,14.0625],[98.18736196,14.02226734],[98.21660805,14.00464797],[98.20635474,13.99842882],[98.24170995,13.90906978],[98.23436356,13.71618903],[98.25828075,13.70795214],[98.24912584,13.73494744],[98.27499986,13.76865721],[98.25071228,13.73513222],[98.26208556,13.70953238],[98.27923942,13.7109375],[98.26725101,13.73173773],[98.27215123,13.73943675],[98.28374922,13.74287915],[98.28923643,13.73708165],[98.29151547,13.72713065],[98.30295765,13.729321],[98.31626701,13.71185994],[98.28892708,13.72684455],[98.28517282,13.73964643],[98.27096283,13.73531997],[98.31222892,13.6730206],[98.33479846,13.68374824],[98.35257196,13.66865122],[98.35593176,13.65797508],[98.35967624,13.66736996],[98.37209094,13.66428101],[98.36476374,13.67342114],[98.37825775,13.68209875],[98.37322032,13.66344404],[98.35322416,13.6563338],[98.3357197,13.68171144],[98.31391835,13.66857553],[98.29753876,13.69277287],[98.27952325,13.68940103],[98.28456223,13.67006302],[98.3568238,13.61318636],[98.37461984,13.58160305],[98.37081516,13.55091345],[98.42147458,13.4753648],[98.42289066,13.48001623],[98.42949057,13.48628783],[98.43970525,13.47626865],[98.41121626,13.46191347],[98.44920337,13.37675393],[98.46134233,13.40171885],[98.47523105,13.41293848],[98.47922266,13.41198003],[98.45427704,13.36540866],[98.47993255,13.27415276],[98.48383641,13.29618704],[98.47621071,13.31520355],[98.47774863,13.32553887],[98.50057626,13.29547441],[98.48623765,13.25233197],[98.51185608,13.24366474],[98.52871716,13.22779632],[98.53628898,13.22973394],[98.54076111,13.20347691],[98.55752063,13.19818735],[98.57392085,13.25324166],[98.58460593,13.25802112],[98.58953094,13.25587916],[98.57503915,13.25251412],[98.56390762,13.19500506],[98.57240164,13.19041336],[98.57614732,13.18456936],[98.58006275,13.15980232],[98.59291768,13.16002214],[98.59418917,13.18412375],[98.59803021,13.16785431],[98.59176922,13.15720165],[98.57436144,13.15426958],[98.56812942,13.12849736],[98.57281375,13.10865104],[98.57819855,13.11511815],[98.58925402,13.11666083],[98.57721806,13.11242294],[98.58887541,13.08043778],[98.57572258,13.06711996],[98.60092902,13.06659865],[98.58128655,13.02459538],[98.60061645,12.99961507],[98.59067166,12.96914124],[98.61100316,12.96379757],[98.61414862,12.95835376],[98.63300288,12.98239255],[98.65172756,12.98159051],[98.61188436,12.95314705],[98.59839726,12.95671403],[98.58890104,12.93416107],[98.62241197,12.90220821],[98.63801014,12.86556494],[98.63620484,12.81483865],[98.67655826,12.80049026],[98.64678204,12.80047882],[98.6446346,12.77076602],[98.68509316,12.79303455],[98.70711374,12.79040003],[98.71173155,12.81684136],[98.71804798,12.81145215],[98.71246171,12.79054213],[98.69912696,12.78061533],[98.70750987,12.769243],[98.69102144,12.77722895],[98.67382288,12.74684656],[98.69376826,12.75281835],[98.70545471,12.74505877],[98.68442166,12.74014294],[98.70211613,12.72814596],[98.67843771,12.70447874],[98.69234574,12.66798317],[98.70172131,12.67528558],[98.7133466,12.67401946],[98.6920706,12.66651535],[98.66977966,12.69511056],[98.65944886,12.66811454],[98.64611685,12.66092324],[98.65629852,12.64037454],[98.66609812,12.6422286],[98.67629564,12.63901508],[98.69357955,12.65110755],[98.69778085,12.65171897],[98.70528495,12.64886928],[98.69481707,12.65018594],[98.6779536,12.63789845],[98.65992296,12.6369673],[98.67143047,12.61943424],[98.69039631,12.62922335],[98.69540381,12.61672294],[98.67967391,12.59958935],[98.69032276,12.59177005],[98.68551648,12.58160031],[98.67823935,12.59547055],[98.67791235,12.61637294],[98.66828024,12.61807597],[98.6526587,12.63776708],[98.62906635,12.57950592],[98.65290725,12.58006346],[98.66472065,12.57092202],[98.66818953,12.580217],[98.67029011,12.58242142],[98.67397416,12.58267295],[98.67670381,12.58039033],[98.68025625,12.57051528],[98.67917621,12.55906522],[98.67359257,12.58141625],[98.66455495,12.56936824],[98.62747824,12.57501006],[98.61788464,12.54866624],[98.67500508,12.52904987],[98.68428755,12.54124415],[98.71695375,12.55449831],[98.72793615,12.58030808],[98.76888525,12.61956573],[98.78506255,12.62567115],[98.79998004,12.58736491],[98.77002478,12.61489618],[98.72114277,12.55305004],[98.67880177,12.52130735],[98.73918092,12.51011145],[98.75713468,12.49053085],[98.75569296,12.50254333],[98.75830722,12.50694334],[98.7858113,12.50090635],[98.80144584,12.51343775],[98.78630233,12.49945021],[98.75787854,12.50399482],[98.78417885,12.40490305],[98.7841773,12.39636695],[98.78063762,12.39034593],[98.76370561,12.39101863],[98.78162193,12.37906802],[98.78630066,12.35890603],[98.79218745,12.36276054],[98.79504645,12.36162901],[98.79806256,12.35323036],[98.79368973,12.34809995],[98.81087911,12.34350717],[98.81173766,12.34177804],[98.80464685,12.33514297],[98.81293786,12.33531857],[98.8149538,12.33392584],[98.81293416,12.32585871],[98.81980956,12.32809627],[98.82385695,12.32777154],[98.82561815,12.32631135],[98.82564342,12.32323873],[98.81947935,12.31532228],[98.81170607,12.31345975],[98.81534934,12.29924965],[98.84113622,12.28502131],[98.84213126,12.25474536],[98.85557783,12.25032616],[98.87176502,12.21996164],[98.86414123,12.20381832],[98.88803685,12.13869452],[98.90638244,12.12394893],[98.93173683,12.12840426],[98.93933046,12.11032534],[98.96988082,12.10988283],[99.00057507,12.08541751],[99.00952005,12.09591365],[99.02700567,12.09509397],[99.03537786,12.09119761],[99.0309056,12.10364795],[99.03228223,12.10723746],[99.05808794,12.11877584],[99.05691636,12.1770339],[99.06263256,12.19194365],[99.08354676,12.20154524],[99.07621658,12.22239685],[99.04802585,12.23214281],[99.04163551,12.24148881],[99.04060388,12.25448585],[99.06042933,12.28374755],[99.05685437,12.28818595],[99.03951347,12.28521693],[99.03593814,12.28709173],[99.0359081,12.28898764],[99.05595195,12.29568994],[99.08340216,12.29692686],[99.10922074,12.27681232],[99.10616696,12.29184544],[99.10974705,12.29704905],[99.13684082,12.28413534],[99.12180614,12.32943225],[99.11952114,12.34257972],[99.11974573,12.36731684],[99.09964657,12.38875675],[99.09873855,12.39538741],[99.10119045,12.39665115],[99.11936235,12.37019265],[99.13973868,12.29833055],[99.13841856,12.2830497],[99.13276517,12.28019786],[99.10933328,12.29536843],[99.10946167,12.27507305],[99.08343124,12.29531181],[99.03709233,12.28827584],[99.05600727,12.28919911],[99.06279278,12.28360736],[99.06281471,12.27533066],[99.06009245,12.26662362],[99.04140282,12.25163114],[99.07780278,12.22415781],[99.0860908,12.19770622],[99.06373978,12.18931222],[99.0655061,12.12944651],[99.05637956,12.11192453],[99.03306365,12.10470748],[99.03876054,12.09555161],[99.03565037,12.08908105],[99.00137055,12.08287621],[98.96706331,12.10736942],[98.93894136,12.10689414],[98.88904858,12.12706268],[98.87658417,12.14522946],[98.86142492,12.20082045],[98.77262294,12.13535225],[98.76027095,12.13909042],[98.72967494,12.19294345],[98.71000803,12.20361257],[98.66960955,12.18139112],[98.64204335,12.17762005],[98.67044246,12.15995824],[98.69695854,12.17135906],[98.70744526,12.11169088],[98.7280519,12.11100721],[98.72501254,12.13281381],[98.73412383,12.10465324],[98.68874085,12.10984385],[98.70209837,12.11230457],[98.69115055,12.15454066],[98.6464256,12.15609825],[98.61633456,12.13329256],[98.63310444,12.10749781],[98.65523064,12.12293231],[98.65548384,12.13134384],[98.66197765,12.1348505],[98.67417038,12.09653282],[98.66895997,12.0801599],[98.65337944,12.0811038],[98.67210853,12.09088624],[98.65689838,12.11754096],[98.63642955,12.10275996],[98.61715961,12.10228312],[98.66053581,12.04896748],[98.70873988,12.06727242],[98.70228601,12.08137727],[98.71231473,12.06747508],[98.73440433,12.07474756],[98.77417052,12.01870692],[98.78687716,12.01906228],[98.78448796,12.03492725],[98.80276418,12.01803327],[98.77439082,12.01667452],[98.76466274,12.02207243],[98.75233781,12.03861737],[98.74909127,12.02848864],[98.73384452,12.07023585],[98.68376732,12.02791846],[98.72989738,12.005831],[98.76908267,11.9740262],[98.78197694,11.98577404],[98.76867175,11.97263026],[98.74639261,11.98788011],[98.76953125,11.95082843],[98.79872835,11.97680426],[98.80296552,11.94821513],[98.7890625,11.96261156],[98.76758742,11.94841123],[98.74146545,11.96922493],[98.73549736,11.95449317],[98.74812305,11.92825556],[98.75263321,11.89646232],[98.75394773,11.90796554],[98.7576189,11.91044748],[98.7549355,11.88711572],[98.76866424,11.89290571],[98.78600001,11.88071907],[98.7799679,11.86665881],[98.81693876,11.85284793],[98.81779265,11.80126834],[98.7817986,11.75664592],[98.78849256,11.72949207],[98.85413563,11.73545635],[98.85250771,11.71861684],[98.88411844,11.69954145],[98.88481605,11.70967126],[98.88806474,11.71397054],[98.91569972,11.66892576],[98.92934966,11.61059117],[99.0013411,11.59530067],[99.00647712,11.58914006],[99.00254393,11.57954836],[99.02522004,11.57151485],[99.0301069,11.54724085],[99.02220392,11.51939166],[98.99993885,11.50404572],[98.99102855,11.50378215],[98.99889016,11.46657562],[98.99626374,11.43461776],[98.99021351,11.42636526],[98.9886893,11.50330174],[99.02188587,11.52078354],[99.02361166,11.57026184],[99.00237143,11.57622325],[98.9949764,11.59435201],[98.92270124,11.60804784],[98.92009735,11.56772923],[98.91786683,11.56519377],[98.91214406,11.56545055],[98.91597903,11.58850455],[98.90646684,11.59272826],[98.89764702,11.60430193],[98.91422975,11.59154487],[98.91820395,11.61874795],[98.92154455,11.62290561],[98.91162133,11.66096377],[98.88742614,11.67699647],[98.88230956,11.69779575],[98.84918332,11.70488501],[98.84598017,11.69484305],[98.83973837,11.68980014],[98.83835316,11.68280935],[98.81329095,11.68006277],[98.82475877,11.65724647],[98.80671453,11.65939474],[98.82452822,11.63101256],[98.82713485,11.60757196],[98.82296514,11.6015625],[98.79329777,11.68236315],[98.77987754,11.68489182],[98.79656231,11.67008364],[98.76933622,11.68242311],[98.76630044,11.66834235],[98.74325263,11.6768682],[98.72568154,11.6584177],[98.73733532,11.63990796],[98.72246122,11.61254644],[98.74067044,11.59311438],[98.72905171,11.58240914],[98.74633265,11.57660675],[98.74152541,11.56496751],[98.7115792,11.57303941],[98.71133375,11.52009845],[98.74512661,11.52428865],[98.75025988,11.54015386],[98.75636888,11.53690255],[98.76778805,11.54235125],[98.77857685,11.54104495],[98.79117203,11.54741311],[98.79444325,11.54528534],[98.79571354,11.54106045],[98.74871647,11.53409958],[98.75126874,11.49340153],[98.75795054,11.48275316],[98.76147676,11.49089575],[98.77005327,11.49491346],[98.77051735,11.48209131],[98.7484802,11.47606695],[98.78449655,11.45212126],[98.77827871,11.4268049],[98.79325747,11.42285395],[98.80726898,11.4091264],[98.82211554,11.38685453],[98.82883322,11.36575365],[98.80316091,11.40982914],[98.77153778,11.41894281],[98.77124083,11.44891024],[98.7183814,11.45788026],[98.68849051,11.39421928],[98.69900441,11.37495732],[98.71934497,11.38705754],[98.72254264,11.31460702],[98.73786592,11.28945374],[98.74931157,11.27571142],[98.76480305,11.28273594],[98.77099884,11.27982652],[98.7800039,11.2692548],[98.76118922,11.28019285],[98.73155081,11.20979321],[98.73681927,11.17575037],[98.69649351,11.13253975],[98.67751634,11.14698935],[98.66444004,11.1263082],[98.64941561,11.1307255],[98.67353082,11.11839736],[98.67273498,11.09935558],[98.68950903,11.10119987],[98.6882323,11.08994806],[98.69319165,11.09623683],[98.71970665,11.11534226],[98.69743001,11.06993365],[98.72426355,11.07421875],[98.72978687,11.05695522],[98.69952333,11.04564965],[98.74460804,11.03181696],[98.70809245,11.03141284],[98.70706821,11.01979327],[98.67881346,10.99767983],[98.78675842,10.99938715],[98.76885927,10.97533607],[98.76197553,10.98864233],[98.71252501,10.98966241],[98.73282218,10.95109534],[98.70628536,10.94879675],[98.71481907,10.94141674],[98.71462786,10.92364955],[98.73220944,10.93183196],[98.73742723,10.93241048],[98.74284816,10.92868471],[98.72340333,10.92119932],[98.73523855,10.91315567],[98.72628093,10.90401435],[98.6978929,10.92854285],[98.66412151,10.91685498],[98.71233594,10.90509164],[98.70585561,10.88817096],[98.71817052,10.88993132],[98.72635615,10.88649344],[98.70462024,10.88469088],[98.70704412,10.87572741],[98.69152415,10.84386051],[98.69912934,10.88993931],[98.64209974,10.92269337],[98.62537491,10.91894877],[98.62573826,10.90417743],[98.63385057,10.90152645],[98.66770124,10.87171066],[98.62858665,10.89980423],[98.57298625,10.87683582],[98.58832991,10.85326505],[98.60203636,10.87564385],[98.62295234,10.87275696],[98.61911786,10.8683418],[98.62891483,10.86364162],[98.63266695,10.83049345],[98.65169585,10.82379651],[98.63163185,10.82841504],[98.62552035,10.84763312],[98.61204481,10.84549654],[98.6062113,10.85410285],[98.59312987,10.8475095],[98.58766735,10.83485007],[98.60778761,10.82687128],[98.59561634,10.80773795],[98.61442113,10.80850363],[98.58504164,10.79517174],[98.59472406,10.7663331],[98.58036113,10.75061285],[98.58829117,10.7635324],[98.5709902,10.77582943],[98.56422102,10.71540213],[98.57941663,10.71898985],[98.56200171,10.70307696],[98.5580821,10.73855674],[98.52067995,10.75784481],[98.53740776,10.69740677],[98.56179941,10.68612075],[98.54650104,10.650967],[98.54436922,10.68628931],[98.52949917,10.67666662],[98.51954281,10.67493248],[98.53900087,10.68894875],[98.52803564,10.70885384],[98.51416886,10.70263696],[98.51165557,10.70383728],[98.52401388,10.72050822],[98.48850703,10.74652386],[98.47544837,10.73388505],[98.46138656,10.74653471],[98.46798623,10.72347355],[98.45379436,10.70943141],[98.46572328,10.70334268],[98.44810498,10.68816495],[98.4629575,10.65677595],[98.45401442,10.62152064],[98.47009885,10.61532485],[98.47745204,10.622738],[98.48787677,10.62177491],[98.48642123,10.63204443],[98.49150312,10.63163555],[98.48862505,10.62079096],[98.4762578,10.62036824],[98.48197687,10.59890115],[98.46908271,10.58729625],[98.50172365,10.56403291],[98.47640288,10.54729354],[98.49498653,10.53521633],[98.48269427,10.5062623],[98.50131857,10.46957111],[98.49045801,10.45354915],[98.51548135,10.42478085],[98.50402176,10.4075675],[98.51989603,10.40279841],[98.53983116,10.36570716],[98.51875615,10.30543387],[98.50634611,10.30431735],[98.5147711,10.2437433],[98.47954285,10.20053863],[98.51573265,10.15796602],[98.51244664,10.05315018],[98.5478065,9.97587526],[98.60325468,10.06275105],[98.61690915,10.12869644],[98.64420903,10.15031195],[98.64748645,10.19432402],[98.62911391,10.21505046],[98.62921023,10.20072937],[98.62039065,10.19580758],[98.63281405,10.22725987],[98.62364101,10.24104464],[98.63369453,10.24400115],[98.65446878,10.18071246],[98.69644332,10.21993947],[98.67033672,10.23562026],[98.67046475,10.24815404],[98.68128121,10.26465333],[98.6483469,10.32083821],[98.68635893,10.27290845],[98.67333424,10.23635936],[98.69780338,10.23211324],[98.71697438,10.27843332],[98.71485615,10.28369343],[98.70326793,10.27879846],[98.69978416,10.28048611],[98.69671524,10.28864026],[98.69860995,10.2968086],[98.70244765,10.27957594],[98.71805906,10.28560114],[98.75252724,10.39013827],[98.77279053,10.42385884]],[[99.06191862,12.27500224],[99.06086874,12.27631128],[99.06051874,12.27410662],[99.06191862,12.27500224]],[[99.04472256,12.25606442],[99.046314,12.25917745],[99.04283774,12.25566113],[99.04472256,12.25606442]],[[99.00092852,11.58540785],[99.00222135,11.58449447],[99.00224698,11.58913755],[99.00092852,11.58540785]],[[98.93243146,12.12314451],[98.92557442,12.12713981],[98.92263305,12.12410915],[98.93243146,12.12314451]],[[98.92920566,12.12030995],[98.93102682,12.12069285],[98.92259634,12.12189591],[98.92920566,12.12030995]],[[98.91963363,11.61924624],[98.92123997,11.61765897],[98.92144954,11.61966026],[98.91963363,11.61924624]],[[98.91552901,11.64913404],[98.91944015,11.65065205],[98.91650665,11.65203226],[98.91552901,11.64913404]],[[98.88944721,11.68070996],[98.90445948,11.67595434],[98.88833654,11.70176101],[98.88944721,11.68070996]],[[98.88819671,12.12890625],[98.89053798,12.12890625],[98.88833117,12.13089991],[98.88819671,12.12890625]],[[98.87857842,12.14744115],[98.87995982,12.15170813],[98.87810934,12.15287042],[98.87857842,12.14744115]],[[98.83668733,12.28645432],[98.77361655,12.30966282],[98.76615024,12.33329284],[98.71980667,12.33233964],[98.70425391,12.33808351],[98.69950712,12.34584296],[98.67555225,12.32217813],[98.74671376,12.29247272],[98.75071991,12.27072883],[98.76234984,12.27340806],[98.76734257,12.27022874],[98.77454853,12.24797487],[98.77085876,12.22554934],[98.75909805,12.21139991],[98.77057862,12.20603991],[98.77108526,12.18122578],[98.77613676,12.18158925],[98.79997754,12.16077363],[98.87002647,12.21750104],[98.84074306,12.25067496],[98.83668733,12.28645432]],[[98.80361116,11.69694436],[98.82722223,11.68305552],[98.84666657,11.70694435],[98.82722223,11.71666658],[98.80361116,11.69694436]],[[98.83061695,11.68376505],[98.83842754,11.68605042],[98.83773661,11.68898857],[98.83061695,11.68376505]],[[98.67217398,12.50915956],[98.60141778,12.48378634],[98.59598637,12.42712593],[98.61526024,12.41074598],[98.63377333,12.43434727],[98.65378988,12.4346807],[98.65823126,12.43092096],[98.65614235,12.41132021],[98.66454113,12.43418825],[98.67135453,12.42680955],[98.67003834,12.42061818],[98.64946973,12.4060806],[98.6559658,12.39916015],[98.65290833,12.39069796],[98.66101408,12.38885224],[98.66238797,12.37983155],[98.76893032,12.33646548],[98.77825654,12.31223285],[98.81771457,12.31581604],[98.82478166,12.32564366],[98.81256235,12.32533395],[98.80397034,12.33501673],[98.81065607,12.3428781],[98.79271102,12.34717667],[98.76282096,12.38884091],[98.76310432,12.39299667],[98.76723683,12.39589703],[98.78213656,12.39558184],[98.76764321,12.46526217],[98.67217398,12.50915956]],[[98.81394911,11.81827366],[98.81563306,11.81908047],[98.81395948,11.8187294],[98.81394911,11.81827366]],[[98.753847,11.88498771],[98.72733235,11.85926342],[98.67709672,11.88301027],[98.65497828,11.85452735],[98.59559381,11.845173],[98.63913143,11.84463704],[98.66070735,11.81927085],[98.66859496,11.83367622],[98.71391726,11.85165536],[98.71101105,11.82933664],[98.67116475,11.83172214],[98.65983737,11.81619966],[98.63436258,11.83881593],[98.60061371,11.79476488],[98.62208605,11.79708517],[98.63938594,11.78658867],[98.64912605,11.79809427],[98.64106417,11.78426886],[98.668347,11.77205825],[98.67194963,11.75898397],[98.68523037,11.76358843],[98.6959635,11.75777483],[98.70554614,11.78204775],[98.70099914,11.75990593],[98.69040585,11.75285137],[98.70325172,11.74334395],[98.70089745,11.72290576],[98.73547125,11.75351763],[98.73416674,11.76820493],[98.73663688,11.77926886],[98.74469376,11.75923622],[98.77371454,11.78139305],[98.76889575,11.81418407],[98.77631414,11.84421992],[98.77143407,11.81126225],[98.78578806,11.79419613],[98.81237388,11.83592558],[98.79263437,11.86129093],[98.76977825,11.86521566],[98.75918567,11.87622476],[98.753847,11.88498771]],[[98.81003797,11.39905465],[98.81060398,11.40017736],[98.80947936,11.40036583],[98.81003797,11.39905465]],[[98.79444325,12.16202795],[98.76967311,12.18087888],[98.76967645,12.18951702],[98.76311135,12.19217122],[98.74676585,12.17767584],[98.76641715,12.13730884],[98.79444325,12.16202795]],[[98.78416586,11.72623265],[98.7886759,11.7191087],[98.79015434,11.72218966],[98.78416586,11.72623265]],[[98.77287126,11.86653972],[98.78481555,11.8805654],[98.75736725,11.88330853],[98.75967395,11.87720215],[98.77287126,11.86653972]],[[98.7742871,11.42956483],[98.77651262,11.43178058],[98.77615786,11.43195915],[98.7742871,11.42956483]],[[98.74069452,12.17971575],[98.76797307,12.20524764],[98.7579056,12.21110773],[98.76657176,12.26894915],[98.74944484,12.26993215],[98.74401724,12.29152226],[98.67060852,12.31930041],[98.59636903,12.30115235],[98.59779763,12.29417706],[98.59364331,12.28717291],[98.59543824,12.28407824],[98.61924005,12.28573275],[98.60659111,12.27890694],[98.59318495,12.28443575],[98.5942595,12.29823291],[98.56590223,12.30270302],[98.52430642,12.26039755],[98.55464375,12.20032477],[98.60056043,12.19534194],[98.63005304,12.23586071],[98.61795616,12.24622452],[98.63177705,12.24625552],[98.62962055,12.22779346],[98.64979947,12.24061024],[98.64298952,12.25712287],[98.64282882,12.27387655],[98.65072727,12.24339736],[98.68358696,12.24122322],[98.67780244,12.26932704],[98.67970586,12.27371955],[98.69205642,12.28294432],[98.67938614,12.26866651],[98.68611884,12.24217975],[98.73110426,12.19935906],[98.74069452,12.17971575]],[[98.76968181,11.53802526],[98.76600218,11.54061484],[98.76551342,11.53888965],[98.76968181,11.53802526]],[[98.76616001,12.02381921],[98.76684237,12.02507925],[98.76648164,12.02515221],[98.76616001,12.02381921]],[[98.76167285,12.47663367],[98.76181293,12.47849345],[98.76104307,12.47842467],[98.76167285,12.47663367]],[[98.76211464,12.14428151],[98.76082516,12.14365792],[98.76123703,12.14325595],[98.76211464,12.14428151]],[[98.71936464,12.48956633],[98.75316036,12.48360026],[98.75673437,12.48676825],[98.73016131,12.51085222],[98.71070135,12.50560927],[98.71936464,12.48956633]],[[98.69509923,11.96449995],[98.6904608,11.93761826],[98.72302628,11.91900361],[98.67247856,11.94233716],[98.67010772,11.91868496],[98.63225961,11.91495275],[98.64015794,11.89484751],[98.62973714,11.91464984],[98.55762255,11.90813053],[98.53960633,11.88221407],[98.54728246,11.86973643],[98.64747477,11.86442757],[98.67347574,11.88832605],[98.71592724,11.87140214],[98.75276816,11.88919985],[98.73374772,11.953125],[98.69509923,11.96449995]],[[98.7483865,12.18437254],[98.75012004,12.18392777],[98.74963784,12.18597507],[98.7483865,12.18437254]],[[98.74755216,12.18153214],[98.74840236,12.17970705],[98.74887204,12.18215406],[98.74755216,12.18153214]],[[98.74694443,11.97138894],[98.74840963,11.97160232],[98.74792063,11.97277546],[98.74694443,11.97138894]],[[98.73972225,11.99027765],[98.74305546,11.99388886],[98.73888874,11.99416661],[98.73972225,11.99027765]],[[98.74481261,12.17359304],[98.74318814,12.17330325],[98.74474263,12.17322075],[98.74481261,12.17359304]],[[98.71760964,11.99941254],[98.70088887,11.99309194],[98.71243346,11.96694422],[98.73580313,11.95818913],[98.74397922,11.98202884],[98.71760964,11.99941254]],[[98.73213875,12.29637516],[98.73186314,12.29765832],[98.73071766,12.29698932],[98.73213875,12.29637516]],[[98.71549475,12.34548771],[98.70847821,12.33787203],[98.7291944,12.33721685],[98.71549475,12.34548771]],[[98.71407855,11.57725024],[98.71707177,11.57680142],[98.71718812,11.57806015],[98.71407855,11.57725024]],[[98.69678605,11.72890913],[98.68814206,11.76132691],[98.66654408,11.75255322],[98.66432822,11.77262437],[98.62440336,11.79098606],[98.61398935,11.76759577],[98.58999765,11.75914884],[98.60810018,11.73461342],[98.62293816,11.74035132],[98.60204792,11.72206604],[98.68922782,11.6712929],[98.71174526,11.70305216],[98.69678605,11.72890913]],[[98.71060514,12.00808764],[98.71169674,12.00859725],[98.70973766,12.009727],[98.71060514,12.00808764]],[[98.69161582,10.99313271],[98.68755126,10.97499383],[98.70473444,10.96989596],[98.71045864,10.99071825],[98.69161582,10.99313271]],[[98.71111095,10.94083333],[98.70861113,10.93805552],[98.71055555,10.93611097],[98.71111095,10.94083333]],[[98.69817555,12.20284593],[98.69486368,12.21040881],[98.68711114,12.2051208],[98.69817555,12.20284593]],[[98.69092405,11.03515518],[98.68738806,11.01689935],[98.68919003,11.0151],[98.70749545,11.0291574],[98.69092405,11.03515518]],[[98.70472944,11.50175202],[98.70675802,11.50215745],[98.70503616,11.50399661],[98.70472944,11.50175202]],[[98.70589936,12.33935416],[98.70400023,12.34021986],[98.7056185,12.3390274],[98.70589936,12.33935416]],[[98.7048527,12.34963512],[98.70285988,12.34961295],[98.70565855,12.34879744],[98.7048527,12.34963512]],[[98.70015252,11.06471145],[98.70161605,11.06127155],[98.70403683,11.06228697],[98.70015252,11.06471145]],[[98.70347607,10.93187165],[98.68462765,10.93838406],[98.66706324,10.93379283],[98.70347607,10.93187165]],[[98.69633901,12.21159601],[98.70074368,12.21595967],[98.69576097,12.21217275],[98.69633901,12.21159601]],[[98.64586794,12.75668168],[98.66194224,12.75868654],[98.69991243,12.78587163],[98.68336284,12.79096043],[98.64586794,12.75668168]],[[98.69074392,12.21154594],[98.6994487,12.21724105],[98.69533217,12.21995056],[98.69074392,12.21154594]],[[98.69633865,11.58440292],[98.69907284,11.58392954],[98.69682395,11.5854249],[98.69633865,11.58440292]],[[98.69414091,12.35101986],[98.69471085,12.35229528],[98.69128788,12.35288012],[98.69414091,12.35101986]],[[98.68618357,12.21012926],[98.68723667,12.23383546],[98.66328013,12.23136926],[98.64270616,12.22118914],[98.63432813,12.19028235],[98.68618357,12.21012926]],[[98.69525564,11.09572601],[98.69360733,11.09450114],[98.69456434,11.09384],[98.69525564,11.09572601]],[[98.69046116,11.08907402],[98.69462013,11.08162057],[98.69463396,11.0899837],[98.69046116,11.08907402]],[[98.68969607,11.56107664],[98.69240046,11.56286764],[98.69142544,11.56492674],[98.68969607,11.56107664]],[[98.62752736,12.36304545],[98.62019742,12.36275351],[98.61034298,12.36841333],[98.60602891,12.37860203],[98.60950255,12.39281094],[98.60205352,12.40262747],[98.58558786,12.40321004],[98.55927217,12.42045045],[98.55785155,12.40325975],[98.58848333,12.40091646],[98.59225845,12.39578843],[98.59219134,12.39087892],[98.55099654,12.39981794],[98.53577435,12.35002696],[98.55901301,12.32927287],[98.57694292,12.34035325],[98.63932025,12.34678853],[98.57245433,12.33360434],[98.63474405,12.31894696],[98.69241393,12.34718502],[98.64355612,12.37660515],[98.62752736,12.36304545]],[[98.68423891,12.20422113],[98.66930997,12.19858694],[98.66195154,12.18745971],[98.68021941,12.19313073],[98.68423891,12.20422113]],[[98.68078721,12.61827493],[98.68786967,12.61274028],[98.68832397,12.61312902],[98.68078721,12.61827493]],[[98.67467308,11.09764397],[98.67670286,11.08518076],[98.68399894,11.08172226],[98.68811655,11.09613752],[98.67467308,11.09764397]],[[98.62199461,12.75538921],[98.62669957,12.72593606],[98.68724573,12.71842444],[98.67081416,12.74979472],[98.63088405,12.73949277],[98.62199461,12.75538921]],[[98.68694437,11.96555555],[98.63379335,11.99123681],[98.59888875,11.98611105],[98.62083316,11.96666658],[98.66944444,11.95277774],[98.67478955,11.94462526],[98.68694437,11.96555555]],[[98.68095112,11.03996885],[98.68547356,11.03687394],[98.68472922,11.04147303],[98.68095112,11.03996885]],[[98.67965341,11.51459384],[98.68088985,11.50155115],[98.68568027,11.49672306],[98.67965341,11.51459384]],[[98.67211115,11.06390834],[98.65306282,11.0608685],[98.64624393,11.04136336],[98.65688181,11.04289258],[98.63591015,11.03138185],[98.65452361,11.01498067],[98.66560102,11.03695107],[98.66188025,11.01590395],[98.67294347,11.00989926],[98.67344487,11.01881421],[98.67569625,11.02315354],[98.67774367,11.00979126],[98.68508005,11.03611147],[98.6787976,11.03762484],[98.66991115,11.04809058],[98.67211115,11.06390834]],[[98.68366551,12.23781657],[98.68283248,12.23685384],[98.68482125,12.23610294],[98.68366551,12.23781657]],[[98.68159866,11.28560257],[98.68374372,11.28696406],[98.68208265,11.28881037],[98.68159866,11.28560257]],[[98.66752183,10.98743474],[98.67836428,10.98130584],[98.68153655,10.98832667],[98.66752183,10.98743474]],[[98.67842305,11.04717052],[98.68009555,11.04775071],[98.67872536,11.04857695],[98.67842305,11.04717052]],[[98.67802763,10.95189786],[98.67849267,10.95321262],[98.67618167,10.95374453],[98.67802763,10.95189786]],[[98.66838455,11.07304144],[98.67475414,11.07105887],[98.67483723,11.0729295],[98.66838455,11.07304144]],[[98.67391241,11.07693493],[98.66889834,11.07691514],[98.67364693,11.07576191],[98.67391241,11.07693493]],[[98.45793176,11.92076325],[98.46784687,11.88091695],[98.49663162,11.87534845],[98.53636086,11.90860975],[98.51225567,11.92029595],[98.50947285,11.94695473],[98.51309156,11.92201316],[98.53957915,11.90993905],[98.53463447,11.94325435],[98.54943764,11.91675663],[98.56937146,11.91713154],[98.56709051,11.93191958],[98.58565021,11.93130553],[98.57338107,11.91694772],[98.59885943,11.91185975],[98.64832461,11.92320395],[98.65639901,11.9199717],[98.67123771,11.94506514],[98.63341463,11.95979178],[98.62140727,11.953125],[98.62891746,11.9411422],[98.57610607,11.98293138],[98.57358992,11.96164906],[98.55904591,11.99650156],[98.54534745,11.99536657],[98.54826725,11.98228705],[98.5166229,11.99693084],[98.53169358,11.97126317],[98.52056062,11.97664475],[98.49081028,12.04620087],[98.46170437,12.06994915],[98.46600056,12.0858196],[98.43711913,12.11232305],[98.42119515,12.09275425],[98.44186401,11.98272645],[98.46534467,11.9992522],[98.46769202,12.00767732],[98.45936012,12.00833392],[98.45840848,12.01442397],[98.4678781,12.0243386],[98.46947432,12.02163553],[98.45793176,11.92076325]],[[98.66694665,12.76025474],[98.66938925,12.75771916],[98.66996801,12.76217437],[98.66694665,12.76025474]],[[98.66614044,10.99527335],[98.66958821,10.99484944],[98.66662025,10.99585104],[98.66614044,10.99527335]],[[98.6665287,11.11286855],[98.66855407,11.11183345],[98.6686939,11.11217845],[98.6665287,11.11286855]],[[98.66823542,11.07744408],[98.66686916,11.07796836],[98.66720176,11.07744563],[98.66823542,11.07744408]],[[98.66757774,11.14849854],[98.66443455,11.14819276],[98.66726446,11.14802992],[98.66757774,11.14849854]],[[98.66517115,12.03852928],[98.6652801,12.03685045],[98.66614366,12.03789675],[98.66517115,12.03852928]],[[98.65979314,10.93868876],[98.66567028,10.93696082],[98.66569531,10.93836784],[98.65979314,10.93868876]],[[98.66343987,10.17684186],[98.65676594,10.17395461],[98.66302228,10.17159474],[98.66343987,10.17684186]],[[98.66232264,11.09610593],[98.65926194,11.09663332],[98.66175318,11.09550798],[98.66232264,11.09610593]],[[98.65740788,12.23646164],[98.65708375,12.23911834],[98.65381706,12.23687124],[98.65740788,12.23646164]],[[98.65898943,12.03687477],[98.65853834,12.03547645],[98.66116905,12.03493786],[98.65898943,12.03687477]],[[98.64010584,12.40718222],[98.62903261,12.40130413],[98.62057662,12.40722835],[98.62266183,12.39303136],[98.65957236,12.38128412],[98.64010584,12.40718222]],[[98.66001236,11.15514314],[98.65909755,11.15434396],[98.65987134,11.15461385],[98.66001236,11.15514314]],[[98.65940273,11.15940428],[98.65769506,11.15910041],[98.65843713,11.15837085],[98.65940273,11.15940428]],[[98.65792096,10.97722387],[98.65652704,10.97760427],[98.65751612,10.97667408],[98.65792096,10.97722387]],[[98.6561743,10.93830955],[98.65645194,10.93692064],[98.65672994,10.93830955],[98.6561743,10.93830955]],[[98.65611315,10.94581056],[98.65426016,10.94345915],[98.65648842,10.94473314],[98.65611315,10.94581056]],[[98.62796998,12.40317404],[98.64154983,12.40788555],[98.65126014,12.39509916],[98.64812446,12.40555382],[98.65636015,12.43090737],[98.63315988,12.42989516],[98.62796998,12.40317404]],[[98.65366626,11.14039397],[98.65068245,11.14025915],[98.65579331,11.13900495],[98.65366626,11.14039397]],[[98.65177834,12.66647506],[98.65325511,12.66481471],[98.65394914,12.66557825],[98.65177834,12.66647506]],[[98.64655066,12.15856755],[98.65167475,12.159657],[98.64759207,12.16157961],[98.64655066,12.15856755]],[[98.65042412,10.94617593],[98.65226531,10.94655645],[98.6508342,10.94793522],[98.65042412,10.94617593]],[[98.64594793,11.91926491],[98.65099633,11.91949654],[98.64810908,11.92207158],[98.64594793,11.91926491]],[[98.65029144,11.00983965],[98.64699984,11.01099956],[98.64705586,11.00606716],[98.65029144,11.00983965]],[[98.61039615,12.78174424],[98.61440694,12.76417744],[98.64589596,12.76008904],[98.63561714,12.7832489],[98.61039615,12.78174424]],[[98.64791214,10.97520316],[98.64561403,10.97502613],[98.64641464,10.97316003],[98.64791214,10.97520316]],[[98.64747584,11.85905516],[98.6446805,11.8580749],[98.64706302,11.85760725],[98.64747584,11.85905516]],[[98.64218414,12.04785836],[98.64433014,12.04675663],[98.64495134,12.04788303],[98.64218414,12.04785836]],[[98.64435923,10.98716915],[98.64258313,10.98645532],[98.64439213,10.98687386],[98.64435923,10.98716915]],[[98.63794816,12.64930141],[98.64412725,12.64563501],[98.64415014,12.64885604],[98.63794816,12.64930141]],[[98.61242354,12.39115441],[98.61440074,12.36640203],[98.64329505,12.37871873],[98.63384485,12.38696742],[98.61242354,12.39115441]],[[98.63736641,12.97819316],[98.63722205,12.98111105],[98.63472223,12.97805548],[98.63736641,12.97819316]],[[98.63658595,10.93108261],[98.63431251,10.93470967],[98.63254404,10.93106985],[98.63658595,10.93108261]],[[98.63299382,12.97902024],[98.63326561,12.98167682],[98.63188887,12.97913277],[98.63299382,12.97902024]],[[98.63536024,12.75407052],[98.62923264,12.75460827],[98.63186812,12.75222492],[98.63536024,12.75407052]],[[98.63385177,11.03934431],[98.63062954,11.03698754],[98.63326788,11.03685987],[98.63385177,11.03934431]],[[98.63360715,10.12293696],[98.62058783,10.10535312],[98.62673616,10.09662592],[98.62368822,10.10532284],[98.63360715,10.12293696]],[[98.63300335,11.05311894],[98.6307255,11.05473101],[98.63004971,11.0531764],[98.63300335,11.05311894]],[[98.62665427,10.10739017],[98.63245022,10.10539997],[98.63297045,10.10734022],[98.62665427,10.10739017]],[[98.63076103,10.12103295],[98.62442768,10.11863923],[98.62463105,10.11804485],[98.63076103,10.12103295]],[[98.62589955,12.31900585],[98.61809695,12.3129009],[98.62945116,12.31562722],[98.62589955,12.31900585]],[[98.62743902,12.75823164],[98.62940252,12.75742376],[98.62899375,12.75828075],[98.62743902,12.75823164]],[[98.60287332,10.85775328],[98.62693846,10.85114038],[98.62478232,10.86467636],[98.60287332,10.85775328]],[[98.62557137,12.72350836],[98.62138867,12.71935046],[98.62394452,12.71682775],[98.62557137,12.72350836]],[[98.60585225,11.06353152],[98.59765124,11.02949226],[98.61436164,11.01340628],[98.62472546,11.04232335],[98.61124575,11.04092455],[98.61931372,11.05397332],[98.60585225,11.06353152]],[[98.62180793,10.90756905],[98.62261844,10.90634024],[98.62350035,10.90558398],[98.62180793,10.90756905]],[[98.62264955,11.04951525],[98.62163293,11.05010712],[98.61940336,11.04852331],[98.62264955,11.04951525]],[[98.62228405,11.07242274],[98.61246955,11.07263541],[98.61417484,11.06560075],[98.62228405,11.07242274]],[[98.62122798,12.70896685],[98.61731851,12.7123661],[98.61987698,12.70754337],[98.62122798,12.70896685]],[[98.61634624,11.1026895],[98.62112558,11.10316467],[98.61816025,11.10917342],[98.61634624,11.1026895]],[[98.61861205,12.0369904],[98.62080932,12.03646028],[98.61955523,12.03801501],[98.61861205,12.0369904]],[[98.61847377,12.06497633],[98.62056053,12.06652057],[98.61670268,12.06975436],[98.61847377,12.06497633]],[[98.61786962,12.71510673],[98.62031341,12.71569955],[98.61851168,12.71636844],[98.61786962,12.71510673]],[[98.61780715,12.20252073],[98.60746765,12.20480645],[98.60732031,12.19602096],[98.61780715,12.20252073]],[[98.57868004,12.32285285],[98.59715617,12.31124687],[98.61609232,12.31230867],[98.61253595,12.31874931],[98.57868004,12.32285285]],[[98.6112411,11.17771471],[98.61262906,11.17910361],[98.61122334,11.17797828],[98.6112411,11.17771471]],[[98.61161375,11.09851027],[98.61423385,11.09904301],[98.61045825,11.10124052],[98.61161375,11.09851027]],[[98.61378968,11.11045063],[98.61000884,11.11118245],[98.61184096,11.10784388],[98.61378968,11.11045063]],[[98.61147785,12.08679915],[98.61375356,12.08744526],[98.61089325,12.08982384],[98.61147785,12.08679915]],[[98.60554051,12.9607954],[98.61371016,12.95772874],[98.60787463,12.96376181],[98.60554051,12.9607954]],[[98.60877967,11.17238307],[98.61278796,11.17339671],[98.61227512,11.17467916],[98.60877967,11.17238307]],[[98.60716224,12.91076064],[98.60981405,12.91199768],[98.60808074,12.91297996],[98.60716224,12.91076064]],[[98.60345221,12.82329774],[98.60762417,12.81945777],[98.60673416,12.82373893],[98.60345221,12.82329774]],[[98.60586596,11.00559151],[98.60365474,11.00796735],[98.60480285,11.00560355],[98.60586596,11.00559151]],[[98.60348034,12.64593482],[98.60260713,12.64732337],[98.60231602,12.6450752],[98.60348034,12.64593482]],[[98.60237741,11.01022768],[98.60219944,11.01174414],[98.60143125,11.01004565],[98.60237741,11.01022768]],[[98.60013556,12.79308391],[98.60306895,12.79276335],[98.60098076,12.79492176],[98.60013556,12.79308391]],[[98.59842205,12.73365116],[98.59813762,12.73908806],[98.59779465,12.73380852],[98.59842205,12.73365116]],[[98.59605765,12.14129257],[98.59986114,12.14009595],[98.59652007,12.14286876],[98.59605765,12.14129257]],[[98.56338203,12.42888844],[98.58693492,12.40353215],[98.59673381,12.40666008],[98.56338203,12.42888844]],[[98.5880233,10.82011545],[98.59353852,10.82330585],[98.59040785,10.82481134],[98.5880233,10.82011545]],[[98.58702397,12.43122995],[98.58535075,12.45365572],[98.57600546,12.46291995],[98.57289064,12.44492745],[98.58702397,12.43122995]],[[98.58307195,10.02115834],[98.58585143,10.01818407],[98.58619404,10.02488613],[98.58307195,10.02115834]],[[98.58529902,10.83875108],[98.58627641,10.83799505],[98.58680081,10.83901107],[98.58529902,10.83875108]],[[98.57634544,10.01413405],[98.58173776,10.01141202],[98.58071864,10.01498938],[98.57634544,10.01413405]],[[98.58196926,12.76713443],[98.57947016,12.76523101],[98.58118916,12.76378834],[98.58196926,12.76713443]],[[98.58056271,12.75866091],[98.57951307,12.76375794],[98.58021283,12.7580409],[98.58056271,12.75866091]],[[98.57672036,11.06672311],[98.57447004,11.06498933],[98.57774365,11.06448865],[98.57672036,11.06672311]],[[98.57755518,11.08572602],[98.57548046,11.08724785],[98.57677507,11.08369291],[98.57755518,11.08572602]],[[98.53755367,13.16590655],[98.56833327,13.15083325],[98.57329094,13.18359375],[98.53843093,13.19553185],[98.53755367,13.16590655]],[[98.57184064,11.10088515],[98.57374775,11.10135543],[98.57236028,11.10298347],[98.57184064,11.10088515]],[[98.57008576,12.18573976],[98.57032633,12.18293846],[98.5715816,12.18418205],[98.57008576,12.18573976]],[[98.56361115,13.1875],[98.57138884,13.18888891],[98.56277776,13.19055545],[98.56361115,13.1875]],[[98.56874382,11.03235495],[98.56489205,11.03288054],[98.56733811,11.03117168],[98.56874382,11.03235495]],[[98.56618047,12.17925525],[98.56688464,12.17736983],[98.56745565,12.17840481],[98.56618047,12.17925525]],[[98.5664705,11.01477504],[98.564152,11.01733804],[98.56371486,11.01636946],[98.5664705,11.01477504]],[[98.56472743,12.17616677],[98.56226695,12.17643726],[98.56400144,12.1752789],[98.56472743,12.17616677]],[[98.56419861,10.95825756],[98.56355524,10.96084201],[98.56303906,10.95960152],[98.56419861,10.95825756]],[[98.56416655,13.14555538],[98.56250262,13.14555001],[98.56277776,13.1427778],[98.56416655,13.14555538]],[[98.55882096,9.98839581],[98.5625844,9.98623562],[98.56028783,9.99194896],[98.55882096,9.98839581]],[[98.5591675,10.98874307],[98.55791736,10.99274898],[98.55801225,10.98888755],[98.5591675,10.98874307]],[[98.53159642,10.8764801],[98.52989674,10.86309195],[98.51234376,10.89070404],[98.49033427,10.89111173],[98.49899995,10.82611716],[98.51583076,10.81891656],[98.49183273,10.79453313],[98.51003587,10.78934288],[98.5060091,10.77542281],[98.53680015,10.78381944],[98.54984152,10.80846417],[98.55645216,10.80998731],[98.56186307,10.85672402],[98.53159642,10.8764801]],[[98.56097436,10.98235667],[98.55742955,10.98150015],[98.55973554,10.98052526],[98.56097436,10.98235667]],[[98.55611873,10.95329916],[98.56090856,10.95192873],[98.55727196,10.95638621],[98.55611873,10.95329916]],[[98.56016076,10.74484122],[98.55876994,10.74653673],[98.55712163,10.74644482],[98.56016076,10.74484122]],[[98.5531671,12.91585326],[98.55692506,12.90322602],[98.55834508,12.90347981],[98.5531671,12.91585326]],[[98.55573022,9.9783684],[98.55832624,9.97882688],[98.55663765,9.98052156],[98.55573022,9.9783684]],[[98.55760515,12.7265346],[98.55692506,12.72367084],[98.55829072,12.72296774],[98.55760515,12.7265346]],[[98.55702901,12.73611581],[98.55624473,12.73645496],[98.55671024,12.73574924],[98.55702901,12.73611581]],[[98.55612075,12.02780986],[98.53137362,12.02520561],[98.54204345,12.00751805],[98.55612075,12.02780986]],[[98.54364026,10.78862476],[98.55406642,10.79514146],[98.55444276,10.80597484],[98.54364026,10.78862476]],[[98.52524841,11.32449782],[98.54636371,11.26146305],[98.55358684,11.2855792],[98.52524841,11.32449782]],[[98.54765975,12.92053783],[98.55012524,12.93384087],[98.53945827,12.93613446],[98.53933573,12.93212998],[98.54765975,12.92053783]],[[98.52645302,11.10076666],[98.50212932,11.01752913],[98.48938096,11.02510023],[98.46858728,10.99116194],[98.48533154,10.96912634],[98.47902691,10.95219135],[98.50259554,10.9597733],[98.49895787,10.94989455],[98.50507951,10.93837523],[98.51813686,10.98381126],[98.53825772,10.94825625],[98.54672837,10.98295581],[98.52645302,11.10076666]],[[98.54867065,9.95383716],[98.51485837,9.95827091],[98.52142,9.92668986],[98.54867065,9.95383716]],[[98.53989303,11.67455542],[98.52413511,11.67247212],[98.54437017,11.68710947],[98.53325486,11.70146954],[98.54564226,11.70584404],[98.54704881,11.76304996],[98.52325201,11.80776811],[98.48025095,11.79155922],[98.44049025,11.80922163],[98.43061066,11.79691422],[98.46961093,11.78534961],[98.47897553,11.75604844],[98.44891214,11.78281856],[98.44289863,11.76276135],[98.46014917,11.75251114],[98.46257091,11.75013936],[98.46044076,11.74590504],[98.44094932,11.76130021],[98.43505383,11.7856847],[98.36780477,11.78231156],[98.36703277,11.76980865],[98.39314723,11.76918387],[98.40837407,11.75770772],[98.38169026,11.76467097],[98.36491454,11.73662376],[98.37643385,11.71907175],[98.39894545,11.71020234],[98.40000391,11.72602236],[98.42933226,11.72833645],[98.43619645,11.71881485],[98.40772796,11.72349644],[98.40063882,11.70607734],[98.3758738,11.70422637],[98.36915565,11.68592918],[98.37616575,11.65459275],[98.42939043,11.62022054],[98.40909171,11.60905611],[98.41419625,11.58630693],[98.42649305,11.60452366],[98.43465507,11.60486305],[98.42372143,11.56320345],[98.43521523,11.55404317],[98.45015585,11.57547498],[98.48517895,11.56438148],[98.52223194,11.51291156],[98.52150547,11.58719766],[98.54829848,11.61073685],[98.52928305,11.63444161],[98.53989303,11.67455542]],[[98.54799676,10.76291275],[98.54096031,10.76328874],[98.54561496,10.75619984],[98.54799676,10.76291275]],[[98.52282035,12.31863117],[98.53710616,12.32066774],[98.54509211,12.33408213],[98.52734232,12.33555162],[98.52282035,12.31863117]],[[98.54168904,10.89179838],[98.53055024,10.88038015],[98.54105783,10.87576664],[98.54168904,10.89179838]],[[98.52111113,13.16583335],[98.52999985,13.14083326],[98.52583325,13.12138891],[98.53888893,13.15416658],[98.52111113,13.16583335]],[[98.51107216,12.28862405],[98.52386451,12.27403045],[98.53873122,12.29158604],[98.52353585,12.29464281],[98.51107216,12.28862405]],[[98.48944437,13.18166661],[98.51750004,13.17416656],[98.53666663,13.20416665],[98.50722206,13.24361098],[98.48805547,13.2208333],[98.48944437,13.18166661]],[[98.53556454,10.90527928],[98.53368175,10.90493381],[98.53647113,10.90334404],[98.53556454,10.90527928]],[[98.53401876,13.16757333],[98.52434945,13.17006063],[98.52351761,13.16708291],[98.53401876,13.16757333]],[[98.52913725,12.7781862],[98.52819884,12.77859986],[98.52793682,12.77776158],[98.52913725,12.7781862]],[[98.52919185,11.11486971],[98.52662265,11.12508082],[98.52676392,11.1106168],[98.52919185,11.11486971]],[[98.52660811,12.47470283],[98.5238018,12.47294211],[98.52705133,12.46716237],[98.52660811,12.47470283]],[[98.48513198,11.40400243],[98.50905156,11.42390585],[98.52735293,11.41713047],[98.50162971,11.46378934],[98.50307703,11.43121994],[98.47929227,11.41767395],[98.48513198,11.40400243]],[[98.52076805,11.47547245],[98.52533483,11.47713995],[98.52227533,11.47854066],[98.52076805,11.47547245]],[[98.52134264,12.4014554],[98.52457452,12.41552293],[98.51129174,12.44600201],[98.50066328,12.43403804],[98.511132,12.42728364],[98.52134264,12.4014554]],[[98.50365031,10.03389823],[98.50495636,10.00914896],[98.52160394,10.01994884],[98.50365031,10.03389823]],[[98.51005292,11.86671257],[98.51916385,11.87349463],[98.51047373,11.87030315],[98.51005292,11.86671257]],[[98.48858404,12.38742244],[98.50907683,12.37340713],[98.52060068,12.40098524],[98.48858404,12.38742244]],[[98.51368308,12.78503191],[98.51668727,12.78193676],[98.51660621,12.79861116],[98.51368308,12.78503191]],[[98.47583055,12.49649024],[98.47127163,12.40188456],[98.48747146,12.39012885],[98.51286113,12.40434516],[98.49870312,12.43537915],[98.51784515,12.49505472],[98.49982941,12.52094615],[98.47583055,12.49649024]],[[98.51737475,12.50820434],[98.51625526,12.50961506],[98.51623285,12.507918],[98.51737475,12.50820434]],[[98.51461935,10.95692134],[98.51229274,10.95779204],[98.51231647,10.95748484],[98.51461935,10.95692134]],[[98.50994015,12.35091364],[98.50942814,12.35493064],[98.50680006,12.35186195],[98.50994015,12.35091364]],[[98.50605488,12.33554411],[98.49778974,12.34500384],[98.49591172,12.33339596],[98.50605488,12.33554411]],[[98.50619507,12.53191137],[98.5075016,12.52998686],[98.5087862,12.53174496],[98.50619507,12.53191137]],[[98.50620878,10.07572114],[98.50758874,10.0768491],[98.50646496,10.07793522],[98.50620878,10.07572114]],[[98.50501823,10.40521455],[98.50670636,10.40480375],[98.50528026,10.40543628],[98.50501823,10.40521455]],[[98.50083327,10.92807746],[98.50173986,10.92842305],[98.50034523,10.93015122],[98.50083327,10.92807746]],[[98.4990499,12.27797091],[98.50142705,12.27719641],[98.49981201,12.27912927],[98.4990499,12.27797091]],[[98.49993777,10.93231571],[98.50059962,10.93301535],[98.49815202,10.93308997],[98.49993777,10.93231571]],[[98.4924041,12.26497996],[98.49528515,12.27901781],[98.47793376,12.27046645],[98.4924041,12.26497996]],[[98.4795562,11.85968196],[98.47089636,11.83250093],[98.48614204,11.82831371],[98.49932444,11.84647226],[98.4795562,11.85968196]],[[98.49715304,10.00545013],[98.49843216,10.00432754],[98.49756777,10.00667167],[98.49715304,10.00545013]],[[98.49627042,9.98075747],[98.48880434,9.97641933],[98.49772525,9.97225046],[98.49627042,9.98075747]],[[98.49583316,12.30339992],[98.49666655,12.30083334],[98.49760234,12.30185187],[98.49583316,12.30339992]],[[98.49729705,9.99634278],[98.47350061,9.98172164],[98.49748743,9.98926127],[98.49729705,9.99634278]],[[98.49475396,10.03617585],[98.49586964,10.03645253],[98.49538136,10.03748918],[98.49475396,10.03617585]],[[98.49129021,12.31016552],[98.49444616,12.30966532],[98.49276185,12.31110477],[98.49129021,12.31016552]],[[98.42969334,12.32670021],[98.46826255,12.32465684],[98.49315405,12.35468233],[98.47163546,12.39679265],[98.42969334,12.32670021]],[[98.48929966,11.40122175],[98.49175525,11.39870512],[98.49282098,11.40143085],[98.48929966,11.40122175]],[[98.49059021,11.53962052],[98.49080217,11.53694642],[98.49221134,11.53839541],[98.49059021,11.53962052]],[[98.49116695,11.50679183],[98.48798525,11.50986314],[98.48988056,11.50502872],[98.49116695,11.50679183]],[[98.48639941,11.81026781],[98.48626554,11.80785286],[98.48898745,11.81005454],[98.48639941,11.81026781]],[[98.48455191,11.53392684],[98.486889,11.52872241],[98.48744535,11.53366303],[98.48455191,11.53392684]],[[98.48740506,11.87094176],[98.48485434,11.87110364],[98.48660791,11.86974931],[98.48740506,11.87094176]],[[98.48605573,11.51462781],[98.48369277,11.51510251],[98.48384357,11.5145545],[98.48605573,11.51462781]],[[98.48643208,11.87351906],[98.48299694,11.87377274],[98.48367441,11.87234545],[98.48643208,11.87351906]],[[98.47455895,12.55214524],[98.4833672,12.54802442],[98.48080206,12.55636156],[98.47455895,12.55214524]],[[98.48066473,12.24567378],[98.4831078,12.24654031],[98.48162735,12.24957514],[98.48066473,12.24567378]],[[98.48180032,10.8984375],[98.46701753,10.89348733],[98.46895015,10.88011241],[98.48180032,10.8984375]],[[98.48063326,10.0068233],[98.47461212,10.01738632],[98.47812116,10.0053668],[98.48063326,10.0068233]],[[98.46896124,11.09190595],[98.48039937,11.09393764],[98.46568704,11.09575272],[98.46896124,11.09190595]],[[98.29317868,12.64782596],[98.31171024,12.53447735],[98.33848298,12.53455257],[98.31383026,12.50349033],[98.33204055,12.45443845],[98.30364931,12.33805585],[98.33766031,12.31202066],[98.36238945,12.32184696],[98.38020706,12.35201514],[98.40919626,12.38346505],[98.41354096,12.3966459],[98.42404175,12.40273786],[98.42433643,12.43310046],[98.45688987,12.44961476],[98.46126771,12.53367841],[98.47887003,12.57682204],[98.45736671,12.60822976],[98.4375,12.60658467],[98.44493651,12.56995761],[98.42587066,12.54361701],[98.43601692,12.51410794],[98.41991532,12.50434315],[98.42089725,12.52017987],[98.42943442,12.52391505],[98.41208386,12.53707516],[98.41633463,12.5541774],[98.38524294,12.57473695],[98.40657556,12.63076365],[98.3816148,12.66276014],[98.36650693,12.65600646],[98.35882986,12.67776632],[98.34151483,12.66271818],[98.32034123,12.67119014],[98.30583286,12.6874932],[98.29317868,12.64782596]],[[98.47760046,12.22141063],[98.47911108,12.22152472],[98.47817063,12.22300315],[98.47760046,12.22141063]],[[98.47464454,10.42752731],[98.47859704,10.42851424],[98.47498596,10.42928863],[98.47464454,10.42752731]],[[98.47751164,10.79796135],[98.47581255,10.79689467],[98.47744048,10.79695225],[98.47751164,10.79796135]],[[98.47017658,10.44760335],[98.4722048,10.44199371],[98.47626436,10.44393706],[98.47017658,10.44760335]],[[98.47370672,11.80715394],[98.47045422,11.80883682],[98.47071505,11.80714047],[98.47370672,11.80715394]],[[98.46809745,12.07439876],[98.47251785,12.07460213],[98.47097421,12.07701695],[98.46809745,12.07439876]],[[98.47146511,10.19583797],[98.46757042,10.19270933],[98.47082365,10.19277358],[98.47146511,10.19583797]],[[98.46879172,10.43597865],[98.47076082,10.43468022],[98.47032297,10.4361608],[98.46879172,10.43597865]],[[98.46832645,13.03246665],[98.46530974,13.02867866],[98.46966887,13.02658486],[98.46832645,13.03246665]],[[98.45717382,11.85216641],[98.45454562,11.83245218],[98.46794248,11.82602751],[98.46786976,11.84480202],[98.45717382,11.85216641]],[[98.44580555,12.22726655],[98.45740235,12.21171522],[98.46966982,12.2236222],[98.45512676,12.23587275],[98.44580555,12.22726655]],[[98.46513534,11.80346107],[98.46847427,11.80400825],[98.46472955,11.8046875],[98.46513534,11.80346107]],[[98.46714485,12.30324912],[98.45709825,12.29623473],[98.46648955,12.29616547],[98.46714485,12.30324912]],[[98.46638894,13.3905555],[98.46222222,13.39166665],[98.46249986,13.38972223],[98.46638894,13.3905555]],[[98.46658325,10.95324636],[98.46526933,10.95304894],[98.46567166,10.95202911],[98.46658325,10.95324636]],[[98.46527767,12.10777783],[98.46555555,12.10472214],[98.46638894,12.10583317],[98.46527767,12.10777783]],[[98.43443954,10.98195755],[98.44068551,10.95917845],[98.46549356,10.99000156],[98.45785332,11.02181733],[98.43443954,10.98195755]],[[98.46414041,12.10348928],[98.45923817,12.10374796],[98.46288454,12.10080457],[98.46414041,12.10348928]],[[98.45902455,10.36776304],[98.46336031,10.36456037],[98.46202397,10.36852443],[98.45902455,10.36776304]],[[98.46294141,11.09385955],[98.4618026,11.09496725],[98.46237195,11.09384215],[98.46294141,11.09385955]],[[98.46292734,11.53811383],[98.46102047,11.53685212],[98.46236515,11.53649735],[98.46292734,11.53811383]],[[98.46257496,10.94621205],[98.46087372,10.94620907],[98.46109796,10.94588256],[98.46257496,10.94621205]],[[98.46008897,10.95388567],[98.45912325,10.95395446],[98.45910716,10.95366776],[98.46008897,10.95388567]],[[98.46181107,11.86380124],[98.46125233,11.8626281],[98.46167135,11.86242116],[98.46181107,11.86380124]],[[98.45907581,11.27790642],[98.45409298,11.28142095],[98.45452237,11.27875865],[98.45907581,11.27790642]],[[98.45668244,10.78833282],[98.45722377,10.78548956],[98.45938253,10.78699636],[98.45668244,10.78833282]],[[98.45821524,10.78227901],[98.45682061,10.78165674],[98.45807564,10.78193343],[98.45821524,10.78227901]],[[98.45810926,11.85828066],[98.45685208,11.85717654],[98.45789993,11.85724556],[98.45810926,11.85828066]],[[98.45652604,11.37962842],[98.45234132,11.37461114],[98.453426,11.37071133],[98.45652604,11.37962842]],[[98.44605613,12.4177072],[98.45365655,12.43087971],[98.45682693,12.44097948],[98.44446766,12.43177295],[98.44605613,12.4177072]],[[98.45165801,11.90101504],[98.45598722,11.89668035],[98.45287168,11.9024595],[98.45165801,11.90101504]],[[98.45249212,11.35298932],[98.45545995,11.3530333],[98.45545995,11.35738552],[98.45249212,11.35298932]],[[98.45199192,11.3372637],[98.44760847,11.33287275],[98.4480921,11.33092225],[98.45199192,11.3372637]],[[98.45064855,13.36808455],[98.44901252,13.36955321],[98.4485569,13.36828053],[98.45064855,13.36808455]],[[98.43693161,12.24843466],[98.44694662,12.24590635],[98.43548977,12.25274217],[98.43693161,12.24843466]],[[98.44243145,10.51999986],[98.44611001,10.51757026],[98.44257092,10.52048635],[98.44243145,10.51999986]],[[98.4410907,12.11468196],[98.44341481,12.11593175],[98.43889701,12.11934483],[98.4410907,12.11468196]],[[98.40602922,11.84194803],[98.42696655,11.82199705],[98.42965841,11.83907366],[98.43504441,11.84558475],[98.44106615,11.84898865],[98.40998423,11.86972487],[98.40602922,11.84194803]],[[98.4375,12.12416291],[98.44009376,12.12453008],[98.4375,12.12583697],[98.4375,12.12416291]],[[98.43829036,12.41178036],[98.43097174,12.40913105],[98.43220973,12.40629184],[98.43829036,12.41178036]],[[98.43670952,12.37722206],[98.43817604,12.37834096],[98.43800271,12.38006484],[98.43670952,12.37722206]],[[98.43805552,10.93166661],[98.43111098,10.93277764],[98.43472207,10.92666662],[98.43805552,10.93166661]],[[98.43482792,11.89091837],[98.43394864,11.89652574],[98.43190622,11.89472651],[98.43482792,11.89091837]],[[98.43675065,11.84163678],[98.43398094,11.84139037],[98.43639362,11.83942747],[98.43675065,11.84163678]],[[98.43005824,12.3632369],[98.43444192,12.39269483],[98.42566395,12.36051464],[98.43005824,12.3632369]],[[98.43529713,12.28946066],[98.43424427,12.28833747],[98.43539703,12.28799403],[98.43529713,12.28946066]],[[98.43507588,12.28589273],[98.43270206,12.2854377],[98.43341875,12.28356862],[98.43507588,12.28589273]],[[98.43488944,12.27682662],[98.42822921,12.27265716],[98.43314612,12.27181625],[98.43488944,12.27682662]],[[98.42892313,12.21825206],[98.42456818,12.21749043],[98.43048096,12.21106696],[98.42892313,12.21825206]],[[98.42810345,12.20547175],[98.4301939,12.20522177],[98.42880845,12.20737433],[98.42810345,12.20547175]],[[98.42888796,12.18945098],[98.42977166,12.19096565],[98.42861044,12.19105828],[98.42888796,12.18945098]],[[98.4270364,12.18509912],[98.42963552,12.18571675],[98.42701232,12.18691194],[98.4270364,12.18509912]],[[98.42541611,12.18485427],[98.41901732,12.21070647],[98.41022205,12.21114612],[98.40052295,12.21980596],[98.40906668,12.17338681],[98.42541611,12.18485427]],[[98.42255366,12.20580995],[98.42660785,12.20738292],[98.42366052,12.20957148],[98.42255366,12.20580995]],[[98.42228925,12.51899254],[98.42584085,12.5185672],[98.42201364,12.51971495],[98.42228925,12.51899254]],[[98.42538381,11.35702586],[98.42313731,11.35214865],[98.42546737,11.3519721],[98.42538381,11.35702586]],[[98.42331398,12.39407206],[98.42231131,12.39903402],[98.41857576,12.3903898],[98.42331398,12.39407206]],[[98.42334378,12.35083997],[98.42388964,12.34892523],[98.42388964,12.35085392],[98.42334378,12.35083997]],[[98.42148912,12.22985995],[98.4211179,12.22186816],[98.42390025,12.22498333],[98.42148912,12.22985995]],[[98.41603672,12.38012171],[98.41094255,12.38075626],[98.41062784,12.37425435],[98.41603672,12.38012171]],[[98.41540861,12.09353626],[98.41486144,12.09140301],[98.41626751,12.09175742],[98.41540861,12.09353626]],[[98.41435492,12.09668744],[98.41577506,12.09602714],[98.41491187,12.09720552],[98.41435492,12.09668744]],[[98.41406834,12.21574962],[98.41239786,12.21344221],[98.41539335,12.21404135],[98.41406834,12.21574962]],[[98.40804136,12.33054304],[98.40946865,12.33360136],[98.40749562,12.33194828],[98.40804136,12.33054304]],[[98.40483785,12.17425871],[98.40611303,12.17466283],[98.40511096,12.17525077],[98.40483785,12.17425871]],[[98.39739835,12.17526138],[98.37892163,12.15865731],[98.38790762,12.14023316],[98.40487993,12.15419745],[98.39739835,12.17526138]],[[98.40076756,12.06494641],[98.38927984,12.06075513],[98.40321255,12.06149316],[98.40076756,12.06494641]],[[98.40256011,12.33464861],[98.39863634,12.34690142],[98.39353216,12.34852266],[98.40256011,12.33464861]],[[98.39898384,12.22140324],[98.3997215,12.22703731],[98.39899921,12.22724605],[98.39898384,12.22140324]],[[98.39336491,12.12052691],[98.39719665,12.11914861],[98.39460134,12.12199485],[98.39336491,12.12052691]],[[98.39612186,12.58225226],[98.39705694,12.58308041],[98.39574063,12.58407223],[98.39612186,12.58225226]],[[98.38521063,12.26490212],[98.39531195,12.29872775],[98.39054227,12.31905723],[98.36904216,12.31441581],[98.38521063,12.26490212]],[[98.38753867,12.32682371],[98.39250076,12.32824755],[98.39317572,12.32979095],[98.38908064,12.32940042],[98.38753867,12.32682371]],[[98.39090753,12.12066484],[98.38194156,12.11931968],[98.38739896,12.10694456],[98.39090753,12.12066484]],[[98.38590002,12.25278676],[98.38750291,12.25706685],[98.38690555,12.25806963],[98.38590002,12.25278676]],[[98.38575792,12.24528444],[98.38716555,12.24326825],[98.38690472,12.24666893],[98.38575792,12.24528444]],[[98.38159513,12.34690595],[98.38424635,12.35385954],[98.37987041,12.34747255],[98.38159513,12.34690595]],[[98.37152445,12.3165673],[98.37309921,12.32198656],[98.36982954,12.31784773],[98.37152445,12.3165673]],[[98.35770345,12.31013048],[98.35769844,12.29058218],[98.36506474,12.30085826],[98.35770345,12.31013048]],[[98.34965634,10.63265026],[98.35972583,10.63751817],[98.35846555,10.65386868],[98.35358655,10.64504266],[98.34965634,10.63265026]],[[98.35890222,12.7142179],[98.35861647,12.72722805],[98.33134043,12.78647232],[98.33889735,12.72441816],[98.35890222,12.7142179]],[[98.35650563,10.70953012],[98.35645473,10.71115673],[98.35568452,10.71114886],[98.35650563,10.70953012]],[[98.35453618,12.28522742],[98.35781467,12.28479826],[98.35645652,12.28819203],[98.35453618,12.28522742]],[[98.35052454,12.27744222],[98.35053051,12.27891207],[98.34935522,12.27672934],[98.35052454,12.27744222]],[[98.34830844,12.28132153],[98.34640205,12.28120065],[98.34687865,12.27995861],[98.34830844,12.28132153]],[[98.34664535,12.27554774],[98.34779286,12.27444565],[98.34754097,12.27583694],[98.34664535,12.27554774]],[[98.34500003,10.66555548],[98.34749985,10.66555548],[98.34666657,10.66944444],[98.34500003,10.66555548]],[[98.33885455,10.68896782],[98.33781254,10.68192685],[98.34727967,10.68819451],[98.33885455,10.68896782]],[[98.34335005,10.59689057],[98.34294057,10.5902003],[98.34629536,10.59473717],[98.34335005,10.59689057]],[[98.34088445,10.65916348],[98.34401965,10.6605165],[98.34270573,10.66319692],[98.34088445,10.65916348]],[[98.33699036,12.28667486],[98.33255887,12.29020941],[98.33496726,12.28409076],[98.33699036,12.28667486]],[[98.31624854,10.13922715],[98.32249606,10.13032055],[98.33404303,10.12744737],[98.33199084,10.14058125],[98.31624854,10.13922715]],[[98.30504477,12.91214287],[98.29129994,13.04393268],[98.31486773,13.04893887],[98.30681002,13.05834091],[98.33350241,13.07925904],[98.30627465,13.09619784],[98.29400158,13.08049595],[98.2525295,13.22012317],[98.23661804,13.21371651],[98.24645925,13.17251241],[98.23469901,13.14849293],[98.30504477,12.91214287]],[[98.32889426,10.18437123],[98.33057523,10.18372035],[98.32955456,10.18507564],[98.32889426,10.18437123]],[[98.32654893,12.83264387],[98.31846118,12.84788215],[98.32559645,12.82926917],[98.32654893,12.83264387]],[[98.32356203,12.956429],[98.32539701,12.95533085],[98.3250519,12.95655012],[98.32356203,12.956429]],[[98.31795168,10.10477126],[98.32346284,10.10393572],[98.31843436,10.10575688],[98.31795168,10.10477126]],[[98.31138885,13.03250003],[98.31166661,13.01722205],[98.31444442,13.01305544],[98.32249987,13.01972222],[98.31138885,13.03250003]],[[98.31943607,12.67654645],[98.32218325,12.67648685],[98.3212738,12.67882156],[98.31943607,12.67654645]],[[98.29362977,11.02127123],[98.32094467,11.01832283],[98.30713606,11.04169953],[98.29362977,11.02127123]],[[98.32073414,10.26823866],[98.31480014,10.27037084],[98.31970704,10.26553798],[98.32073414,10.26823866]],[[98.32060981,11.52904713],[98.31627953,11.53332555],[98.31809545,11.52104235],[98.32060981,11.52904713]],[[98.19965422,11.42716944],[98.21726465,11.43440533],[98.18960905,11.44622946],[98.21615756,11.45734596],[98.22265983,11.48577332],[98.25113094,11.45575201],[98.25747371,11.47701406],[98.27437866,11.46722615],[98.28625905,11.68502355],[98.31954455,11.72254026],[98.29296887,11.78225422],[98.29720998,11.80059648],[98.28856385,11.80775964],[98.25937474,11.79572678],[98.27277243,11.76405776],[98.25547302,11.76267934],[98.25331545,11.74710441],[98.26781344,11.72926867],[98.24266064,11.72371435],[98.23788488,11.67231965],[98.2210052,11.66251934],[98.2440232,11.6358031],[98.21367633,11.61937022],[98.19122541,11.57542086],[98.21599984,11.55982447],[98.1864953,11.52662063],[98.20275545,11.50916624],[98.18820512,11.48584998],[98.20302057,11.46938264],[98.17988002,11.44780803],[98.16154206,11.45552695],[98.16227126,11.43680465],[98.18029141,11.4437052],[98.19965422,11.42716944]],[[98.31453073,12.68183196],[98.31822193,12.68489301],[98.31331634,12.68697202],[98.31453073,12.68183196]],[[98.3172369,12.86022055],[98.31643522,12.86020267],[98.31718028,12.85936272],[98.3172369,12.86022055]],[[98.31375361,12.86868763],[98.30788565,12.90862167],[98.30612242,12.91077733],[98.31375361,12.86868763]],[[98.26824296,10.14565206],[98.28625345,10.08562517],[98.31107307,10.08806455],[98.31238925,10.12202072],[98.28836584,10.12139738],[98.26824296,10.14565206]],[[98.30778325,10.12821841],[98.31177604,10.13923836],[98.30653441,10.14176846],[98.30778325,10.12821841]],[[98.31300926,11.55846596],[98.31408787,11.56284118],[98.31445575,11.57647061],[98.30867076,11.56431985],[98.31300926,11.55846596]],[[98.30459666,11.52438962],[98.31260824,11.52527475],[98.3096354,11.54099154],[98.30459666,11.52438962]],[[98.30833316,13.13527775],[98.30555546,13.12694442],[98.31333327,13.12388885],[98.30833316,13.13527775]],[[98.31294894,12.69053662],[98.30979943,12.69036186],[98.3118999,12.68907905],[98.31294894,12.69053662]],[[98.31222224,13.11527765],[98.30166662,13.12277782],[98.30916655,13.11222208],[98.31222224,13.11527765]],[[98.30742323,11.57503283],[98.30900085,11.58198845],[98.30627811,11.57509506],[98.30742323,11.57503283]],[[98.30025017,11.77428556],[98.30861855,11.77054882],[98.30302882,11.77734375],[98.30025017,11.77428556]],[[98.24992585,9.95011008],[98.26073801,10.01307452],[98.30427015,10.02172637],[98.29865241,10.03806305],[98.27607441,10.03713512],[98.29721725,10.05109561],[98.27817011,10.06438827],[98.23944783,10.0613538],[98.21664596,10.03226256],[98.17937291,10.03012764],[98.14805567,9.95732951],[98.12587225,9.96383333],[98.11665285,9.84607518],[98.13164675,9.85864961],[98.13796115,9.84068894],[98.15437055,9.86059761],[98.16933227,9.91933632],[98.19072461,9.91856205],[98.23707175,9.95624816],[98.24992585,9.95011008]],[[98.26199067,10.69066513],[98.29805231,10.735466],[98.27769291,10.77274597],[98.30272686,10.77271903],[98.30238831,10.78629231],[98.27905834,10.78398025],[98.27963865,10.82591915],[98.26759398,10.85835397],[98.24713743,10.85527623],[98.21821892,10.95691645],[98.17590368,10.99086297],[98.15514016,10.97520411],[98.14656854,10.98361254],[98.12247443,10.92232168],[98.10512507,10.92412543],[98.08047616,10.89355731],[98.08255315,10.87161052],[98.12449253,10.90238595],[98.13871086,10.89558232],[98.15476584,10.92608964],[98.17701626,10.90167224],[98.17378294,10.88211274],[98.19119346,10.89728916],[98.21557033,10.86473143],[98.21777296,10.8866955],[98.22625375,10.84358525],[98.25254917,10.83691752],[98.23594785,10.77867866],[98.25284493,10.75912464],[98.23453975,10.74842],[98.24216938,10.71048725],[98.25558436,10.71081865],[98.22722328,10.69344735],[98.26199067,10.69066513]],[[98.30151927,12.57381773],[98.29894996,12.57610273],[98.29822075,12.57390356],[98.30151927,12.57381773]],[[98.29555547,13.11944437],[98.30055547,13.11472225],[98.30027783,13.12444437],[98.29555547,13.11944437]],[[98.29361105,13.12916672],[98.30055547,13.13916671],[98.29416657,13.14305556],[98.29361105,13.12916672]],[[98.29438567,11.85348034],[98.2991935,11.85499752],[98.29419625,11.85492384],[98.29438567,11.85348034]],[[98.28470695,10.33707786],[98.298527,10.33903837],[98.28807557,10.34631753],[98.28470695,10.33707786]],[[98.29691458,13.15378726],[98.29472208,13.15111113],[98.29694438,13.15055561],[98.29691458,13.15378726]],[[98.29305553,10.76194441],[98.29444444,10.75472224],[98.29638875,10.75666654],[98.29305553,10.76194441]],[[98.25499165,11.80705571],[98.29005277,11.81922293],[98.28592432,11.85245955],[98.25343955,11.83446324],[98.25499165,11.80705571]],[[98.24939156,11.91094685],[98.26147497,11.85013986],[98.2794826,11.86300182],[98.28041887,11.89133024],[98.29549098,11.89439535],[98.26724064,11.92246008],[98.24939156,11.91094685]],[[98.29417455,13.14885485],[98.29333317,13.14666665],[98.29416657,13.14583325],[98.29417455,13.14885485]],[[98.28944194,11.25360095],[98.29229224,11.25616956],[98.2891525,11.25432122],[98.28944194,11.25360095]],[[98.24540734,11.19370186],[98.28838313,11.21166515],[98.29216886,11.22953558],[98.26143205,11.23271847],[98.27693522,11.24021625],[98.25884795,11.25459897],[98.27437103,11.259202],[98.20504034,11.24087393],[98.22687042,11.24093342],[98.24540734,11.19370186]],[[98.28503656,10.40171313],[98.29225135,10.40469313],[98.28998125,10.40890121],[98.28503656,10.40171313]],[[98.22416306,12.50365806],[98.25402474,12.48806012],[98.28941333,12.50795341],[98.26246297,12.56577253],[98.22826421,12.54595661],[98.22416306,12.50365806]],[[98.28855312,11.9610095],[98.28386402,11.95832312],[98.28951871,11.95717073],[98.28855312,11.9610095]],[[98.28678584,12.53129375],[98.28831363,12.53651595],[98.28494716,12.53352535],[98.28678584,12.53129375]],[[98.28888893,10.75972223],[98.2855556,10.75972223],[98.28777766,10.75833333],[98.28888893,10.75972223]],[[98.24118245,11.26237905],[98.26007986,11.28052735],[98.25081718,11.2980051],[98.27353311,11.28973055],[98.2827481,11.30747962],[98.27297521,11.33690023],[98.20622385,11.26912022],[98.24118245,11.26237905]],[[98.27886963,10.43489933],[98.2784692,10.43229711],[98.28315282,10.44119024],[98.27886963,10.43489933]],[[98.28079402,12.01615477],[98.28067803,12.01396096],[98.28319311,12.01444864],[98.28079402,12.01615477]],[[98.2827332,11.39470625],[98.26125455,11.39939356],[98.26895344,11.38926554],[98.2827332,11.39470625]],[[98.2750411,12.56183457],[98.26850677,12.5552901],[98.28194654,12.55017376],[98.2750411,12.56183457]],[[98.27643406,11.96272874],[98.28179574,11.96345556],[98.27665246,11.96543133],[98.27643406,11.96272874]],[[98.27455008,10.16941845],[98.28049624,10.17370725],[98.27358651,10.17420161],[98.27455008,10.16941845]],[[98.27589035,11.20232677],[98.27644145,11.19829237],[98.28097141,11.20013177],[98.27589035,11.20232677]],[[98.27276123,11.94011235],[98.28006923,11.93657184],[98.27825952,11.94138002],[98.27276123,11.94011235]],[[98.27994931,11.80874836],[98.27813065,11.8081007],[98.28004384,11.80819821],[98.27994931,11.80874836]],[[98.27970696,11.40883803],[98.27060342,11.4112519],[98.27491224,11.40576565],[98.27970696,11.40883803]],[[98.27169478,11.92965806],[98.27488995,11.92605782],[98.27887154,11.93043995],[98.27169478,11.92965806]],[[98.27794063,11.92072976],[98.27616036,11.91954195],[98.27840912,11.9191246],[98.27794063,11.92072976]],[[98.27567267,12.24623537],[98.2761631,12.25171494],[98.27445376,12.24639368],[98.27567267,12.24623537]],[[98.25021863,11.99198294],[98.22453737,11.95151377],[98.26150918,11.92784965],[98.26383805,11.93894148],[98.27491236,11.94566226],[98.26019287,11.95573592],[98.26538575,11.97564626],[98.25021863,11.99198294]],[[98.26846814,11.35747647],[98.27369285,11.35792494],[98.26850855,11.35917234],[98.26846814,11.35747647]],[[98.27268505,11.19609332],[98.26388776,11.19564414],[98.27285814,11.19468105],[98.27268505,11.19609332]],[[98.2687484,11.93621731],[98.26760125,11.93741906],[98.27063394,11.93193865],[98.2687484,11.93621731]],[[98.25625324,10.64980364],[98.27071655,10.68091226],[98.26559985,10.68437087],[98.2393378,10.6712085],[98.23591614,10.65233254],[98.25625324,10.64980364]],[[98.26881647,11.46209431],[98.26958478,11.46292233],[98.26846743,11.46347427],[98.26881647,11.46209431]],[[98.26583266,11.98524678],[98.26809013,11.98448014],[98.26571047,11.98632813],[98.26583266,11.98524678]],[[98.26642394,11.45434988],[98.26793635,11.4517796],[98.2676872,11.45449221],[98.26642394,11.45434988]],[[98.26762414,10.86367953],[98.26350617,10.86392045],[98.26739955,10.86257315],[98.26762414,10.86367953]],[[98.26460934,11.85048163],[98.26361811,11.84547305],[98.267609,11.84806836],[98.26460934,11.85048163]],[[98.26581335,11.97888136],[98.26721024,11.97943342],[98.26539421,11.98012352],[98.26581335,11.97888136]],[[98.26043093,12.03055203],[98.26382244,12.02987194],[98.26396775,12.03318453],[98.26043093,12.03055203]],[[98.26228607,10.64732134],[98.25920534,10.63953376],[98.26423836,10.64543366],[98.26228607,10.64732134]],[[98.26285553,11.28830636],[98.25991821,11.28609288],[98.26359355,11.28629327],[98.26285553,11.28830636]],[[98.24019015,11.34117603],[98.26337516,11.37796271],[98.23563707,11.36357832],[98.24019015,11.34117603]],[[98.25589681,12.30852151],[98.26085711,12.30365992],[98.26250386,12.30971098],[98.25589681,12.30852151]],[[98.26293695,11.38833058],[98.2590487,11.38594461],[98.26200855,11.38642561],[98.26293695,11.38833058]],[[98.25349546,11.16755152],[98.26197433,11.18484294],[98.24952614,11.18493867],[98.25349546,11.16755152]],[[98.26005566,12.01767766],[98.26206148,12.01708746],[98.2606883,12.01973105],[98.26005566,12.01767766]],[[98.24486673,10.61776173],[98.26055884,10.61971152],[98.26017117,10.63277614],[98.24486673,10.61776173]],[[98.25979614,10.90041125],[98.25617671,10.8984375],[98.25732446,10.89738238],[98.25979614,10.90041125]],[[98.25228035,12.89204955],[98.25788593,12.89437628],[98.25052667,12.89414763],[98.25228035,12.89204955]],[[98.25939322,12.24934423],[98.25751746,12.24902523],[98.25822341,12.24751794],[98.25939322,12.24934423]],[[98.24856424,12.29396987],[98.25882661,12.29766667],[98.25119245,12.3255136],[98.24361265,12.31481695],[98.24856424,12.29396987]],[[98.25574887,12.02281821],[98.25794601,12.02390254],[98.25615513,12.02430594],[98.25574887,12.02281821]],[[98.24751341,10.91246235],[98.25182092,10.91843533],[98.24617267,10.92115104],[98.24751341,10.91246235]],[[98.25242412,11.80626225],[98.24891984,11.80509496],[98.25055242,11.80245447],[98.25242412,11.80626225]],[[98.25228894,10.25197196],[98.23381841,10.26005387],[98.24402607,10.23275483],[98.25228894,10.25197196]],[[98.2422266,12.21544456],[98.25088143,12.20176828],[98.24301136,12.22437906],[98.2422266,12.21544456]],[[98.24452794,12.34986496],[98.24388373,12.32983851],[98.24921846,12.32723904],[98.24452794,12.34986496]],[[98.25085807,12.88992977],[98.25205672,12.89012134],[98.25144851,12.89128923],[98.25085807,12.88992977]],[[98.24630666,10.64248276],[98.25094605,10.6430186],[98.2462604,10.64355552],[98.24630666,10.64248276]],[[98.24920523,12.32675636],[98.24987066,12.32499981],[98.25031066,12.32640994],[98.24920523,12.32675636]],[[98.24947965,12.88921535],[98.24952495,12.89101493],[98.24843931,12.88951945],[98.24947965,12.88921535]],[[98.23769546,10.46283901],[98.24995851,10.45626557],[98.24024177,10.46656024],[98.23769546,10.46283901]],[[98.24712467,10.76414955],[98.24478543,10.76323771],[98.24616468,10.76234615],[98.24712467,10.76414955]],[[98.24441481,10.15606916],[98.24673581,10.1569705],[98.24344885,10.15827131],[98.24441481,10.15606916]],[[98.24661446,10.58241332],[98.24373913,10.58010733],[98.24422574,10.57935023],[98.24661446,10.58241332]],[[98.24642956,10.92787361],[98.24374104,10.92707145],[98.24588215,10.92397988],[98.24642956,10.92787361]],[[98.23764527,12.00340652],[98.24382222,12.00312591],[98.24196506,12.00617671],[98.23764527,12.00340652]],[[98.24314582,10.76349187],[98.23642838,10.76594031],[98.23619115,10.76551235],[98.24314582,10.76349187]],[[98.23966718,10.22095275],[98.24214184,10.22107613],[98.24177444,10.22425175],[98.23966718,10.22095275]],[[98.24027765,13.90777767],[98.2272222,13.92944443],[98.23527765,13.88833332],[98.24027765,13.90777767]],[[98.23018444,10.56532657],[98.22987306,10.54619741],[98.23993826,10.56319773],[98.23018444,10.56532657]],[[98.19123173,10.09703135],[98.17755222,10.03698575],[98.19156325,10.03856361],[98.18850923,10.07208335],[98.20204234,10.08520103],[98.19217074,10.11969972],[98.21146095,10.13811171],[98.229442,10.13372004],[98.2393409,10.16843903],[98.20846808,10.17142451],[98.20514727,10.19663906],[98.17857325,10.1953125],[98.19091177,10.18105757],[98.16699696,10.14386141],[98.19123173,10.09703135]],[[98.23917866,12.96413243],[98.23763847,12.96219444],[98.23852515,12.96205294],[98.23917866,12.96413243]],[[98.23831046,12.01381075],[98.23149967,12.01327324],[98.23752785,12.00908256],[98.23831046,12.01381075]],[[98.19588435,10.5256356],[98.19207144,10.48288012],[98.23412406,10.48858285],[98.23622596,10.53276658],[98.19588435,10.5256356]],[[98.23718131,12.40514457],[98.23220551,12.40486944],[98.23429346,12.40202665],[98.23718131,12.40514457]],[[98.23123097,12.37993503],[98.21574044,12.3580085],[98.23562455,12.36058605],[98.23123097,12.37993503]],[[98.23218954,10.61652243],[98.23350596,10.62738121],[98.22656381,10.62273896],[98.23218954,10.61652243]],[[98.2346158,10.64405286],[98.23598576,10.64771545],[98.23356175,10.64528847],[98.2346158,10.64405286]],[[98.23480594,12.35884476],[98.23534644,12.35701907],[98.23675215,12.35777664],[98.23480594,12.35884476]],[[98.23426151,10.58485317],[98.23657584,10.58486915],[98.23428154,10.58714664],[98.23426151,10.58485317]],[[98.23606563,10.27088475],[98.23456621,10.27098596],[98.23456275,10.27059865],[98.23606563,10.27088475]],[[98.23557925,11.90532255],[98.2335602,11.9055165],[98.23565996,11.90185094],[98.23557925,11.90532255]],[[98.22783267,9.93844461],[98.2349894,9.92438424],[98.22825456,9.93886244],[98.22783267,9.93844461]],[[98.23128486,10.47945786],[98.23427463,10.47982526],[98.23252344,10.48251927],[98.23128486,10.47945786]],[[98.23145127,11.39408934],[98.23399055,11.39447761],[98.2315886,11.39613235],[98.23145127,11.39408934]],[[98.23145795,10.47090292],[98.23327768,10.4715867],[98.23261571,10.47205174],[98.23145795,10.47090292]],[[98.23280585,12.98436892],[98.23144925,12.98468065],[98.23167336,12.98426962],[98.23280585,12.98436892]],[[98.23249054,12.97777033],[98.23147905,12.9778161],[98.23220074,12.97595596],[98.23249054,12.97777033]],[[98.23222208,10.72805548],[98.22833335,10.72916663],[98.23111105,10.72527766],[98.23222208,10.72805548]],[[98.2308377,11.38181222],[98.21874177,11.39700174],[98.22806835,11.37921715],[98.2308377,11.38181222]],[[98.22027767,13.77472222],[98.22972214,13.78472221],[98.22972214,13.81305552],[98.22027767,13.77472222]],[[98.22866893,12.35579646],[98.22744775,12.35242927],[98.2299242,12.35424685],[98.22866893,12.35579646]],[[98.22971535,10.64492714],[98.22797894,10.6450361],[98.22795975,10.64430904],[98.22971535,10.64492714]],[[98.22833335,13.86611116],[98.2272222,13.88361096],[98.22333336,13.88750005],[98.2230556,13.87638891],[98.22833335,13.86611116]],[[98.22775185,10.63888335],[98.22776711,10.64074993],[98.22625935,10.63932633],[98.22775185,10.63888335]],[[98.22598922,12.64023852],[98.22846806,12.63919318],[98.22667527,12.64095855],[98.22598922,12.64023852]],[[98.22555554,13.90777767],[98.22333336,13.89666665],[98.22583318,13.8927778],[98.22555554,13.90777767]],[[98.22589815,10.12978971],[98.22040236,10.12444651],[98.22311592,10.12098634],[98.22589815,10.12978971]],[[98.22573853,10.80989492],[98.22459602,10.80971932],[98.22503686,10.80740535],[98.22573853,10.80989492]],[[98.19694436,13.74944437],[98.22555554,13.84888875],[98.21888876,13.86888886],[98.18583333,13.7897222],[98.19694436,13.74944437]],[[98.22526336,10.46440828],[98.21189284,10.4607445],[98.21429241,10.43312848],[98.22526336,10.46440828]],[[98.22360575,11.83595347],[98.22408175,11.83685505],[98.22187602,11.83687937],[98.22360575,11.83595347]],[[98.22467351,10.39237106],[98.22288775,10.39398301],[98.22243714,10.39135265],[98.22467351,10.39237106]],[[98.22090507,11.87701797],[98.22106385,11.87412345],[98.22417223,11.87320757],[98.22090507,11.87701797]],[[98.21371603,12.81997395],[98.22397804,12.82089055],[98.2148056,12.82477665],[98.21371603,12.81997395]],[[98.20953286,12.63542604],[98.22307694,12.63780427],[98.21469796,12.65010595],[98.20953286,12.63542604]],[[98.20783961,10.05235422],[98.22135556,10.04630125],[98.22204185,10.05674505],[98.20783961,10.05235422]],[[98.20552826,12.22348642],[98.22048581,12.22511804],[98.21589601,12.22745097],[98.20552826,12.22348642]],[[98.21650088,12.45258784],[98.22042,12.45059884],[98.21717942,12.45541823],[98.21650088,12.45258784]],[[98.21500003,13.92777765],[98.21555555,13.96388876],[98.20416665,13.96638894],[98.21500003,13.92777765]],[[98.21625066,10.04282916],[98.21922231,10.04290688],[98.21625066,10.04338717],[98.21625066,10.04282916]],[[98.21836245,12.44130385],[98.21565151,12.44220448],[98.21743524,12.43819284],[98.21836245,12.44130385]],[[98.21674073,11.88043702],[98.21379316,11.88424122],[98.20692825,11.88260162],[98.21674073,11.88043702]],[[98.21162283,11.86125147],[98.21528041,11.85497642],[98.21614778,11.87448871],[98.18758082,11.87038314],[98.21162283,11.86125147]],[[98.21724164,12.66077006],[98.20605052,12.66280782],[98.21661067,12.65923584],[98.21724164,12.66077006]],[[98.21655667,10.97451675],[98.21297705,10.97603643],[98.21309984,10.97136807],[98.21655667,10.97451675]],[[98.21029305,12.45445955],[98.21395743,12.4551897],[98.21183276,12.45651114],[98.21029305,12.45445955]],[[98.21278477,11.83008635],[98.21474552,11.83039856],[98.21258497,11.83075941],[98.21278477,11.83008635]],[[98.21199381,11.78671205],[98.21424484,11.78027344],[98.21414816,11.78677022],[98.21199381,11.78671205]],[[98.21369946,11.42415917],[98.20882332,11.42402375],[98.21413887,11.42306054],[98.21369946,11.42415917]],[[98.21138465,12.41434121],[98.21397567,12.41389954],[98.21230662,12.4154222],[98.21138465,12.41434121]],[[98.21047592,11.90014255],[98.21391547,11.89406455],[98.21126282,11.90138185],[98.21047592,11.90014255]],[[98.21075594,9.83531916],[98.21222222,9.83527768],[98.21069324,9.83687723],[98.21075594,9.83531916]],[[98.21164894,11.90355885],[98.20850587,11.90556002],[98.21115994,11.90197158],[98.21164894,11.90355885]],[[98.20675194,11.31006837],[98.21065664,11.30872583],[98.20667887,11.31080532],[98.20675194,11.31006837]],[[98.20866013,10.83624363],[98.21028745,10.83552635],[98.20933247,10.83824074],[98.20866013,10.83624363]],[[98.20919013,11.26616943],[98.20681942,11.26588237],[98.21026635,11.26527071],[98.20919013,11.26616943]],[[98.20772088,11.82448971],[98.20827258,11.82559717],[98.20716941,11.82559717],[98.20772088,11.82448971]],[[98.19342422,11.83895135],[98.20061255,11.85117304],[98.18906891,11.85463464],[98.19342422,11.83895135]],[[98.20972514,10.83114302],[98.20349205,10.82996225],[98.20641851,10.82496345],[98.20972514,10.83114302]],[[98.20555556,13.96722221],[98.20749986,13.9708333],[98.20388877,13.96777773],[98.20555556,13.96722221]],[[98.20500004,13.61472225],[98.19916666,13.60000002],[98.19944441,13.59694445],[98.20638883,13.60027766],[98.20500004,13.61472225]],[[98.20135522,11.28155911],[98.20780742,11.28167081],[98.20811141,11.28287292],[98.20135522,11.28155911]],[[98.20690155,12.28691912],[98.20601988,12.28885424],[98.20480955,12.28861535],[98.20690155,12.28691912]],[[98.20640898,11.92385805],[98.20529151,11.93400407],[98.20240355,11.93646264],[98.20640898,11.92385805]],[[98.20621026,10.79665971],[98.19940257,10.7975651],[98.20264268,10.79364026],[98.20621026,10.79665971]],[[98.20426166,10.53253365],[98.2060858,10.53221953],[98.20480442,10.53304017],[98.20426166,10.53253365]],[[98.20388877,13.84972215],[98.19305551,13.83138883],[98.19333327,13.82916665],[98.20388877,13.84972215]],[[98.20343184,11.27554905],[98.20495844,11.27427495],[98.20570123,11.27557611],[98.20343184,11.27554905]],[[98.20365918,9.8328495],[98.20335424,9.83098638],[98.20500004,9.83249986],[98.20365918,9.8328495]],[[98.20486116,10.83911288],[98.19227135,10.84248531],[98.19647145,10.83193636],[98.20486116,10.83911288]],[[98.20218527,11.85391307],[98.20354235,11.85471761],[98.20188212,11.85473335],[98.20218527,11.85391307]],[[98.20028567,9.82916844],[98.19987345,9.82732034],[98.20365965,9.82586205],[98.20028567,9.82916844]],[[98.20064116,11.2755295],[98.20262516,11.27540207],[98.20233607,11.27737963],[98.20064116,11.2755295]],[[98.19648397,9.81633174],[98.19959855,9.81152093],[98.2019279,9.81537676],[98.19648397,9.81633174]],[[98.20130575,10.97787547],[98.198053,10.97675812],[98.19946015,10.97615695],[98.20130575,10.97787547]],[[98.19989753,10.81092882],[98.19871783,10.82819247],[98.19483328,10.83095348],[98.19385564,10.82186937],[98.19989753,10.81092882]],[[98.19846284,13.63242841],[98.20000005,13.63222206],[98.20000005,13.63444436],[98.19846284,13.63242841]],[[98.19958127,14.00748503],[98.19624543,14.00704002],[98.19975984,14.00715482],[98.19958127,14.00748503]],[[98.19675243,9.82530296],[98.19743752,9.82397985],[98.19805372,9.82449377],[98.19675243,9.82530296]],[[98.19055545,13.61305547],[98.19778311,13.63256311],[98.19305551,13.64972222],[98.17861116,13.63055551],[98.19055545,13.61305547]],[[98.19764733,10.65952706],[98.19380116,10.66200686],[98.19617474,10.6570183],[98.19764733,10.65952706]],[[98.19660437,12.91560996],[98.19752932,12.92603433],[98.18215764,12.94265497],[98.17593634,12.92521691],[98.19660437,12.91560996]],[[98.19393015,12.45659995],[98.19518554,12.46063054],[98.19279218,12.46039951],[98.19393015,12.45659995]],[[98.19583547,10.98756766],[98.18416655,10.98694444],[98.19472206,10.98277783],[98.19583547,10.98756766]],[[98.1921339,10.83189225],[98.19078004,10.84262514],[98.19528115,10.86056006],[98.17588711,10.85930598],[98.1921339,10.83189225]],[[98.18245506,10.46762586],[98.18709898,10.4603703],[98.19601655,10.46374643],[98.18245506,10.46762586]],[[98.19352305,13.66211546],[98.18416655,13.66777766],[98.19085896,13.65592825],[98.19352305,13.66211546]],[[98.19083333,12.65111113],[98.1893059,12.65610623],[98.18416655,12.65361094],[98.19083333,12.65111113]],[[98.18014133,12.20139444],[98.19032896,12.20712662],[98.19129455,12.21250474],[98.18014133,12.20139444]],[[98.18982255,11.89342451],[98.18831241,11.89237905],[98.19118011,11.89257622],[98.18982255,11.89342451]],[[98.19006443,14.01215053],[98.18445575,14.01243198],[98.19053805,14.01160181],[98.19006443,14.01215053]],[[98.18675661,9.80851996],[98.18267572,9.81071675],[98.18036795,9.80890131],[98.18675661,9.80851996]],[[98.18706214,14.10945272],[98.18067622,14.10812926],[98.17773175,14.10338986],[98.18706214,14.10945272]],[[98.18594575,12.37468934],[98.18353415,12.37480271],[98.18073487,12.3735038],[98.18594575,12.37468934]],[[98.17479265,14.03558314],[98.18532348,14.05042291],[98.18287027,14.05253804],[98.17479265,14.03558314]],[[98.18326151,11.8742187],[98.18439305,11.87224507],[98.18578994,11.87394273],[98.18326151,11.8742187]],[[98.18530345,14.01604104],[98.18246758,14.02096677],[98.18099844,14.01515591],[98.18530345,14.01604104]],[[98.18360305,12.39105606],[98.18391502,12.38865793],[98.18488646,12.39011395],[98.18360305,12.39105606]],[[98.18306816,14.02418685],[98.17898095,14.02674258],[98.17939377,14.02125287],[98.18306816,14.02418685]],[[98.18195415,9.80439258],[98.18416655,9.80472207],[98.18216324,9.80563903],[98.18195415,9.80439258]],[[98.18392742,10.68230534],[98.18190575,10.6820389],[98.18371046,10.68095684],[98.18392742,10.68230534]],[[98.18349814,11.86092555],[98.18104672,11.85945141],[98.18326032,11.85856175],[98.18349814,11.86092555]],[[98.17412162,12.37286687],[98.17854905,12.36444974],[98.18166745,12.36410975],[98.17412162,12.37286687]],[[98.17916262,11.39683867],[98.17779875,11.40410841],[98.17788994,11.39590251],[98.17916262,11.39683867]],[[98.17797053,14.07697678],[98.17322695,14.07342017],[98.17929006,14.07035625],[98.17797053,14.07697678]],[[98.17509222,12.35163045],[98.17318547,12.36439717],[98.16512823,12.35826361],[98.17509222,12.35163045]],[[98.17478907,12.47601986],[98.17061818,12.48279464],[98.17151594,12.47440231],[98.17478907,12.47601986]],[[98.17555273,10.68378043],[98.17442024,10.68398154],[98.17466247,10.68250191],[98.17555273,10.68378043]],[[98.17166662,12.27111113],[98.17250001,12.27666664],[98.16916656,12.27111113],[98.17166662,12.27111113]],[[98.1733433,12.68743825],[98.17219424,12.68675613],[98.17397153,12.68662977],[98.1733433,12.68743825]],[[98.16973186,12.29502487],[98.17315555,12.29540026],[98.17034936,12.29831183],[98.16973186,12.29502487]],[[98.17163491,12.37684083],[98.17121577,12.37811935],[98.17060363,12.37764871],[98.17163491,12.37684083]],[[98.16403246,10.47609508],[98.16038716,10.46801186],[98.17169571,10.47415555],[98.16403246,10.47609508]],[[98.17058671,10.46635461],[98.16864204,10.46787012],[98.16937995,10.46595204],[98.17058671,10.46635461]],[[98.1664685,9.77204227],[98.16788423,9.76643348],[98.17094076,9.77080357],[98.1664685,9.77204227]],[[98.11963725,12.41950333],[98.16833281,12.40911925],[98.16381514,12.42434025],[98.13748658,12.43331456],[98.11963725,12.41950333]],[[98.16794908,12.24288845],[98.16268933,12.23958075],[98.16370344,12.23848784],[98.16794908,12.24288845]],[[98.16622162,10.44852495],[98.1617645,10.45041275],[98.16207313,10.44586062],[98.16622162,10.44852495]],[[98.16532767,12.22697842],[98.16452444,12.22909236],[98.16364801,12.2276721],[98.16532767,12.22697842]],[[98.16549134,12.25680983],[98.16114604,12.26576102],[98.16007984,12.26456475],[98.16549134,12.25680983]],[[98.16463864,11.83347297],[98.16215956,11.83162558],[98.16301835,11.831514],[98.16463864,11.83347297]],[[98.16280985,12.23296046],[98.16448915,12.23433804],[98.16211033,12.23557794],[98.16280985,12.23296046]],[[98.16111112,9.76944435],[98.16305554,9.76833332],[98.16267943,9.76973677],[98.16111112,9.76944435]],[[98.15651357,10.16307294],[98.13492882,10.15647411],[98.14005113,10.14288044],[98.15743005,10.13907433],[98.15651357,10.16307294]],[[98.16041195,12.23274386],[98.16192281,12.23064721],[98.16254675,12.23172402],[98.16041195,12.23274386]],[[98.15418005,12.28817415],[98.16222262,12.28817403],[98.1611582,12.29539621],[98.15418005,12.28817415]],[[98.16061461,12.39615655],[98.16008437,12.39523351],[98.16182411,12.39497662],[98.16061461,12.39615655]],[[98.15568471,12.20866764],[98.16173112,12.20659387],[98.16033077,12.21147406],[98.15568471,12.20866764]],[[98.09794831,12.33167231],[98.10722005,12.34528995],[98.11261475,12.32843876],[98.15065634,12.32870674],[98.15896225,12.34143364],[98.13947308,12.34628856],[98.15843046,12.35533547],[98.13385236,12.35595655],[98.14300847,12.3693943],[98.1309123,12.37246168],[98.1013118,12.36385775],[98.10528314,12.35559046],[98.09794831,12.33167231]],[[98.16053164,11.98007774],[98.15469992,11.9830724],[98.15625274,11.97964787],[98.16053164,11.98007774]],[[98.15970886,9.76266766],[98.14815021,9.76100755],[98.15797293,9.75392401],[98.15970886,9.76266766]],[[98.15877295,12.35988772],[98.15671468,12.35909462],[98.15894735,12.35926402],[98.15877295,12.35988772]],[[98.15504897,12.43059087],[98.15851462,12.43147922],[98.15662122,12.43498886],[98.15504897,12.43059087]],[[98.15758395,12.19357693],[98.15241826,12.19573045],[98.1567806,12.19197226],[98.15758395,12.19357693]],[[98.15523076,10.13291657],[98.15754855,10.13413608],[98.15672755,10.13581252],[98.15523076,10.13291657]],[[98.15632176,12.23254394],[98.15517175,12.2374922],[98.15243423,12.23325181],[98.15632176,12.23254394]],[[98.14419353,12.4687283],[98.15530837,12.47870994],[98.15553665,12.49911475],[98.14296544,12.49087727],[98.14419353,12.4687283]],[[98.15352082,12.1835469],[98.14102554,12.17839718],[98.14958405,12.16356576],[98.15548694,12.16964865],[98.15352082,12.1835469]],[[98.15368605,9.75258005],[98.15499985,9.75388885],[98.15416658,9.75388885],[98.15368605,9.75258005]],[[98.14196086,12.19938517],[98.14579225,12.21459711],[98.12746835,12.21313167],[98.14196086,12.19938517]],[[98.15231824,12.40088224],[98.14785147,12.40579665],[98.14650035,12.40438092],[98.15231824,12.40088224]],[[98.15223706,12.30783403],[98.15431786,12.30736804],[98.15334046,12.30871773],[98.15223706,12.30783403]],[[98.14605904,12.00005913],[98.13638532,12.00320041],[98.15297282,11.99136555],[98.14605904,12.00005913]],[[98.15214467,9.75125945],[98.15361094,9.75027776],[98.15361094,9.75083327],[98.15214467,9.75125945]],[[98.12883067,12.13993442],[98.15134561,12.14236486],[98.13809013,12.15015626],[98.13427115,12.17347705],[98.14802563,12.19062531],[98.12614214,12.2072674],[98.10403144,12.19960582],[98.13710976,12.22109163],[98.1366899,12.28443646],[98.07945454,12.30530131],[98.04636991,12.24533618],[98.04558206,12.20237923],[98.06792915,12.19493961],[98.08004725,12.16300917],[98.12114823,12.16514897],[98.12883067,12.13993442]],[[98.14859128,12.15900707],[98.14044893,12.16004384],[98.14201772,12.15275896],[98.14859128,12.15900707]],[[98.14536512,10.17252481],[98.14763653,10.17145574],[98.14497018,10.17591071],[98.14536512,10.17252481]],[[98.14159441,11.43969524],[98.13173294,11.46694326],[98.12155068,11.46398437],[98.12719297,11.43526685],[98.14159441,11.43969524]],[[98.13749266,11.36314392],[98.14532375,11.41122866],[98.09432495,11.40801704],[98.12064374,11.36708176],[98.12469685,11.38537145],[98.13749266,11.36314392]],[[98.13300824,12.38076365],[98.14487004,12.3858242],[98.14159453,12.39238906],[98.13300824,12.38076365]],[[98.13904357,12.28458381],[98.14240384,12.28550553],[98.14113116,12.2869488],[98.13904357,12.28458381]],[[98.13536394,12.12792206],[98.13048553,12.13166237],[98.13838041,12.12452364],[98.13536394,12.12792206]],[[98.13681912,12.11566532],[98.13657212,12.11218774],[98.13808775,12.11310041],[98.13681912,12.11566532]],[[98.13194442,13.53138876],[98.12784517,13.53429294],[98.12916672,13.52861094],[98.13194442,13.53138876]],[[98.12570286,11.47191393],[98.12776172,11.47403026],[98.12486291,11.47751105],[98.12570286,11.47191393]],[[98.12440324,10.16140175],[98.12233031,10.16344452],[98.12264752,10.16024733],[98.12440324,10.16140175]],[[97.95898902,12.32694936],[98.01320195,12.26400852],[98.0023272,12.3046875],[98.04843736,12.32450295],[98.06898773,12.34969687],[98.05959046,12.36235273],[98.09210885,12.36055112],[98.10998416,12.40335751],[98.12312305,12.40261793],[98.09869075,12.41462314],[98.09382224,12.43706071],[98.03980625,12.3568933],[98.02290845,12.36961496],[97.99532306,12.34365952],[97.99046946,12.34998453],[98.01281726,12.36066842],[97.99845254,12.37063003],[98.00631011,12.39178312],[98.02497256,12.38942277],[98.02087545,12.39852655],[98.02879691,12.41751862],[97.97284424,12.37410486],[97.9745419,12.39436531],[97.95326233,12.38597572],[97.93692207,12.33928144],[97.96843302,12.36960471],[97.97525775,12.34736955],[97.94149411,12.31676304],[97.95898902,12.32694936]],[[98.12246466,9.82464635],[98.12225592,9.82630777],[98.12169886,9.82464635],[98.12246466,9.82464635]],[[98.12326753,11.82657588],[98.1143434,11.82557285],[98.11056495,11.81937504],[98.12177336,11.82286012],[98.12326753,11.82657588]],[[98.11966956,11.76245236],[98.10774767,11.75975323],[98.10674953,11.75687325],[98.11966956,11.76245236]],[[98.11292458,9.80691516],[98.10186255,9.79803824],[98.11512065,9.779585],[98.11292458,9.80691516]],[[98.11586285,9.82702887],[98.10873175,9.82326222],[98.11333692,9.8211658],[98.11586285,9.82702887]],[[98.10457265,9.72054803],[98.09691405,9.70945525],[98.07918274,9.70416081],[98.10803938,9.70196545],[98.10457265,9.72054803]],[[98.11132443,9.81274021],[98.11007094,9.81322467],[98.11000145,9.81267095],[98.11132443,9.81274021]],[[98.09924448,12.50723875],[98.10390866,12.50945175],[98.10180056,12.51143956],[98.09924448,12.50723875]],[[98.09728456,12.35879695],[98.10062492,12.354828],[98.10107052,12.35700226],[98.09728456,12.35879695]],[[98.09781814,10.56907082],[98.0859375,10.57784593],[98.09636497,10.55626047],[98.09781814,10.56907082]],[[98.08915377,9.65661788],[98.07732058,9.64294064],[98.0974344,9.63963008],[98.08915377,9.65661788]],[[98.09226584,12.45074475],[98.08658183,12.46097267],[98.08401763,12.45892775],[98.09226584,12.45074475]],[[98.09257245,11.3820188],[98.09222317,11.38091481],[98.09487724,11.38015556],[98.09257245,11.3820188]],[[98.09457946,12.44401515],[98.09322011,12.44921875],[98.09314156,12.44405627],[98.09457946,12.44401515]],[[98.08889365,11.63804591],[98.05765176,11.66746652],[98.07199931,11.68577921],[98.04924476,11.69486368],[98.07557654,11.70236981],[98.08732426,11.73993135],[98.06654275,11.72070611],[98.05290794,11.72604036],[98.05647051,11.75949061],[98.04421973,11.76259255],[98.06509161,11.77471197],[98.03570485,11.78314507],[98.05167544,11.78556025],[98.04631853,11.79678237],[98.01401317,11.80306935],[98.01504016,11.80923152],[98.00499451,11.83247054],[98.01744187,11.85776186],[98.00244725,11.85833848],[97.99155962,11.82828724],[98.02007294,11.77734375],[98.00745058,11.75873268],[98.02529645,11.76689315],[98.03061426,11.75155985],[98.01368773,11.7473973],[98.01136196,11.72141957],[98.03574431,11.71589124],[98.01060617,11.69241226],[98.02376366,11.67889941],[98.03818893,11.68718314],[98.05148327,11.64450467],[98.08212101,11.63877893],[98.08294058,11.62495554],[98.08889365,11.63804591]],[[98.08643115,11.74607146],[98.08875442,11.74581385],[98.09026766,11.74810207],[98.08643115,11.74607146]],[[98.08650315,9.66796875],[98.09009445,9.66531074],[98.08778667,9.66959631],[98.08650315,9.66796875]],[[98.07727444,10.82977545],[98.08955884,10.86731625],[98.06705475,10.87332428],[98.07353842,10.88582754],[98.02761281,10.85611284],[98.06292665,10.8557384],[98.07727444,10.82977545]],[[98.0875684,11.19136107],[98.08354592,11.19805062],[98.0859375,11.18833697],[98.0875684,11.19136107]],[[98.08565176,12.3046875],[98.08360302,12.30895436],[98.08069623,12.30702663],[98.08565176,12.3046875]],[[98.08248234,12.3400079],[98.08013856,12.35626137],[98.07784402,12.33520567],[98.08248234,12.3400079]],[[98.083884,11.20550024],[98.0814538,11.20214832],[98.0836575,11.20092416],[98.083884,11.20550024]],[[98.07546222,12.31483495],[98.08015466,12.31383336],[98.07693756,12.31681073],[98.07546222,12.31483495]],[[98.0633949,11.78433073],[98.07763267,11.83591473],[98.04502285,11.8003751],[98.0633949,11.78433073]],[[98.0791769,14.21730697],[98.07735193,14.21414471],[98.07912505,14.21494901],[98.0791769,14.21730697]],[[98.07632017,10.88062584],[98.0788877,10.88020861],[98.07638884,10.88097274],[98.07632017,10.88062584]],[[98.07543695,14.17691946],[98.07667744,14.17429876],[98.07817042,14.17598104],[98.07543695,14.17691946]],[[98.06370235,12.31601906],[98.07608175,12.32820976],[98.07442963,12.33372807],[98.06370235,12.31601906]],[[98.07158506,12.30190134],[98.07210684,12.29820693],[98.07242703,12.29837835],[98.07158506,12.30190134]],[[98.06853557,13.93861377],[98.07277775,13.93972206],[98.07043552,13.94179583],[98.06853557,13.93861377]],[[98.07209158,12.30752516],[98.06686366,12.30857587],[98.06830215,12.30302656],[98.07209158,12.30752516]],[[98.07073915,10.78163326],[98.06616294,10.78422046],[98.07033384,10.78128064],[98.07073915,10.78163326]],[[98.06060815,12.1351583],[98.06911492,12.12890625],[98.06606925,12.14105475],[98.06060815,12.1351583]],[[98.06354535,10.35255563],[98.06747866,10.35677135],[98.06623304,10.35797977],[98.06354535,10.35255563]],[[98.05972207,13.81027782],[98.06638885,13.80722225],[98.06666672,13.81111097],[98.05972207,13.81027782]],[[98.06611097,13.94833326],[98.06472206,13.95027781],[98.06416655,13.94805551],[98.06611097,13.94833326]],[[98.06694436,10.78881836],[98.06294954,10.78827572],[98.06611097,10.78722215],[98.06694436,10.78881836]],[[98.0656172,12.30333972],[98.06433511,12.30323458],[98.06526375,12.30304396],[98.0656172,12.30333972]],[[98.05827546,9.82982826],[98.01120925,9.84375],[98.00389254,9.80710638],[98.01679492,9.78887224],[98.04840517,9.78849316],[98.06466234,9.80297351],[98.05827546,9.82982826]],[[98.06381214,12.30217814],[98.06095457,12.30902231],[98.05836344,12.3019731],[98.06381214,12.30217814]],[[98.05345738,12.29229665],[98.05948961,12.29481471],[98.05675495,12.29664207],[98.05345738,12.29229665]],[[98.05635035,12.14726126],[98.05722284,12.14324975],[98.05736971,12.14856637],[98.05635035,12.14726126]],[[98.03860784,12.18539345],[98.04755151,12.18588305],[98.05621326,12.1893599],[98.04136968,12.1947118],[98.03860784,12.18539345]],[[98.05605876,10.17011654],[98.05536354,10.17087746],[98.05553007,10.16940391],[98.05605876,10.17011654]],[[98.05305553,13.97888875],[98.05527782,13.97916663],[98.05416656,13.98000002],[98.05305553,13.97888875]],[[98.05413485,12.46090543],[98.05256081,12.46502686],[98.05341804,12.46083975],[98.05413485,12.46090543]],[[98.05441225,10.14097655],[98.05242395,10.14023018],[98.05412006,10.13851595],[98.05441225,10.14097655]],[[98.05322957,10.17035031],[98.05183887,10.16882825],[98.05258822,10.16878951],[98.05322957,10.17035031]],[[98.05126321,10.57996404],[98.03751111,10.5820049],[98.04485536,10.57267678],[98.05126321,10.57996404]],[[98.04869163,10.14513016],[98.04965246,10.14773154],[98.04726851,10.14899552],[98.04869163,10.14513016]],[[98.0483042,11.64601433],[98.04776454,11.6426841],[98.04957175,11.64532757],[98.0483042,11.64601433]],[[98.03585315,12.30995202],[98.04559672,12.30590296],[98.04729974,12.31385267],[98.03585315,12.30995202]],[[98.04623771,10.16355062],[98.04396415,10.16416585],[98.04561937,10.16241765],[98.04623771,10.16355062]],[[98.03207696,11.66043556],[98.04053116,11.64808285],[98.04050565,11.66404545],[98.03207696,11.66043556]],[[98.02136934,10.18126345],[98.0345782,10.15048623],[98.02533555,10.19713116],[98.02136934,10.18126345]],[[98.03652871,9.65390515],[98.04269385,9.64679897],[98.03702724,9.65835762],[98.03652871,9.65390515]],[[98.04082274,10.14371824],[98.0391916,10.14573503],[98.03905416,10.14374006],[98.04082274,10.14371824]],[[98.03898704,11.63282502],[98.03794765,11.64079535],[98.03588164,11.63860762],[98.03898704,11.63282502]],[[98.03870153,12.23276722],[98.03988576,12.23310614],[98.03878415,12.2341485],[98.03870153,12.23276722]],[[98.0369364,12.23698902],[98.03935623,12.23677361],[98.03822732,12.23999715],[98.0369364,12.23698902]],[[98.03485441,11.63980937],[98.03402746,11.64346683],[98.0341475,11.64000046],[98.03485441,11.63980937]],[[98.03535926,11.30625474],[98.03450203,11.30887485],[98.03242421,11.30841482],[98.03535926,11.30625474]],[[98.03454244,11.67024005],[98.03265655,11.67051613],[98.03272641,11.66851485],[98.03454244,11.67024005]],[[98.02979827,12.07094395],[98.03411305,12.07337117],[98.03070796,12.07473922],[98.02979827,12.07094395]],[[98.03004801,11.64020503],[98.02939141,11.65095651],[98.02951586,11.64008296],[98.03004801,11.64020503]],[[98.03104365,11.38940251],[98.03278983,11.38871241],[98.03181195,11.38988555],[98.03104365,11.38940251]],[[98.02960122,9.76483023],[98.02200425,9.77523422],[98.01772475,9.76706862],[98.02960122,9.76483023]],[[97.99096656,10.53960621],[98.03208494,10.56928825],[98.02211034,10.5938462],[98.00109983,10.58741307],[97.99783993,10.56535256],[97.97138214,10.57428408],[97.93857086,10.55926597],[97.99096656,10.53960621]],[[98.0316745,11.67050874],[98.03170228,11.67558885],[98.02742076,11.67778194],[98.02644134,11.67454374],[98.0316745,11.67050874]],[[98.03039694,11.30727065],[98.02672791,11.31281567],[98.02540171,11.31014764],[98.03039694,11.30727065]],[[98.02859771,12.40611815],[98.03067195,12.4069792],[98.02821875,12.40694714],[98.02859771,12.40611815]],[[98.02133441,12.42890525],[98.03041816,12.44200706],[98.02635252,12.44593346],[98.01129913,12.43675423],[98.02133441,12.42890525]],[[98.02911782,12.17501056],[98.02861404,12.17389464],[98.02973354,12.17444575],[98.02911782,12.17501056]],[[98.02467835,11.31540477],[98.02867496,11.31583083],[98.02577925,11.31891727],[98.02467835,11.31540477]],[[98.02791464,12.17007101],[98.02315426,12.16729784],[98.02585113,12.16817415],[98.02791464,12.17007101]],[[98.02404416,12.39883113],[98.02670205,12.39471805],[98.02612746,12.40239251],[98.02404416,12.39883113]],[[98.02521706,11.34838855],[98.02127945,11.34642875],[98.02635491,11.34307766],[98.02521706,11.34838855]],[[98.02196598,10.0808295],[98.02500355,10.07904565],[98.02289224,10.08458602],[98.02196598,10.0808295]],[[98.02475846,10.70206785],[98.02212346,10.70000005],[98.02235651,10.69925988],[98.02475846,10.70206785]],[[98.02397811,9.70317125],[98.02284896,9.70456433],[98.0236721,9.70313823],[98.02397811,9.70317125]],[[98.02108645,12.07670832],[97.99500763,12.06937015],[98.01964521,12.05885363],[98.02108645,12.07670832]],[[98.01210833,11.32658052],[98.01868331,11.31484556],[98.02295375,11.31625998],[98.01210833,11.32658052]],[[98.021896,9.71873915],[98.01902413,9.71646392],[98.02035904,9.71603465],[98.021896,9.71873915]],[[98.02126145,10.05245316],[98.01669514,10.05430174],[98.01686096,10.05175066],[98.02126145,10.05245316]],[[98.00617504,10.87325764],[98.02074826,10.86885905],[98.00372815,10.88515377],[98.01300037,10.89383996],[97.9992305,10.89333117],[98.00617504,10.87325764]],[[98.01972222,12.15750003],[98.01694441,12.15694427],[98.01916671,12.15333331],[98.01972222,12.15750003]],[[98.01719797,11.34994674],[98.01861203,11.35116434],[98.01728821,11.35220563],[98.01719797,11.34994674]],[[98.01667655,12.07993186],[98.01349854,12.08180916],[98.01356792,12.08011591],[98.01667655,12.07993186]],[[98.01694155,11.80942535],[98.01770985,11.81170273],[98.01631296,11.80942535],[98.01694155,11.80942535]],[[98.01718414,12.38544035],[98.01771212,12.38378406],[98.01823747,12.38485992],[98.01718414,12.38544035]],[[98.01786757,12.37235653],[98.00402164,12.37608814],[98.0143857,12.36417007],[98.01786757,12.37235653]],[[97.96858466,11.44907081],[98.00886798,11.44031095],[98.01324117,11.47165],[97.96858466,11.44907081]],[[98.01665986,11.3524276],[98.00531363,11.36476314],[98.00068927,11.35919654],[98.00264227,11.35678291],[98.01665986,11.3524276]],[[98.01091576,11.43012524],[98.01672935,11.43115056],[98.01562035,11.43429935],[98.01091576,11.43012524]],[[97.9926908,11.38711345],[98.01514316,11.38741553],[97.99544966,11.41611445],[97.9926908,11.38711345]],[[98.00945711,10.13591993],[98.01116824,10.12995601],[98.01341915,10.13096571],[98.00945711,10.13591993]],[[98.01111114,12.41361105],[98.01194441,12.4169445],[98.00944436,12.41388893],[98.01111114,12.41361105]],[[98.01220036,12.42000616],[98.01015246,12.42252326],[98.00444615,12.41899562],[98.01220036,12.42000616]],[[97.99205995,12.13768065],[98.01191378,12.12540817],[97.99560225,12.14696133],[97.99205995,12.13768065]],[[98.01163697,12.11285281],[98.00941134,12.11198223],[98.00943685,12.11166465],[98.01163697,12.11285281]],[[98.00876081,10.86083722],[98.00959766,10.86201215],[98.00917923,10.86208141],[98.00876081,10.86083722]],[[98.00516891,11.93684626],[97.99765754,11.97449756],[97.96171987,11.95785713],[97.9918406,11.95895255],[98.00516891,11.93684626]],[[97.99993944,11.32369566],[98.00851345,11.34159696],[97.99990737,11.35134697],[97.99993944,11.32369566]],[[98.00451302,10.86229265],[98.00527775,10.85972226],[98.00694442,10.86055553],[98.00451302,10.86229265]],[[97.99935734,10.86149752],[98.00303924,10.86161292],[97.99987388,10.86302125],[97.99935734,10.86149752]],[[98.00266492,12.10306704],[97.9825387,12.11122537],[97.99491382,12.09576178],[98.00266492,12.10306704]],[[98.00206506,12.27211142],[97.99984074,12.27307093],[97.99955904,12.27177584],[98.00206506,12.27211142]],[[97.98206723,10.32545996],[97.99970674,10.35370326],[97.99454486,10.36671197],[97.98206723,10.32545996]],[[97.9992311,10.16642845],[97.99615514,10.16656411],[97.99850714,10.16360438],[97.9992311,10.16642845]],[[97.99640143,11.97616935],[97.99340606,11.97534811],[97.99567771,11.97501111],[97.99640143,11.97616935]],[[97.97664738,16.58099866],[97.99291754,16.58724391],[97.99594843,16.59100926],[97.98342705,16.58957827],[97.97664738,16.58099866]],[[97.99538207,9.71881497],[97.99191022,9.72367215],[97.99369335,9.71778858],[97.99538207,9.71881497]],[[97.99139333,12.00602722],[97.98408484,12.02913845],[97.97288763,12.02506006],[97.96951735,12.01789176],[97.99139333,12.00602722]],[[97.99364603,10.45325232],[97.99168324,10.45384777],[97.99182713,10.45340633],[97.99364603,10.45325232]],[[97.99166131,12.47307754],[97.99415767,12.47210252],[97.99273467,12.4749943],[97.99166131,12.47307754]],[[97.99069393,9.72718012],[97.99356663,9.72644508],[97.99032748,9.72869134],[97.99069393,9.72718012]],[[97.9916538,10.03671718],[97.99401605,10.04896832],[97.99044442,10.05760872],[97.98668051,10.04887795],[97.9916538,10.03671718]],[[97.99288976,9.75486374],[97.98827112,9.75653601],[97.98606706,9.75622726],[97.99288976,9.75486374]],[[97.99104238,10.06614792],[97.97649074,10.08618522],[97.98128796,10.06643391],[97.99104238,10.06614792]],[[97.98904824,10.85318124],[97.99131763,10.85385442],[97.99075985,10.85473132],[97.98904824,10.85318124]],[[97.98902023,12.22830975],[97.99069262,12.22751462],[97.99007761,12.22932756],[97.98902023,12.22830975]],[[97.98900676,11.46431577],[97.9855417,11.46531975],[97.98543584,11.46419275],[97.98900676,11.46431577]],[[97.98979366,10.52829087],[97.98444986,10.53035212],[97.98961866,10.52791655],[97.98979366,10.52829087]],[[97.98512733,9.61018574],[97.98916411,9.60925615],[97.98891795,9.61143982],[97.98512733,9.61018574]],[[97.96253884,10.13384664],[97.97615433,10.15137386],[97.97437215,10.13580382],[97.98420608,10.14401925],[97.98182857,10.18077338],[97.96253884,10.13384664]],[[97.98580766,9.73659861],[97.98711371,9.73649096],[97.98624504,9.73811126],[97.98580766,9.73659861]],[[97.98687291,12.05855584],[97.94839394,12.06478906],[97.95914948,12.02994907],[97.9646703,12.05973482],[97.98687291,12.05855584]],[[97.98197126,9.74103308],[97.98299026,9.74354684],[97.98259044,9.74404144],[97.98197126,9.74103308]],[[97.98425841,11.98287666],[97.98230624,11.98114455],[97.98350894,11.98019874],[97.98425841,11.98287666]],[[97.9831655,12.49757743],[97.98195207,12.49272096],[97.98432195,12.49649262],[97.9831655,12.49757743]],[[97.97702467,11.97553802],[97.98341322,11.97756267],[97.98228455,11.97921205],[97.97702467,11.97553802]],[[97.98207581,12.11997473],[97.97908831,12.11755586],[97.9801656,12.11668146],[97.98207581,12.11997473]],[[97.97989917,12.07100916],[97.97774994,12.07157373],[97.97770572,12.07115924],[97.97989917,12.07100916]],[[97.96683288,12.09295535],[97.97955453,12.09569013],[97.97613013,12.10888767],[97.96683288,12.09295535]],[[97.97849298,12.12530744],[97.97604406,12.13743722],[97.97308958,12.13936651],[97.97078156,12.13215876],[97.97849298,12.12530744]],[[97.97246218,9.64020598],[97.95058346,9.63519001],[97.97496295,9.6058315],[97.97926772,9.62451732],[97.97246218,9.64020598]],[[97.97867203,16.58894515],[97.97584867,16.58873308],[97.97582126,16.58703625],[97.97867203,16.58894515]],[[97.97598743,11.67874062],[97.97497022,11.68275654],[97.9742099,11.68207586],[97.97598743,11.67874062]],[[97.97669876,10.08861518],[97.97595644,10.08759666],[97.97732055,10.08738875],[97.97669876,10.08861518]],[[97.97195947,10.19281173],[97.97648537,10.19209933],[97.97237384,10.20022535],[97.97195947,10.19281173]],[[97.96353245,12.11779475],[97.96807075,12.11745191],[97.97402477,12.12723207],[97.96353245,12.11779475]],[[97.97242916,10.22337186],[97.97571301,10.22566807],[97.97349775,10.22800744],[97.97242916,10.22337186]],[[97.96946394,10.21423626],[97.96739352,10.21930373],[97.96645224,10.21658444],[97.96946394,10.21423626]],[[97.97278535,10.11940503],[97.97195935,10.11812782],[97.97295022,10.11789501],[97.97278535,10.11940503]],[[97.97215486,10.57854354],[97.97000825,10.57674694],[97.97160792,10.57569444],[97.97215486,10.57854354]],[[97.96596706,10.21007895],[97.96495175,10.20109725],[97.97173035,10.20063305],[97.96596706,10.21007895]],[[97.96745384,9.60024035],[97.97135735,9.60233712],[97.97047687,9.60301375],[97.96745384,9.60024035]],[[97.97074175,10.62672603],[97.96949542,10.62602818],[97.97066212,10.62438953],[97.97074175,10.62672603]],[[97.97060025,10.94714606],[97.96635795,10.94774461],[97.96872163,10.94520545],[97.97060025,10.94714606]],[[97.96984005,10.35738575],[97.96411645,10.36193144],[97.96584296,10.3496021],[97.96984005,10.35738575]],[[97.96864021,11.71936142],[97.96696877,11.72429895],[97.96403825,11.72232687],[97.96864021,11.71936142]],[[97.96751344,12.3046875],[97.96656215,12.29085636],[97.96815825,12.29023564],[97.96751344,12.3046875]],[[97.96645308,10.37729478],[97.96673322,10.37499225],[97.96803892,10.37597454],[97.96645308,10.37729478]],[[97.96077502,10.43400586],[97.94892395,10.42182612],[97.96027672,10.41124105],[97.96361256,10.41645503],[97.96077502,10.43400586]],[[97.94916332,12.27457345],[97.96142507,12.30263031],[97.94575048,12.29821396],[97.94916332,12.27457345]],[[97.94745624,16.60608494],[97.94977057,16.60825443],[97.94552314,16.61056411],[97.94745624,16.60608494]],[[97.9366461,10.35379255],[97.94832015,10.37109375],[97.94958746,10.37740874],[97.94077623,10.37109375],[97.9366461,10.35379255]],[[97.88565588,10.84847403],[97.93204117,10.87411642],[97.94878972,10.9304496],[97.9149152,10.93357921],[97.88974261,10.90775251],[97.89986742,10.87091196],[97.88383734,10.86463594],[97.88565588,10.84847403]],[[97.94915497,10.46107185],[97.94698477,10.46133876],[97.94887996,10.45871806],[97.94915497,10.46107185]],[[97.94888878,16.59500003],[97.93916655,16.61611116],[97.92583334,16.6136111],[97.93638885,16.60027766],[97.94888878,16.59500003]],[[97.94739544,10.39736295],[97.94426823,10.41113365],[97.93920112,10.41348267],[97.93727052,10.40860307],[97.94739544,10.39736295]],[[97.89972103,10.40036178],[97.93774247,10.41001523],[97.91344166,10.42838013],[97.94093084,10.42581666],[97.94566154,10.44012713],[97.92741871,10.45804405],[97.93606198,10.48368943],[97.90265584,10.47164237],[97.90670598,10.49999297],[97.89068484,10.46770644],[97.89972103,10.40036178]],[[97.93882978,12.21066844],[97.94433844,12.22968555],[97.94024813,12.24785292],[97.93882978,12.21066844]],[[97.94345891,11.35046232],[97.94265521,11.35005522],[97.94369185,11.34824431],[97.94345891,11.35046232]],[[97.94062483,12.05362523],[97.94325006,12.04880226],[97.94306004,12.05760777],[97.94062483,12.05362523]],[[97.93936205,12.11134708],[97.93858445,12.11063695],[97.93913615,12.11022878],[97.93936205,12.11134708]],[[97.93857086,12.12213862],[97.93734992,12.12146735],[97.93832541,12.11997604],[97.93857086,12.12213862]],[[97.93336427,10.55124354],[97.93694043,10.55364537],[97.93531501,10.55532575],[97.93336427,10.55124354]],[[97.91983092,14.73916006],[97.9368335,14.765625],[97.91956031,14.82369053],[97.89524603,14.77412057],[97.91983092,14.73916006]],[[97.91961706,14.8422904],[97.93290043,14.79038608],[97.93580174,14.78639615],[97.93552601,14.81706262],[97.92776275,14.83302712],[97.92935705,14.84118915],[97.91961706,14.8422904]],[[97.93483615,10.86817002],[97.93327463,10.87389505],[97.93395865,10.86716902],[97.93483615,10.86817002]],[[97.93305552,11.51833332],[97.93111098,11.51861095],[97.92972207,11.51638877],[97.93305552,11.51833332]],[[97.92862534,13.84198451],[97.92935312,13.84266841],[97.92815912,13.84358203],[97.92862534,13.84198451]],[[97.92892981,11.51398361],[97.9251616,11.51111317],[97.92709935,11.50950158],[97.92892981,11.51398361]],[[97.92749357,10.16074026],[97.92370665,10.16324568],[97.90797174,10.16231358],[97.92749357,10.16074026]],[[97.92854917,11.29666901],[97.92701256,11.29556501],[97.92729211,11.29508185],[97.92854917,11.29666901]],[[97.92342365,11.27377975],[97.92576814,11.28434312],[97.91960835,11.27745616],[97.92342365,11.27377975]],[[97.92676592,11.28584623],[97.92556822,11.28746486],[97.92630291,11.28575015],[97.92676592,11.28584623]],[[97.90819824,13.78715754],[97.92558277,13.82093894],[97.9160912,13.87439716],[97.89929092,13.82576585],[97.90819824,13.78715754]],[[97.92381036,10.42413056],[97.92116535,10.42488182],[97.92148221,10.42419231],[97.92381036,10.42413056]],[[97.91191447,11.99911702],[97.92256045,11.98376822],[97.92125773,12.00476921],[97.91191447,11.99911702]],[[97.91568625,13.89042211],[97.91850865,13.92885435],[97.90933645,13.94574356],[97.90236294,13.92856526],[97.91568625,13.89042211]],[[97.91894341,13.77675176],[97.91686845,13.77682757],[97.91707182,13.77598238],[97.91894341,13.77675176]],[[97.91569281,14.82173514],[97.91835511,14.82593167],[97.91527772,14.82166672],[97.91569281,14.82173514]],[[97.88916075,10.50910115],[97.91580415,10.51078093],[97.91758931,10.5218302],[97.88916075,10.50910115]],[[97.91166663,11.9708333],[97.91638875,11.97527766],[97.91555548,11.9772222],[97.91166663,11.9708333]],[[97.91561246,14.82517707],[97.91325545,14.82528603],[97.9129554,14.82172322],[97.91561246,14.82517707]],[[97.91018665,14.84951651],[97.91527617,14.84852755],[97.91206706,14.85817933],[97.91018665,14.84951651]],[[97.9135884,14.82906055],[97.90876293,14.84113646],[97.90751672,14.85789847],[97.90184975,14.84339654],[97.9135884,14.82906055]],[[97.91356874,14.82744825],[97.91233254,14.82620335],[97.91228485,14.82540655],[97.91356874,14.82744825]],[[97.91222811,13.8841449],[97.90415132,13.88992846],[97.91181564,13.88068497],[97.91222811,13.8841449]],[[97.90933061,12.39571822],[97.91232824,12.39847136],[97.91101301,12.39983261],[97.90933061,12.39571822]],[[97.90774596,11.51430452],[97.90455604,11.51542628],[97.90377748,11.51415527],[97.90774596,11.51430452]],[[97.90408075,9.68315482],[97.90661943,9.68454933],[97.90548933,9.68557096],[97.90408075,9.68315482]],[[97.90134644,14.84912527],[97.90071285,14.84864688],[97.90106905,14.84723127],[97.90134644,14.84912527]],[[97.90060735,14.83428895],[97.89719737,14.835271],[97.90103233,14.83148825],[97.90060735,14.83428895]],[[97.89305997,16.61043775],[97.89122486,16.61071086],[97.89094257,16.61002815],[97.89305997,16.61043775]],[[97.89179444,12.58146107],[97.88981616,12.58130467],[97.89147306,12.58069396],[97.89179444,12.58146107]],[[97.87320173,12.29892361],[97.88677788,12.28354096],[97.89029896,12.29263628],[97.87320173,12.29892361]],[[97.88301384,10.89246237],[97.88190866,10.89392817],[97.88207138,10.89244747],[97.88301384,10.89246237]],[[97.88257885,12.24214876],[97.87623012,12.23981786],[97.87727857,12.23535216],[97.88257885,12.24214876]],[[97.88101101,12.77389884],[97.86791146,12.81151283],[97.83782411,12.82180333],[97.85026455,12.81342125],[97.83080232,12.79925883],[97.83598173,12.77805305],[97.88101101,12.77389884]],[[97.86572266,10.20085585],[97.88063955,10.2018702],[97.87200725,10.20826173],[97.86572266,10.20085585]],[[97.88033605,10.19042003],[97.87794316,10.19154751],[97.87987196,10.18871522],[97.88033605,10.19042003]],[[97.85605633,12.54619718],[97.87007546,12.56417584],[97.88008368,12.56553233],[97.85314274,12.59053445],[97.85483146,12.61576104],[97.83879018,12.59853816],[97.84646821,12.58304608],[97.82909596,12.59200716],[97.82234848,12.57985115],[97.83630264,12.56966257],[97.83151662,12.54719901],[97.85605633,12.54619718]],[[97.87910283,10.83243012],[97.87478173,10.83190155],[97.87920701,10.83023596],[97.87910283,10.83243012]],[[97.85747635,12.61955786],[97.87674284,12.62026978],[97.8776679,12.62259531],[97.86319232,12.62742877],[97.85747635,12.61955786]],[[97.87333703,12.5595299],[97.87494624,12.56143713],[97.87218082,12.56111515],[97.87333703,12.5595299]],[[97.87653375,12.50211024],[97.87312257,12.5016154],[97.87644994,12.50048697],[97.87653375,12.50211024]],[[97.86824513,14.15762722],[97.86996043,14.16216946],[97.86689615,14.16804278],[97.86824513,14.15762722]],[[97.83859241,12.49127805],[97.83997285,12.49534321],[97.83646274,12.49406016],[97.83859241,12.49127805]],[[97.82125342,12.43070853],[97.83385205,12.45441651],[97.82143545,12.47357357],[97.82125342,12.43070853]],[[97.82055545,16.52944446],[97.81742024,16.52986813],[97.81672811,16.52846992],[97.82055545,16.52944446]],[[97.79576445,15.20656586],[97.82392895,15.21614754],[97.81745112,15.21915865],[97.81209993,15.22764516],[97.81294477,15.23394155],[97.79576445,15.20656586]],[[97.78886604,14.18325305],[97.78965843,14.13894546],[97.80929267,14.15647495],[97.82275188,14.19002044],[97.78886604,14.18325305]],[[97.82044744,14.15617776],[97.82298481,14.15304124],[97.82269704,14.15601754],[97.82044744,14.15617776]],[[97.8188889,15.22249985],[97.82119703,15.22069228],[97.82222223,15.22166657],[97.8188889,15.22249985]],[[97.8004812,16.51299393],[97.81449544,16.51550686],[97.82189131,16.52389812],[97.8004812,16.51299393]],[[97.80479002,14.13845158],[97.80229747,14.10740292],[97.82149124,14.12549734],[97.80479002,14.13845158]],[[97.81509173,14.28605652],[97.81870747,14.28833497],[97.81467438,14.28995872],[97.81509173,14.28605652]],[[97.81664145,14.29575956],[97.81378984,14.29486406],[97.81757891,14.29280531],[97.81664145,14.29575956]],[[97.80497694,14.28602266],[97.79894495,14.27481055],[97.80538237,14.26618981],[97.81520605,14.27527523],[97.80497694,14.28602266]],[[97.81162035,16.52099538],[97.80968904,16.5234375],[97.80452228,16.51883876],[97.81162035,16.52099538]],[[97.79921258,15.19982255],[97.80633366,15.19600976],[97.80299306,15.20532763],[97.79921258,15.19982255]],[[97.80370581,14.39577067],[97.80604112,14.39723694],[97.80396438,14.3981868],[97.80370581,14.39577067]],[[97.80294645,15.22915101],[97.80224228,15.23216236],[97.80013001,15.22860336],[97.80294645,15.22915101]],[[97.79939926,12.49406016],[97.80363715,12.50321901],[97.79124725,12.50874662],[97.79939926,12.49406016]],[[97.76936257,12.26543415],[97.79572725,12.28194737],[97.79915154,12.3046875],[97.77169812,12.28336155],[97.76936257,12.26543415]],[[97.79903424,12.43549955],[97.79113162,12.43620861],[97.79922354,12.43374717],[97.79903424,12.43549955]],[[97.79910374,15.00382876],[97.79323173,15.00060284],[97.79667962,14.9993422],[97.79910374,15.00382876]],[[97.79322982,15.2102617],[97.79477882,15.21039855],[97.79379296,15.21149361],[97.79322982,15.2102617]],[[97.79407465,15.20656586],[97.79125822,15.20875597],[97.79280734,15.20533395],[97.79407465,15.20656586]],[[97.79278386,14.34662545],[97.78986943,14.34686816],[97.79135263,14.34562147],[97.79278386,14.34662545]],[[97.79228616,14.98862326],[97.79033911,14.98972523],[97.79033911,14.98942268],[97.79228616,14.98862326]],[[97.79104972,14.20176411],[97.78521884,14.20471382],[97.78430545,14.19675636],[97.79104972,14.20176411]],[[97.79101574,14.32951021],[97.78713298,14.32969666],[97.78914106,14.32719207],[97.79101574,14.32951021]],[[97.79038763,14.31654048],[97.78762925,14.32407427],[97.78784764,14.31528735],[97.79038763,14.31654048]],[[97.78837085,15.09781861],[97.7895987,15.09750354],[97.78963661,15.09815061],[97.78837085,15.09781861]],[[97.75812435,12.04413331],[97.78231883,12.04303157],[97.78927076,12.04713893],[97.75812435,12.04413331]],[[97.78751123,14.30897081],[97.78486431,14.30787373],[97.78531504,14.30732906],[97.78751123,14.30897081]],[[97.78719592,14.93300784],[97.78417742,14.92833114],[97.78743303,14.93034422],[97.78719592,14.93300784]],[[97.78440344,14.93569863],[97.78625894,14.93922341],[97.78109396,14.93695891],[97.78440344,14.93569863]],[[97.78113365,14.39536285],[97.78589523,14.41263938],[97.78112996,14.43242347],[97.76578975,14.40052748],[97.78113365,14.39536285]],[[97.78441715,14.93252814],[97.78559184,14.93386114],[97.78250611,14.93345881],[97.78441715,14.93252814]],[[97.78191471,12.25035405],[97.78004456,12.24944377],[97.78249538,12.24917734],[97.78191471,12.25035405]],[[97.77814293,14.43144572],[97.77746308,14.43284655],[97.77613544,14.43140244],[97.77814293,14.43144572]],[[97.77035856,14.45384622],[97.77287817,14.46098745],[97.76887667,14.45502973],[97.77035856,14.45384622]],[[97.76323247,14.43409431],[97.77670503,14.44234705],[97.77051294,14.44480658],[97.76323247,14.43409431]],[[97.76638114,12.25019026],[97.7667582,12.25412536],[97.76326084,12.25151467],[97.76638114,12.25019026]],[[97.76457095,14.99061501],[97.76466775,14.99590015],[97.76074183,14.99155593],[97.76457095,14.99061501]],[[97.75732291,16.53572416],[97.75705504,16.53719485],[97.75377691,16.53969872],[97.75732291,16.53572416]],[[97.75412595,11.99980772],[97.7445538,12.01595294],[97.73730242,12.01474702],[97.73971236,11.99199963],[97.75412595,11.99980772]],[[97.75310135,11.95465136],[97.75102484,11.95381296],[97.75126708,11.95350802],[97.75310135,11.95465136]],[[97.72194302,12.10927558],[97.73891115,12.12218106],[97.74618638,12.14172292],[97.7152667,12.14463675],[97.72194302,12.10927558]],[[97.73201907,15.05613267],[97.74213254,15.08231604],[97.73970366,15.09815967],[97.73201907,15.05613267]],[[97.72963011,15.19741273],[97.73284507,15.19741285],[97.73513842,15.21057916],[97.72963011,15.19741273]],[[97.72660208,15.16884696],[97.73332536,15.1715337],[97.72313511,15.17123353],[97.72660208,15.16884696]],[[97.7268275,12.69025016],[97.73026633,12.69387042],[97.72570801,12.69204116],[97.7268275,12.69025016]],[[97.72760451,15.62849414],[97.72726691,15.62700307],[97.72788656,15.62699747],[97.72760451,15.62849414]],[[97.72521353,15.50013125],[97.72618985,15.50098884],[97.72418213,15.50156164],[97.72521353,15.50013125]],[[97.72133446,15.18054974],[97.71987426,15.18082952],[97.72131836,15.18013263],[97.72133446,15.18054974]],[[97.71730041,15.68117547],[97.71694446,15.67833316],[97.71833706,15.67944443],[97.71730041,15.68117547]],[[97.71580303,16.56758511],[97.69784606,16.57093763],[97.69186687,16.56648767],[97.71580303,16.56758511]],[[97.70398927,15.30088437],[97.71285045,15.30210626],[97.70106065,15.30822158],[97.70398927,15.30088437]],[[97.70502484,15.68648934],[97.70483446,15.68251204],[97.70695496,15.68346202],[97.70502484,15.68648934]],[[97.7033329,10.63986206],[97.69582951,10.63622642],[97.70149863,10.63314116],[97.7033329,10.63986206]],[[97.65270507,12.04403424],[97.65671074,12.02664781],[97.69461715,12.0484606],[97.67834687,12.06001782],[97.65270507,12.04403424]],[[97.68972206,17.38527775],[97.67222226,17.38499987],[97.66916656,17.36666656],[97.68972206,17.38527775]],[[97.68485784,10.45988917],[97.67817283,10.47122133],[97.67645144,10.46675694],[97.68485784,10.45988917]],[[97.68038905,16.56835926],[97.67520487,16.56627381],[97.68539131,16.56796098],[97.68038905,16.56835926]],[[97.67469943,11.82637131],[97.66540515,11.85612226],[97.68470991,11.87095785],[97.67306185,11.90015435],[97.63461196,11.86847234],[97.64828014,11.83793747],[97.67469943,11.82637131]],[[97.68166661,11.93666661],[97.67916656,11.93694437],[97.68055546,11.93555546],[97.68166661,11.93666661]],[[97.67793357,16.56334436],[97.67546904,16.56414521],[97.67533064,16.56292915],[97.67793357,16.56334436]],[[97.67328274,11.81094933],[97.63885868,11.81462514],[97.66097724,11.80172861],[97.67328274,11.81094933]],[[97.66569424,17.19536781],[97.65268397,17.2265625],[97.66625261,17.27256656],[97.66168165,17.30341208],[97.66566503,17.31586206],[97.66101766,17.340083],[97.63184142,17.29009831],[97.63708484,17.21162081],[97.65131915,17.18829525],[97.66569424,17.19536781]],[[97.65321624,15.49957895],[97.66107798,15.56738555],[97.64358425,15.58959842],[97.65321624,15.49957895]],[[97.65329015,17.18619871],[97.66082263,17.1851294],[97.66230547,17.19066095],[97.65329015,17.18619871]],[[97.65761995,16.55445933],[97.66180742,16.55622721],[97.65972734,16.55858338],[97.65761995,16.55445933]],[[97.66084647,15.49308395],[97.65892637,15.49002945],[97.66102886,15.49085784],[97.66084647,15.49308395]],[[97.65378785,16.52768934],[97.65500355,16.51986694],[97.65797675,16.53200281],[97.65378785,16.52768934]],[[97.65674126,16.52570224],[97.65816665,16.52511895],[97.65761852,16.52602041],[97.65674126,16.52570224]],[[97.62832785,16.53020191],[97.65793252,16.54613996],[97.64866662,16.61626244],[97.64318144,16.61214185],[97.64498711,16.60644233],[97.64365804,16.59084845],[97.62468803,16.54134703],[97.62832785,16.53020191]],[[97.65027404,16.92912936],[97.63616586,16.91269171],[97.63486612,16.90220666],[97.65516937,16.91362774],[97.65027404,16.92912936]],[[97.63517332,12.04953134],[97.65547776,12.06576002],[97.64643145,12.06760323],[97.63517332,12.04953134]],[[97.65181124,16.52394557],[97.64290905,16.50857544],[97.63728845,16.50532544],[97.64765143,16.51021481],[97.65181124,16.52394557]],[[97.65086496,17.18075144],[97.64944553,17.18510103],[97.64866722,17.17801976],[97.65086496,17.18075144]],[[97.64315927,16.53127944],[97.64224172,16.53494883],[97.63635695,16.53004324],[97.64315927,16.53127944]],[[97.64581406,16.52709043],[97.63349211,16.51770258],[97.63859606,16.51466715],[97.64581406,16.52709043]],[[97.63909197,16.62365305],[97.63516462,16.61575365],[97.64447987,16.61642611],[97.63909197,16.62365305]],[[97.64368272,16.95800877],[97.63404751,16.95897126],[97.64434481,16.95008278],[97.64368272,16.95800877]],[[97.64197028,16.61131692],[97.60926294,16.57265341],[97.62132227,16.54035008],[97.64264023,16.59106863],[97.64197028,16.61131692]],[[97.64076054,12.03677034],[97.63944614,12.03728116],[97.64001095,12.03639567],[97.64076054,12.03677034]],[[97.63202953,16.50652897],[97.62972033,16.51562762],[97.62773573,16.50530767],[97.63202953,16.50652897]],[[97.63369954,16.2724148],[97.63487816,16.27183163],[97.63457656,16.27384651],[97.63369954,16.2724148]],[[97.62750483,16.60667133],[97.61896455,16.62425435],[97.61526251,16.59519136],[97.62750483,16.60667133]],[[97.62194443,16.63166654],[97.62916672,16.64222205],[97.61694443,16.65166664],[97.62194443,16.63166654]],[[97.62651408,16.51539254],[97.62539041,16.51650608],[97.62508893,16.51539254],[97.62651408,16.51539254]],[[97.61305547,16.29472208],[97.62638891,16.29111111],[97.61666656,16.30361116],[97.61305547,16.29472208]],[[97.60749996,16.3458333],[97.61000001,16.32944441],[97.62527776,16.31694436],[97.61805546,16.33472216],[97.60749996,16.3458333]],[[97.62087333,16.50707603],[97.62288737,16.50820255],[97.62167895,16.50842786],[97.62087333,16.50707603]],[[97.62067246,16.88414955],[97.61979544,16.88701296],[97.61650622,16.87892675],[97.62067246,16.88414955]],[[97.62040555,16.53124261],[97.61952841,16.53262114],[97.61952841,16.53124261],[97.62040555,16.53124261]],[[97.61866653,16.86086845],[97.61395657,16.85481095],[97.61477923,16.85272193],[97.61866653,16.86086845]],[[97.6154381,16.39682555],[97.61899674,16.38825095],[97.61818576,16.39794147],[97.6154381,16.39682555]],[[97.61738133,16.3129518],[97.61792874,16.31381547],[97.61622906,16.31543183],[97.61738133,16.3129518]],[[97.61623335,16.61665213],[97.60984588,16.61759806],[97.61350441,16.60938263],[97.61623335,16.61665213]],[[97.61073101,16.82533467],[97.60424364,16.78809786],[97.60665321,16.77204227],[97.61579716,16.78509676],[97.61073101,16.82533467]],[[97.61666656,17.01694441],[97.60166657,17.01999986],[97.60111105,17.00472224],[97.61666656,17.01694441]],[[97.61565292,16.31660211],[97.61369383,16.31739187],[97.61571038,16.31406641],[97.61565292,16.31660211]],[[97.6115154,16.40902805],[97.61145854,16.39183855],[97.61230552,16.39156544],[97.6115154,16.40902805]],[[97.60249984,16.52305555],[97.61166656,16.51166666],[97.6136111,16.51361096],[97.60249984,16.52305555]],[[97.60870123,16.34622765],[97.61279881,16.34542692],[97.60821724,16.35108936],[97.60870123,16.34622765]],[[97.60805547,16.51972222],[97.60840344,16.52131855],[97.60666656,16.52114654],[97.60805547,16.51972222]],[[97.6056385,16.41235697],[97.60986793,16.41096485],[97.60679317,16.41653824],[97.6056385,16.41235697]],[[97.60704482,16.46881187],[97.60977805,16.4699347],[97.60739756,16.47686756],[97.60704482,16.46881187]],[[97.60960185,16.38878417],[97.60458088,16.41072524],[97.60429406,16.37379241],[97.60960185,16.38878417]],[[97.60873842,16.27324164],[97.59148335,16.34018052],[97.57348776,16.30246294],[97.57205272,16.27326643],[97.58729124,16.25055552],[97.57679284,16.27663243],[97.59266937,16.25132716],[97.60873842,16.27324164]],[[97.59249985,16.51694441],[97.60906458,16.51096106],[97.58805561,16.52305555],[97.59249985,16.51694441]],[[97.60849047,16.44762337],[97.60557926,16.45102453],[97.60502374,16.44491327],[97.60849047,16.44762337]],[[97.53999984,16.49694443],[97.48527765,16.50888884],[97.44472206,16.48916662],[97.43305552,16.46361113],[97.47277772,16.35249984],[97.45833325,16.30166662],[97.47666657,16.2919445],[97.48361111,16.24222207],[97.53833318,16.19666672],[97.56055546,16.21333325],[97.55638886,16.29111111],[97.58777773,16.36805546],[97.57777774,16.40083325],[97.60805547,16.46388876],[97.60055554,16.49305546],[97.55785728,16.49124765],[97.54972208,16.49555552],[97.53999984,16.49694443]],[[97.60708356,15.94998503],[97.60804784,15.95015383],[97.60687864,15.95156586],[97.60708356,15.94998503]],[[97.59899151,16.22522187],[97.59565914,16.2099117],[97.59651542,16.1938405],[97.60684252,16.21605814],[97.59899151,16.22522187]],[[97.60152245,16.23158765],[97.60653055,16.22826326],[97.60655415,16.23493588],[97.60152245,16.23158765]],[[97.60603666,15.94791865],[97.6044445,15.94888878],[97.60555553,15.94722223],[97.60603666,15.94791865]],[[97.60008144,16.81513166],[97.59405565,16.82601643],[97.59893191,16.81441224],[97.60008144,16.81513166]],[[97.60221457,16.69176388],[97.59325695,16.69831586],[97.59957445,16.67964363],[97.60221457,16.69176388]],[[97.5958333,16.5219444],[97.5980556,16.52805555],[97.58749986,16.52499986],[97.5958333,16.5219444]],[[97.59944427,17.05999994],[97.58992267,17.04261565],[97.59444427,17.02722216],[97.5998224,17.03893375],[97.59944427,17.05999994]],[[97.59699345,16.72348034],[97.59706414,16.72088611],[97.59889925,16.72477734],[97.59699345,16.72348034]],[[97.59044206,16.50388896],[97.59222221,16.50888884],[97.58248961,16.50862062],[97.59044206,16.50388896]],[[97.58888876,16.51222205],[97.58083332,16.51138878],[97.58722222,16.50944436],[97.58888876,16.51222205]],[[97.55583334,16.52750003],[97.5780555,16.5155555],[97.58844197,16.51708901],[97.57222223,16.53055561],[97.55583334,16.52750003]],[[97.58483016,16.39349115],[97.58816171,16.39542985],[97.58649588,16.39630365],[97.58483016,16.39349115]],[[97.58487535,16.69466364],[97.58807528,16.72586763],[97.57541728,16.70642304],[97.58487535,16.69466364]],[[97.58483687,16.38126361],[97.58649588,16.38322341],[97.58545136,16.39155233],[97.58483687,16.38126361]],[[97.58480215,16.38073826],[97.58488667,16.38043797],[97.58483687,16.38126361],[97.58480215,16.38073826]],[[97.58440065,15.87478066],[97.58698392,15.87401986],[97.58502138,15.87533474],[97.58440065,15.87478066]],[[97.58558226,16.51445866],[97.58120632,16.51350296],[97.58671165,16.51350296],[97.58558226,16.51445866]],[[97.57583332,16.50999987],[97.56786585,16.51038134],[97.57777774,16.50750005],[97.57583332,16.50999987]],[[97.57277775,16.50583327],[97.56777775,16.50111115],[97.57749987,16.50222206],[97.57277775,16.50583327]],[[97.57041335,16.00595033],[97.57301235,16.00521708],[97.57091737,16.00734437],[97.57041335,16.00595033]],[[97.57226133,16.29174423],[97.56959915,16.29435122],[97.56988156,16.28797925],[97.57226133,16.29174423]],[[97.56198096,11.72055542],[97.55974495,11.72084773],[97.55979586,11.71967006],[97.56198096,11.72055542]],[[97.55805552,16.49805546],[97.54416656,16.50777781],[97.54083335,16.50611114],[97.55805552,16.49805546]],[[97.52166665,16.51527774],[97.55444443,16.51277781],[97.55472207,16.51472223],[97.52166665,16.51527774]],[[97.55206096,16.06493914],[97.55001092,16.06357515],[97.55194461,16.06244755],[97.55206096,16.06493914]],[[97.52027774,16.52111113],[97.54138875,16.52250004],[97.55088544,16.52450562],[97.53250003,16.52833331],[97.52027774,16.52111113]],[[97.54234815,16.50016618],[97.54122436,16.49929142],[97.54347205,16.49873447],[97.54234815,16.50016618]],[[97.54048121,11.62759137],[97.53677011,11.62677515],[97.53787208,11.62528181],[97.54048121,11.62759137]],[[97.53955185,16.49814594],[97.53957915,16.49986935],[97.5384829,16.49960422],[97.53955185,16.49814594]],[[97.53389275,11.67618895],[97.52809834,11.67584181],[97.5280019,11.67410433],[97.53389275,11.67618895]],[[97.51638877,16.54361105],[97.5177778,16.53583336],[97.53361106,16.53499985],[97.51638877,16.54361105]],[[97.52388895,16.52638876],[97.52204931,16.53365183],[97.51333332,16.52805555],[97.52388895,16.52638876]],[[97.46992695,11.81376076],[97.48598576,11.78601468],[97.52533233,11.79283345],[97.5169208,11.81713355],[97.46992695,11.81376076]],[[97.51875567,11.65152526],[97.52391005,11.6593821],[97.52258503,11.66182685],[97.51875567,11.65152526]],[[97.51027775,16.52944446],[97.50611114,16.52777767],[97.51055551,16.52833331],[97.51027775,16.52944446]],[[97.49063158,11.8223325],[97.49266374,11.82128024],[97.49275625,11.82400095],[97.49063158,11.8223325]],[[97.47910297,11.77572763],[97.49218333,11.77359664],[97.46180737,11.78756464],[97.46625996,11.79725361],[97.43473887,11.80118108],[97.44921505,11.7757107],[97.48591471,11.76477742],[97.47910297,11.77572763]],[[97.45138884,16.50472224],[97.46861112,16.50666654],[97.48416662,16.51666665],[97.45138884,16.50472224]],[[97.46356404,11.81700122],[97.46777701,11.82590985],[97.46588075,11.82669747],[97.46356404,11.81700122]],[[97.38555551,16.46777773],[97.38722205,16.44777775],[97.38833332,16.46416664],[97.43472207,16.52333331],[97.39444435,16.49222207],[97.38555551,16.46777773]],[[96.95213413,17.16557121],[96.94324625,17.17374694],[96.93246186,17.17279315],[96.95213413,17.16557121]],[[96.87175691,16.82060373],[96.89078498,16.83976913],[96.88517606,16.81996536],[96.89001513,16.83021617],[96.89919233,16.83430707],[96.90345192,16.83185554],[96.90599525,16.81160974],[96.90843856,16.88413215],[96.87175691,16.82060373]],[[96.89308298,16.86533451],[96.90543497,16.90693903],[96.89132166,16.90483141],[96.87970471,16.87202334],[96.88629556,16.88093901],[96.89308298,16.86533451]],[[96.90196741,16.77291954],[96.89731431,16.81119466],[96.88139164,16.78477573],[96.90196741,16.77291954]],[[96.88533521,16.81396318],[96.90266395,16.8140254],[96.90005171,16.83210897],[96.88533521,16.81396318]],[[96.90250683,17.1150403],[96.88555741,17.11925125],[96.89971352,17.10529494],[96.90250683,17.1150403]],[[96.88363254,16.9274348],[96.90039444,16.916556],[96.89990985,16.92749465],[96.88363254,16.9274348]],[[96.88173831,16.92922711],[96.89972186,16.93113267],[96.89652503,16.94848406],[96.86715972,16.91712153],[96.88173831,16.92922711]],[[96.87472224,17.42999995],[96.87694442,17.41277766],[96.88611114,17.40805554],[96.88472223,17.4169445],[96.87472224,17.42999995]],[[96.88618815,17.12568522],[96.87501061,17.12764585],[96.88053632,17.11653984],[96.88618815,17.12568522]],[[96.88164306,16.95616925],[96.87299323,16.95858884],[96.87327957,16.95523405],[96.88164306,16.95616925]],[[96.87962997,17.64988077],[96.87646615,17.64840126],[96.87903631,17.64626276],[96.87962997,17.64988077]],[[96.87548602,17.578125],[96.86749995,17.56222224],[96.85305548,17.57777774],[96.84194446,17.55222225],[96.86666656,17.54055548],[96.87548602,17.578125]],[[96.86819625,16.95761704],[96.87575173,16.98423421],[96.86158085,16.95596051],[96.86819625,16.95761704]],[[96.87456584,17.49597263],[96.87748492,17.49266255],[96.87527025,17.49720955],[96.87456584,17.49597263]],[[96.87750006,17.48833334],[96.86916661,17.48444438],[96.87416661,17.48166656],[96.87750006,17.48833334]],[[96.87529135,16.98897874],[96.86189234,17.00342405],[96.85726178,16.96386552],[96.86328733,16.97835624],[96.87529135,16.98897874]],[[96.85722208,17.01305544],[96.87138891,17.01138878],[96.8636111,17.0241667],[96.85722208,17.01305544]],[[96.85333335,17.01361096],[96.84861112,17.01583326],[96.85138893,17.01083326],[96.85333335,17.01361096]],[[96.72796547,16.69337022],[96.72569287,16.69244456],[96.72699845,16.69149601],[96.72796547,16.69337022]],[[95.85716593,16.66044295],[95.88917816,16.61803091],[95.88514972,16.5431118],[95.82544351,16.48540843],[95.83418941,16.46785176],[95.85973334,16.46812773],[95.86777723,16.46152568],[95.86495245,16.44015408],[95.88646448,16.41651213],[95.98543131,16.41384065],[96.05956125,16.36575067],[96.11600328,16.31795621],[96.28518033,16.37368453],[96.32926846,16.42355335],[96.328125,16.45870531],[96.260149,16.52105534],[96.23473561,16.59053767],[96.24253166,16.65418172],[96.21120834,16.67531848],[96.19229865,16.74613702],[96.17365575,16.75731254],[96.13429666,16.76782954],[96.11830854,16.75442076],[96.11039174,16.75086653],[95.9765625,16.71428573],[95.93214846,16.72050512],[95.90515625,16.6906383],[95.85716593,16.66044295]],[[96.29413497,16.50098515],[96.2981621,16.4999125],[96.29430342,16.50281715],[96.29413497,16.50098515]],[[96.28202248,16.51616514],[96.29224074,16.51249957],[96.28368711,16.51790357],[96.28202248,16.51616514]],[[96.27999985,16.52055538],[96.28305554,16.53750002],[96.26305544,16.55388892],[96.27361095,16.53027773],[96.27999985,16.52055538]],[[96.26204026,16.80609715],[96.25085461,16.80577397],[96.24948216,16.80454803],[96.26204026,16.80609715]],[[96.13376641,16.30941463],[96.14430332,16.32190871],[96.16070414,16.33141386],[96.13102472,16.32000113],[96.13376641,16.30941463]],[[96.11916661,16.76222205],[96.09666657,16.76194441],[96.08017993,16.74868405],[96.10361111,16.75027776],[96.11916661,16.76222205]],[[95.99157238,16.38971555],[95.98007131,16.38124073],[95.98089266,16.3715806],[95.9796195,16.36758888],[95.97258258,16.35632396],[95.96429491,16.34919357],[95.96984947,16.33435488],[95.96810567,16.30913877],[95.95152783,16.25421774],[95.92345858,16.21239841],[96.00019097,16.23469234],[96.07618988,16.31439376],[96.06798625,16.34623158],[95.99157238,16.38971555]],[[96.05710018,16.3617475],[96.06000864,16.36318135],[96.05750144,16.36530793],[96.05710018,16.3617475]],[[96.04531372,16.36612022],[96.05289352,16.36660075],[96.04372585,16.36901545],[96.04531372,16.36612022]],[[96.01888883,16.84702647],[96.01726556,16.84627545],[96.01902998,16.84634376],[96.01888883,16.84702647]],[[96.01812196,16.84846008],[96.01750004,16.85083318],[96.01499987,16.85055554],[96.01812196,16.84846008]],[[95.98892033,16.40118027],[96.00637805,16.38597822],[96.01231921,16.38564181],[95.98892033,16.40118027]],[[95.92661905,16.40174651],[95.96185064,16.34910297],[95.97950113,16.38345897],[95.99190915,16.39170277],[95.95674825,16.4109205],[95.92661905,16.40174651]],[[95.98583317,16.40666664],[95.98833334,16.40750003],[95.98361111,16.4083333],[95.98583317,16.40666664]],[[95.95404243,16.29514432],[95.96537232,16.32565117],[95.94916642,16.36319864],[95.95415962,16.33995485],[95.95404243,16.29514432]],[[95.96107137,16.34558225],[95.96675837,16.34051478],[95.96192622,16.34731746],[95.96107137,16.34558225]],[[95.95611095,17.16468954],[95.95611095,17.16194427],[95.95749986,17.16333318],[95.95611095,17.16468954]],[[95.95257843,17.04984546],[95.94831002,17.04751241],[95.95030475,17.04535794],[95.95257843,17.04984546]],[[95.87847161,16.19579685],[95.94308841,16.25671267],[95.95179164,16.33376122],[95.93172145,16.38850737],[95.92912161,16.37675035],[95.90617931,16.33697152],[95.90693331,16.30515087],[95.89178205,16.2330389],[95.87724865,16.21787715],[95.85459971,16.20832193],[95.84892404,16.19960213],[95.87847161,16.19579685]],[[95.8474313,16.20486951],[95.86745346,16.22959375],[95.87702775,16.2385087],[95.88791513,16.24311745],[95.9046756,16.33788371],[95.91265404,16.35812843],[95.91816604,16.36797261],[95.92826092,16.37734914],[95.92935252,16.38771725],[95.86202276,16.43122196],[95.85503018,16.46396482],[95.82646716,16.45292234],[95.74410546,16.47764897],[95.73729491,16.41561544],[95.71598315,16.39125442],[95.7003448,16.38320243],[95.70811593,16.34656811],[95.70242286,16.34266424],[95.68411577,16.34452927],[95.68147063,16.34082747],[95.69528174,16.31721091],[95.68625617,16.28279901],[95.72314501,16.26989317],[95.74169123,16.13104296],[95.77418637,16.13285625],[95.84132361,16.18478143],[95.8474313,16.20486951]],[[95.91499984,16.36166656],[95.91805553,16.36388874],[95.91777766,16.36472225],[95.91499984,16.36166656]],[[95.89333332,16.26833332],[95.89472222,16.26305544],[95.89527774,16.2719444],[95.89333332,16.26833332]],[[95.86722207,16.21527767],[95.88916671,16.23111105],[95.8905555,16.24611115],[95.88694441,16.24055552],[95.86611116,16.22527766],[95.86722207,16.21527767]],[[95.48387074,16.73944223],[95.49274266,16.75952637],[95.50023186,16.76520646],[95.51177406,16.76255155],[95.51164842,16.74982274],[95.48813057,16.73037732],[95.42936242,16.72230816],[95.43695545,16.67787886],[95.40447712,16.67217708],[95.41545928,16.61286271],[95.4123491,16.58910584],[95.37672353,16.57899916],[95.37362111,16.55566955],[95.36090076,16.53798485],[95.30954194,16.51601863],[95.27846575,16.45548284],[95.27996802,16.4478054],[95.30636084,16.44863212],[95.31821883,16.44098771],[95.3129518,16.34003794],[95.38200617,16.31538725],[95.37652516,16.32240474],[95.37461972,16.32987213],[95.3800112,16.357113],[95.39053524,16.30186021],[95.42816317,16.32614243],[95.46077681,16.30629766],[95.47209477,16.32164073],[95.49270976,16.32011485],[95.50811541,16.33084834],[95.53510964,16.33363461],[95.56135631,16.36822963],[95.57995582,16.36697984],[95.58972943,16.37466586],[95.60397863,16.37459958],[95.61176908,16.390625],[95.63340855,16.38271952],[95.63641727,16.41770983],[95.61745465,16.41131604],[95.61402071,16.41503656],[95.61070991,16.42695212],[95.60662663,16.41948926],[95.60328197,16.41748655],[95.58207822,16.43169928],[95.60261595,16.41860247],[95.61121094,16.42826223],[95.61768937,16.41256428],[95.63270342,16.42068303],[95.65570128,16.41375387],[95.68823552,16.37793457],[95.69338441,16.39075315],[95.69696987,16.39453125],[95.71438205,16.39273632],[95.73630714,16.41711867],[95.73158252,16.44510448],[95.71929181,16.44952762],[95.70790613,16.46386504],[95.70643592,16.48633552],[95.71507573,16.49187887],[95.74357867,16.49491727],[95.71410358,16.51121116],[95.70410252,16.52304065],[95.72733104,16.54453015],[95.70417488,16.55085397],[95.71063495,16.57314122],[95.70519197,16.55117488],[95.72945845,16.54516602],[95.70636356,16.52207863],[95.74531245,16.49449766],[95.70815957,16.48652315],[95.72893965,16.44857275],[95.73433626,16.47223771],[95.74204552,16.47800517],[95.75780594,16.48290741],[95.81760716,16.46216774],[95.83093345,16.50771844],[95.88088501,16.54411411],[95.86778307,16.58439565],[95.88597846,16.61662602],[95.85615337,16.63709307],[95.85227072,16.65996087],[95.77596641,16.62535083],[95.77626038,16.68339062],[95.73935115,16.73037004],[95.71805406,16.71573794],[95.65700352,16.72288525],[95.64081693,16.76942134],[95.66484368,16.79704785],[95.6648463,16.82400787],[95.61630166,16.83941662],[95.59022641,16.92229331],[95.57433486,16.92270637],[95.57520807,16.87847042],[95.55935514,16.83996332],[95.54742765,16.83696878],[95.52320385,16.84679246],[95.51658475,16.83604443],[95.48038256,16.80164671],[95.46017134,16.79088354],[95.48387074,16.73944223]],[[95.87805545,16.58500004],[95.87138891,16.58333325],[95.87750006,16.56805551],[95.87805545,16.58500004]],[[95.87081206,16.63289797],[95.86587143,16.63427246],[95.87115252,16.63244081],[95.87081206,16.63289797]],[[95.85361111,16.51638877],[95.84972215,16.51666665],[95.84500003,16.51305544],[95.85361111,16.51638877]],[[95.83888876,16.50555551],[95.84111094,16.50777781],[95.83555555,16.50555551],[95.83888876,16.50555551]],[[95.82500005,16.46861112],[95.82891774,16.45556498],[95.83916664,16.46500003],[95.82500005,16.46861112]],[[95.28430831,15.71961606],[95.39905977,15.71431506],[95.47810328,15.75416267],[95.68413365,15.98564494],[95.70582187,16.03039944],[95.70536244,16.0709995],[95.73814452,16.1180377],[95.71428871,16.23125494],[95.720559,16.26999366],[95.69189417,16.2764523],[95.68284965,16.28501666],[95.69143987,16.31380308],[95.67978287,16.34302986],[95.68446612,16.34793532],[95.70378804,16.34610617],[95.69835055,16.38417494],[95.70105195,16.39217937],[95.69145834,16.37704015],[95.68272924,16.37875855],[95.63941205,16.41648185],[95.63444984,16.38172591],[95.61268985,16.38939536],[95.60417545,16.37278187],[95.57959235,16.36542356],[95.56355655,16.36802495],[95.53710783,16.33178175],[95.49288201,16.31761003],[95.4731909,16.31980264],[95.46447253,16.30636156],[95.45465481,16.30251706],[95.42842782,16.32444406],[95.39256203,16.29867005],[95.39049745,16.24127698],[95.37200415,16.21628797],[95.36628103,16.16426706],[95.32837903,16.10536826],[95.35595715,16.06197774],[95.35345125,15.95338356],[95.30549407,15.89864922],[95.26725125,15.80461395],[95.28716755,15.75657678],[95.28430831,15.71961606]],[[95.72472215,16.08111095],[95.71833324,16.06611097],[95.72694445,16.07944441],[95.72472215,16.08111095]],[[95.61815834,16.84772944],[95.62065828,16.84689605],[95.6178807,16.84995163],[95.61815834,16.84772944]],[[95.51861095,16.85666657],[95.54861104,16.83888876],[95.56305552,16.86055553],[95.50999987,16.85916662],[95.51861095,16.85666657]],[[95.55611098,16.84083331],[95.55833316,16.84111095],[95.55916655,16.84416664],[95.55611098,16.84083331]],[[95.54043674,17.00620055],[95.52617764,16.98925996],[95.52769196,16.97311902],[95.53965366,16.99122322],[95.54043674,17.00620055]],[[95.51833332,16.86166656],[95.53750002,16.86444438],[95.51583326,16.86305547],[95.51833332,16.86166656]],[[95.52916658,17.00527775],[95.53499985,17.02027774],[95.52805555,17.00444436],[95.52916658,17.00527775]],[[95.53192556,16.95318556],[95.53305554,16.94972205],[95.53472221,16.94888878],[95.53192556,16.95318556]],[[95.52990675,17.00100994],[95.52581954,16.99957383],[95.52516901,16.99562144],[95.52990675,17.00100994]],[[95.52789593,17.00822973],[95.52580011,17.00740886],[95.52622342,17.00545776],[95.52789593,17.00822973]],[[95.52348244,16.84882104],[95.4885478,16.85077667],[95.4784528,16.82805192],[95.49613607,16.81841075],[95.52348244,16.84882104]],[[95.51444435,16.85416663],[95.51583326,16.85666657],[95.50972223,16.85722208],[95.51444435,16.85416663]],[[95.51083326,16.75277782],[95.49444437,16.75499988],[95.49277782,16.74083316],[95.51083326,16.75277782]],[[95.33755875,16.67026722],[95.30628061,16.66386235],[95.31764305,16.63065076],[95.30708206,16.60807323],[95.29401004,16.5985558],[95.25021625,16.5829401],[95.25179124,16.52866364],[95.19361985,16.48062015],[95.19630361,16.46517706],[95.18889368,16.44488895],[95.19314921,16.42085397],[95.16930461,16.41749823],[95.18954444,16.39264023],[95.19140184,16.38140023],[95.1838243,16.37842071],[95.15942776,16.38608086],[95.13793266,16.37760782],[95.14345527,16.34891176],[95.12424576,16.31791472],[95.14551604,16.29574776],[95.13550711,16.26770771],[95.15108705,16.24012542],[95.14021134,16.22817111],[95.15967751,16.20554125],[95.16527796,16.21139336],[95.1542387,16.23443413],[95.15458453,16.24391997],[95.16058326,16.24705505],[95.18131614,16.24489021],[95.18585205,16.26512516],[95.18304408,16.24481583],[95.15496194,16.23737454],[95.16812515,16.213063],[95.20326698,16.21933794],[95.20434082,16.24960268],[95.24038482,16.26987934],[95.24038446,16.28189385],[95.22804952,16.29843104],[95.22783601,16.30804181],[95.2634927,16.32492805],[95.27307034,16.36754274],[95.25335455,16.37679517],[95.24559462,16.39272165],[95.25369728,16.45153856],[95.27134776,16.45259631],[95.27320075,16.45972586],[95.28775287,16.48200536],[95.30498791,16.52033865],[95.36120582,16.54413652],[95.36776137,16.57714605],[95.40640795,16.59505856],[95.41106308,16.61968982],[95.40037966,16.64165092],[95.40210295,16.67729521],[95.43383098,16.67999125],[95.42813253,16.72530615],[95.45183682,16.73681927],[95.48577642,16.73489761],[95.45610344,16.78082085],[95.45909965,16.79883754],[95.42287707,16.81397593],[95.40983772,16.77385664],[95.39361835,16.76010501],[95.38110852,16.75644636],[95.34905481,16.76503694],[95.31427157,16.74574375],[95.33173454,16.73266447],[95.31879377,16.70908785],[95.34439242,16.67923605],[95.33755875,16.67026722]],[[95.45861113,16.73055553],[95.46555555,16.73166656],[95.45222223,16.73222208],[95.45861113,16.73055553]],[[95.40664113,16.64274263],[95.4028089,16.64028156],[95.40734994,16.63546634],[95.40664113,16.64274263]],[[95.38601315,16.76116073],[95.39655423,16.76626551],[95.40393984,16.77782154],[95.39042056,16.77541316],[95.38601315,16.76116073]],[[95.3823117,16.31326473],[95.31515515,16.33650267],[95.30955982,16.34384406],[95.28541291,16.33415484],[95.27111316,16.26994967],[95.28938675,16.20729244],[95.27156365,16.16264248],[95.20079267,16.09363294],[95.18280792,16.0869801],[95.18329704,16.02818084],[95.17346203,16.02406561],[95.12738371,16.03562784],[95.11557543,16.02795875],[95.12715304,15.98365641],[95.11793911,15.92150044],[95.12970495,15.93043101],[95.16805565,15.92066455],[95.16063237,15.94996476],[95.1619817,15.95966601],[95.16775584,15.97286105],[95.18802965,15.97847128],[95.16307425,15.95679092],[95.17003918,15.91974854],[95.13033032,15.92850244],[95.1127063,15.91616547],[95.11781216,15.84232986],[95.13625324,15.85616922],[95.14808345,15.8579061],[95.15157485,15.85593414],[95.11992657,15.84046471],[95.10850215,15.84999824],[95.11101663,15.80941975],[95.14284563,15.78207028],[95.18164265,15.77207184],[95.22444117,15.7983191],[95.21373606,15.85449207],[95.18630016,15.85722995],[95.17864513,15.87758017],[95.18773925,15.85782802],[95.21352661,15.86071765],[95.22205794,15.88139248],[95.21352434,15.88653541],[95.20017922,15.90123796],[95.19069326,15.92827332],[95.19592094,15.93144858],[95.18727517,15.94778025],[95.18940187,15.95468783],[95.21523046,15.88705993],[95.24666882,15.9526751],[95.22013414,15.96578765],[95.21027482,15.99201095],[95.21849251,16.01462316],[95.20895374,16.02753174],[95.20583916,16.04059374],[95.21603441,16.05169797],[95.22515357,16.04976642],[95.22681415,16.05577564],[95.22620034,16.04912317],[95.2081511,16.03880215],[95.21994126,16.01386034],[95.21246791,15.99131823],[95.2226969,15.96587265],[95.24879384,15.95705903],[95.26593936,16.03250527],[95.30296016,16.08480966],[95.32259655,16.09193695],[95.29992282,16.14792538],[95.30537117,16.171875],[95.32158434,16.19468713],[95.38523734,16.24016535],[95.3823117,16.31326473]],[[95.36877334,16.20750654],[95.37017906,16.20601714],[95.37014854,16.20962965],[95.36877334,16.20750654]],[[95.32328582,16.18526781],[95.30370915,16.15076983],[95.32383585,16.11897004],[95.36154318,16.16330028],[95.36359656,16.21018732],[95.32328582,16.18526781]],[[95.34453523,15.98139966],[95.35114503,15.98822045],[95.35053206,15.99906194],[95.34453523,15.98139966]],[[95.33222222,16.09111094],[95.34138894,16.07500005],[95.34777772,16.06972206],[95.33222222,16.09111094]],[[95.34344482,16.13850176],[95.3438369,16.13619006],[95.34658015,16.14014876],[95.34344482,16.13850176]],[[95.34534371,15.96802294],[95.33819854,15.96463036],[95.34256637,15.95686102],[95.34534371,15.96802294]],[[95.32374525,16.08554685],[95.27133906,16.02996647],[95.2734375,15.95619404],[95.23015332,15.87091565],[95.24658203,15.84999955],[95.26394415,15.86113691],[95.31303835,15.94565475],[95.33479536,15.96647048],[95.34456277,16.03864396],[95.32374525,16.08554685]],[[95.33611095,16.08000004],[95.33916664,16.07111096],[95.34333324,16.06833327],[95.33611095,16.08000004]],[[95.34286785,16.13446701],[95.33986151,16.13271046],[95.33096123,16.11962974],[95.34286785,16.13446701]],[[95.33593476,16.12889516],[95.32863545,16.12263715],[95.32752657,16.11925304],[95.33593476,16.12889516]],[[95.32965362,15.95772457],[95.31583285,15.94513178],[95.31200326,15.9261626],[95.33400154,15.93846691],[95.32965362,15.95772457]],[[95.32416666,16.18861115],[95.32361114,16.19055545],[95.32055545,16.18722224],[95.32416666,16.18861115]],[[95.32074451,15.6819427],[95.31800926,15.68222857],[95.31874835,15.68093026],[95.32074451,15.6819427]],[[95.2329061,16.21400654],[95.21540987,16.22206461],[95.22371495,16.19311345],[95.20508635,16.19212174],[95.20338476,16.17508364],[95.19234622,16.16680777],[95.19844162,16.16718066],[95.18582106,16.16160715],[95.17646587,16.12159932],[95.19542527,16.11648035],[95.26440716,16.16389954],[95.26662147,16.20937037],[95.27451396,16.19351733],[95.26534045,16.21999574],[95.26668823,16.22370935],[95.26472104,16.24930251],[95.26639795,16.28912187],[95.27908015,16.3350178],[95.30784404,16.35273933],[95.31145871,16.44373357],[95.25421417,16.44960475],[95.24734998,16.39224827],[95.25421596,16.37772262],[95.27174187,16.37434316],[95.27686381,16.36330438],[95.26410925,16.31961405],[95.22919702,16.30236793],[95.24488068,16.27822065],[95.24491775,16.24653268],[95.2329061,16.21400654]],[[95.04382825,16.37462544],[95.08706987,16.41587055],[95.15670824,16.44731486],[95.17032921,16.49771631],[95.2465198,16.5278182],[95.24419546,16.58029664],[95.25900102,16.5963186],[95.30035675,16.60466123],[95.31094694,16.62373877],[95.28574085,16.70004046],[95.26645267,16.69921875],[95.23590624,16.66572511],[95.22034955,16.62812305],[95.19912601,16.6269356],[95.18774295,16.6063205],[95.16071665,16.60399008],[95.15643644,16.56156123],[95.12626505,16.5588088],[95.13070106,16.54190648],[95.10845554,16.53059673],[95.11869693,16.48298848],[95.11088705,16.44880021],[95.09080458,16.44004071],[95.03955436,16.45059764],[95.04219091,16.40010142],[95.01229525,16.35665822],[95.03164625,16.34906662],[95.04382825,16.37462544]],[[95.30755353,16.66786206],[95.30381715,16.66664708],[95.30464387,16.66424072],[95.30755353,16.66786206]],[[95.29611111,15.67166662],[95.27138877,15.67638874],[95.27888894,15.67277765],[95.29611111,15.67166662]],[[95.28638875,16.21277773],[95.27138877,16.21749985],[95.27888894,16.19111097],[95.28638875,16.21277773]],[[95.27111113,16.22666657],[95.28277767,16.22527766],[95.27055538,16.24749994],[95.27111113,16.22666657]],[[95.27722216,16.18888891],[95.27444434,16.1875],[95.27527773,16.18611097],[95.27722216,16.18888891]],[[95.2741667,16.45500004],[95.27277768,16.45416665],[95.27277768,16.45388877],[95.2741667,16.45500004]],[[95.2715311,15.68319297],[95.2734375,15.68583715],[95.26948905,15.68264556],[95.2715311,15.68319297]],[[95.26574683,15.98633134],[95.23807991,15.9303776],[95.23857415,15.912992],[95.2672863,15.951828],[95.26574683,15.98633134]],[[95.26611114,16.27250004],[95.26750004,16.28166664],[95.26662946,16.28213525],[95.26611114,16.27250004]],[[95.24305546,15.68888891],[95.24583316,15.69111097],[95.24472225,15.69249988],[95.24305546,15.68888891]],[[95.16831303,16.20830822],[95.14599907,16.15479362],[95.16504323,16.15394914],[95.16902006,16.14689291],[95.16648257,16.14316571],[95.15016568,16.14042675],[95.17035007,16.13634872],[95.20349514,16.19286311],[95.22186565,16.19341934],[95.21387517,16.22195876],[95.21938825,16.22428215],[95.23335683,16.21721065],[95.24046946,16.25135684],[95.20729125,16.24970627],[95.20808423,16.21925497],[95.16831303,16.20830822]],[[95.19789815,15.68440628],[95.23383915,15.68027556],[95.24137485,15.68560791],[95.19789815,15.68440628]],[[95.1701405,16.11714172],[95.11738801,16.08841026],[95.09079826,16.04877722],[95.10034394,15.97860801],[95.11235201,16.03016651],[95.13093436,16.05315721],[95.17979765,16.02855933],[95.1768229,16.08455992],[95.20931125,16.11488485],[95.1701405,16.11714172]],[[95.12071347,16.3848505],[95.17900336,16.39439631],[95.16791272,16.41922426],[95.19120264,16.42316782],[95.1859411,16.44822061],[95.1940217,16.46642995],[95.19088435,16.47657847],[95.19692874,16.49439573],[95.17520535,16.48509455],[95.15862274,16.44389462],[95.11977768,16.41972101],[95.12071347,16.3848505]],[[95.18444443,16.39333332],[95.18527782,16.38027775],[95.18888891,16.38416672],[95.18444443,16.39333332]],[[95.1832515,16.11754942],[95.18191052,16.11925626],[95.1811341,16.11952925],[95.1832515,16.11754942]],[[95.17733967,16.49313438],[95.17291641,16.49243581],[95.17319095,16.48870552],[95.17733967,16.49313438]],[[95.14721715,16.14004874],[95.16711521,16.14830184],[95.14521384,16.15245235],[95.14193153,16.16856313],[95.12977481,16.12300146],[95.16967261,16.12722695],[95.14721715,16.14004874]],[[95.1445049,16.16998851],[95.16234136,16.20265198],[95.13728511,16.22728026],[95.12412667,16.21061444],[95.1445049,16.16998851]],[[94.95615196,16.14495456],[94.9531548,16.11900687],[94.95096397,16.09369421],[94.94418931,16.0746752],[94.92810667,16.06405807],[94.94421566,16.06502593],[94.95956755,16.01288843],[94.99597084,16.0395807],[95.03052545,16.02837992],[95.03050876,16.03087664],[95.02457714,16.03137004],[95.02211106,16.03455102],[95.03019273,16.05231345],[95.03387213,16.05460453],[95.04673624,16.05286455],[95.05327737,16.04891455],[95.10916483,16.11186624],[95.13394856,16.17002881],[95.11661136,16.21385336],[95.14784873,16.24144542],[95.13051868,16.26360607],[95.14156532,16.29584718],[95.12191856,16.30108964],[95.11885512,16.31958032],[95.11767316,16.29422498],[95.05236161,16.21771908],[95.0444473,16.18456256],[95.01513433,16.16725445],[95.01967812,16.14105046],[94.95615196,16.14495456]],[[94.85511148,16.12369752],[94.88834453,16.01088154],[94.91233253,16.03656602],[94.89494598,16.06777978],[94.89694285,16.08685994],[94.92510176,16.09538674],[94.95230305,16.14913404],[95.01307535,16.14235735],[95.00899792,16.16866624],[95.04441535,16.19388688],[95.05227256,16.22914672],[95.03861225,16.23924375],[95.03672087,16.24505854],[95.03910005,16.25327873],[95.04498947,16.25788796],[95.06422555,16.24681544],[95.06068003,16.27010608],[95.06772983,16.28111053],[95.09486794,16.30522776],[95.06241035,16.27053344],[95.06535065,16.24646175],[95.03961635,16.25099242],[95.05510914,16.22463107],[95.11585486,16.29797113],[95.10901833,16.3168174],[95.13690746,16.35086775],[95.11475217,16.39155543],[95.11389351,16.42088127],[95.046386,16.36986017],[95.04732132,16.32411361],[95.02836514,16.27693331],[95.0081408,16.25181568],[94.95259643,16.20196927],[94.88066876,16.18808973],[94.87950671,16.17505312],[94.85511148,16.12369752]],[[95.12669683,16.30742514],[95.13161695,16.30733776],[95.12471044,16.31263864],[95.12669683,16.30742514]],[[95.08606744,16.4447875],[95.11243558,16.46048641],[95.10512602,16.52918684],[95.12668753,16.54700625],[95.11290264,16.56705856],[95.08603025,16.54730856],[95.09209585,16.53336465],[95.07560205,16.50397944],[95.05265963,16.49227273],[95.05108595,16.47578776],[95.06928587,16.47816455],[95.08220005,16.47621775],[95.08817196,16.47228515],[95.08844161,16.4683696],[95.08386445,16.46033955],[95.07478631,16.45550001],[95.08606744,16.4447875]],[[95.11636543,15.99299264],[95.10000741,15.95619893],[95.10640216,15.93989885],[95.12429094,15.98185635],[95.11636543,15.99299264]],[[95.09196353,16.07268441],[95.08177304,16.06669772],[95.07992017,16.0604161],[95.09196353,16.07268441]],[[95.0871433,16.46894026],[95.07402265,16.46960294],[95.07604921,16.45798242],[95.0871433,16.46894026]],[[95.07369745,16.39992023],[95.07782495,16.39414656],[95.08123302,16.40463436],[95.07369745,16.39992023]],[[95.07361114,16.01222205],[95.07083333,16.00944436],[95.07277775,16.00138891],[95.07361114,16.01222205]],[[95.06583822,15.96369886],[95.05235696,16.04600596],[95.03484786,16.05354273],[95.03214347,16.02810383],[95.02067351,16.02220237],[94.99598205,16.03822887],[94.95957363,16.01039457],[94.95211875,16.02743816],[94.94892836,16.00318825],[94.921875,15.98102665],[94.96241033,15.94332993],[94.97602785,15.95382571],[94.97132516,15.96470845],[94.97858334,15.97318435],[94.99709511,15.96034026],[94.99884558,15.95365715],[95.01127207,15.96492112],[95.03955925,15.97052705],[95.06583822,15.96369886]],[[94.92665112,15.74392271],[94.98607326,15.76713002],[94.97842217,15.78176105],[94.98224783,15.85226774],[94.97004402,15.85566115],[94.96697247,15.86313677],[94.95873082,15.8635509],[94.95783997,15.87930691],[94.97057247,15.89065897],[94.96651042,15.87972343],[94.97861314,15.87889731],[94.98513293,15.87698221],[94.97439671,15.88152575],[94.97752881,15.89501476],[95.00034118,15.90939665],[95.01244152,15.90895784],[95.00689685,15.9158771],[95.02336335,15.92993665],[95.04859602,15.93356431],[95.06354547,15.93163145],[95.05624473,15.96477234],[94.99701571,15.95146155],[94.98058164,15.97158825],[94.97774243,15.95210147],[94.96147895,15.94176817],[94.95125174,15.94250774],[94.94014931,15.93210912],[94.90830493,15.92480731],[94.86827564,15.89155161],[94.88859308,15.82964957],[94.83624172,15.80260515],[94.84103382,15.77226567],[94.89393353,15.75365675],[94.91684926,15.76395857],[94.92665112,15.74392271]],[[95.06110764,15.83802998],[95.05306864,15.82254457],[95.05866945,15.81422651],[95.06672275,15.82810676],[95.06110764,15.83802998]],[[95.04134226,15.71218288],[95.06501937,15.73206306],[95.05737543,15.74783802],[95.02334571,15.73029888],[95.04134226,15.71218288]],[[95.01014757,15.89144456],[95.01930904,15.89985335],[95.0232414,15.89984524],[95.04460263,15.87470758],[95.04727983,15.88307607],[95.04175818,15.88414896],[95.04131198,15.89123011],[95.04672241,15.90383637],[95.05567503,15.90268314],[95.06278014,15.92894185],[95.02445614,15.92904925],[95.01027417,15.90496302],[95.01408124,15.90524447],[95.02232277,15.91526258],[95.03177786,15.92194128],[95.03399515,15.92161953],[95.03989363,15.91220486],[95.03236306,15.92113674],[95.01316047,15.90331328],[94.98826945,15.89530695],[95.01014757,15.89144456]],[[95.05521262,15.90160751],[95.04186797,15.89110386],[95.0422976,15.88455403],[95.04769635,15.88393438],[95.05027294,15.87505364],[95.04834056,15.85740995],[95.03729892,15.84696555],[95.04140854,15.83835018],[95.05134881,15.85183382],[95.05972505,15.90906465],[95.05521262,15.90160751]],[[95.02469754,15.85047662],[95.04952383,15.87520385],[95.04317987,15.87387884],[95.03400862,15.87778413],[95.02527201,15.89417243],[95.02055895,15.89406776],[95.01736856,15.89005792],[95.01475847,15.88873291],[95.01330841,15.88911653],[95.01316607,15.88375735],[95.00531316,15.87449312],[95.00623333,15.86989045],[95.02426815,15.8716017],[95.02469754,15.85047662]],[[95.01915646,15.78969288],[95.03407955,15.84623158],[95.00267196,15.84378111],[94.98559535,15.85159504],[94.98246443,15.78138125],[95.01915646,15.78969288]],[[95.02750003,16.27750003],[95.02305555,16.27916658],[95.0219444,16.27111113],[95.02750003,16.27750003]],[[94.98276734,15.85531533],[95.02312911,15.85087705],[95.02379346,15.87007284],[95.00845146,15.86673081],[95.00146365,15.87611854],[95.01247287,15.88881075],[94.99081182,15.89312911],[94.98460412,15.89669645],[94.98593163,15.87694454],[94.98401844,15.87623107],[94.95969641,15.87870955],[94.97211063,15.85587847],[94.98276734,15.85531533]],[[95.01138878,16.36527765],[95.0063889,16.36222208],[95.01121771,16.35576475],[95.01138878,16.36527765]],[[94.9953835,16.25153446],[94.99462175,16.25659013],[94.98534155,16.24556363],[94.9953835,16.25153446]],[[94.91153395,16.06883526],[94.94339895,16.07569766],[94.95205033,16.11924088],[94.92871714,16.08825815],[94.89953375,16.08349454],[94.91153395,16.06883526]],[[94.94438875,16.00481021],[94.94343507,16.06324434],[94.92986906,16.05949044],[94.90967524,16.0666759],[94.91631007,16.02857995],[94.89733577,16.00732815],[94.86783075,16.00143003],[94.82299244,15.95019436],[94.84874618,15.89241731],[94.84347522,15.83223593],[94.87628901,15.82713664],[94.86052167,15.88935256],[94.86817086,15.90431666],[94.91476905,15.93651736],[94.94401562,15.94128323],[94.9181807,15.98215222],[94.94438875,16.00481021]],[[94.91527772,16.20972216],[94.93083334,16.20805538],[94.93472207,16.21083331],[94.91527772,16.20972216]],[[94.91444445,16.2052778],[94.91444445,16.20861566],[94.91027772,16.20805538],[94.91444445,16.2052778]],[[94.87638891,16.18388891],[94.87805545,16.17472208],[94.87888885,16.18527782],[94.87638891,16.18388891]],[[94.87305546,16.17861116],[94.87388885,16.17222226],[94.87555087,16.18221283],[94.87305546,16.17861116]],[[94.87038505,16.16892755],[94.8717463,16.17846513],[94.86586785,16.16107655],[94.87038505,16.16892755]],[[94.85860932,16.10942698],[94.85628021,16.109905],[94.85867977,16.10888088],[94.85860932,16.10942698]],[[94.81098235,15.98035455],[94.85594451,16.03876293],[94.83746445,16.07332861],[94.83543014,16.05567658],[94.80065525,15.99157441],[94.81098235,15.98035455]],[[94.60287595,15.92293715],[94.65212214,15.85756803],[94.68112636,15.84244204],[94.71966803,15.85560942],[94.78889012,15.95520806],[94.76816964,15.96581995],[94.75807083,15.98983014],[94.75825715,15.99320126],[94.76065707,15.99537158],[94.76480246,15.99408436],[94.77692974,15.98389983],[94.78318822,15.98566997],[94.76985204,16.00281966],[94.78650618,15.99257624],[94.78522217,15.98646736],[94.77700436,15.9830085],[94.75945187,15.99290383],[94.77198565,15.96411705],[94.80552661,15.97022235],[94.79797435,15.99710047],[94.83478653,16.07401645],[94.84718752,16.07695425],[94.82891345,16.12218511],[94.80311251,16.12283313],[94.80891228,16.10532737],[94.79276621,16.08795905],[94.78720295,16.08914936],[94.7802999,16.10352707],[94.76109123,16.10111904],[94.73204446,16.07211113],[94.71853983,16.01044357],[94.67020452,15.95903575],[94.60287595,15.92293715]],[[94.82933593,15.90879595],[94.83556402,15.89077902],[94.84300005,15.88345921],[94.84321713,15.89883745],[94.82933593,15.90879595]],[[94.80765772,15.78913474],[94.84377527,15.86618495],[94.81318855,15.93998694],[94.77239871,15.86474526],[94.73119354,15.83187056],[94.74897444,15.79695654],[94.80765772,15.78913474]],[[94.8388375,16.00037897],[94.84299707,15.99835146],[94.84368515,16.00215113],[94.8388375,16.00037897]],[[94.83806133,16.11204183],[94.83664966,16.11347544],[94.83721435,16.11197364],[94.83806133,16.11204183]],[[94.77803433,16.14289308],[94.75559485,16.12763011],[94.78159273,16.10531306],[94.78729677,16.13103402],[94.77803433,16.14289308]],[[94.7427026,16.93527782],[94.74027765,16.93305552],[94.74138892,16.93222225],[94.7427026,16.93527782]],[[94.71055186,16.04958272],[94.69156575,16.02803016],[94.68953145,16.00664425],[94.71582568,16.02802944],[94.71055186,16.04958272]],[[94.69342685,16.39745915],[94.69582665,16.37288225],[94.69639122,16.3993026],[94.69342685,16.39745915]],[[94.69501865,16.39989376],[94.69473624,16.4012593],[94.69466567,16.39982557],[94.69501865,16.39989376]],[[94.69417715,16.42642474],[94.69307351,16.42781305],[94.69374216,16.42634964],[94.69417715,16.42642474]],[[94.69325948,16.42963934],[94.69346237,16.43222451],[94.69257784,16.42975426],[94.69325948,16.42963934]],[[94.67498744,16.30900216],[94.6800698,16.30911517],[94.68066227,16.31905675],[94.67498744,16.30900216]],[[94.58011198,16.23289812],[94.64010835,16.29001248],[94.67747808,16.38388872],[94.64660585,16.33568764],[94.60779035,16.32979524],[94.60686123,16.28444886],[94.56688094,16.2498579],[94.58011198,16.23289812]],[[94.66926885,16.38537037],[94.63982046,16.39660084],[94.61549234,16.34299171],[94.64486313,16.33959424],[94.66926885,16.38537037]],[[94.39350796,15.83338213],[94.4343189,15.88051021],[94.45454371,15.9606899],[94.45093322,15.9282155],[94.46556485,15.92418504],[94.48245525,15.97409487],[94.57231545,16.00277162],[94.63316047,16.09333384],[94.66670001,16.20776415],[94.64665067,16.25273585],[94.57130265,16.19381845],[94.44749534,16.01911795],[94.38589144,16.005234],[94.39244056,15.9161272],[94.41538191,15.88093603],[94.39350796,15.83338213]],[[94.65972221,16.12833333],[94.6647222,16.13250005],[94.66333318,16.13694441],[94.65972221,16.12833333]],[[94.65455234,16.27693891],[94.66348994,16.28639257],[94.66361105,16.28861105],[94.65455234,16.27693891]],[[94.61083317,16.05250001],[94.625,16.06027782],[94.64611113,16.10027766],[94.61083317,16.05250001]],[[94.60818255,17.30643356],[94.61150861,17.30663776],[94.61143768,17.30854428],[94.60818255,17.30643356]],[[94.59091687,17.57671726],[94.58463144,17.56075275],[94.58757973,17.56081796],[94.59091687,17.57671726]],[[94.58871818,17.31145275],[94.59119487,17.30825281],[94.59119487,17.31138468],[94.58871818,17.31145275]],[[94.58659005,17.30793262],[94.58278847,17.30725026],[94.58707917,17.30527687],[94.58659005,17.30793262]],[[94.57676125,17.31122565],[94.58163071,17.30486012],[94.57842374,17.31235254],[94.57676125,17.31122565]],[[94.57166672,17.58138883],[94.58055556,17.57166672],[94.57222223,17.58416665],[94.57166672,17.58138883]],[[94.57413197,17.57761145],[94.57409644,17.57617915],[94.57447803,17.57620728],[94.57413197,17.57761145]],[[94.54020703,17.73548496],[94.54006553,17.73432755],[94.54197598,17.73405504],[94.54020703,17.73548496]],[[94.54008663,16.15916955],[94.51763427,16.14672005],[94.51875806,16.1384294],[94.53038704,16.1440469],[94.54008663,16.15916955]],[[94.51949251,17.57293975],[94.51556027,17.57492197],[94.51759565,17.56922865],[94.51949251,17.57293975]],[[94.51009715,17.16099048],[94.51497972,17.16289711],[94.50967252,17.16596103],[94.51009715,17.16099048]],[[94.51083326,17.16861105],[94.51055551,17.17111111],[94.50944436,17.16888893],[94.51083326,17.16861105]],[[94.49872434,17.31346953],[94.50361097,17.31472206],[94.50083327,17.32111096],[94.49872434,17.31346953]],[[94.49332476,17.76518512],[94.49222851,17.76488435],[94.49439323,17.76480567],[94.49332476,17.76518512]],[[94.48638892,17.76305544],[94.4772222,17.75833333],[94.48520422,17.75840127],[94.48638892,17.76305544]],[[94.47266054,16.08184731],[94.45770252,16.06570733],[94.45047915,16.05141783],[94.46079576,16.05096698],[94.47266054,16.08184731]],[[94.45319212,16.04499996],[94.44777775,16.04583335],[94.44805551,16.04388416],[94.45319212,16.04499996]],[[94.42422044,16.95027268],[94.43291652,16.95269716],[94.42915404,16.95641994],[94.42422044,16.95027268]],[[94.39293396,16.81942594],[94.39069486,16.81902373],[94.39275646,16.81849003],[94.39293396,16.81942594]],[[94.36019266,16.74737954],[94.35745954,16.74669886],[94.36017096,16.74696434],[94.36019266,16.74737954]],[[94.34867835,16.01490235],[94.32810485,16.0209558],[94.27639878,15.98867857],[94.32541835,15.97866154],[94.34867835,16.01490235]],[[94.33139265,16.65346074],[94.32876933,16.65390313],[94.32991397,16.65236056],[94.33139265,16.65346074]],[[94.32359314,18.37703967],[94.3158617,18.37352574],[94.32733822,18.37383032],[94.32359314,18.37703967]],[[94.32063115,16.61898494],[94.32219315,16.62025344],[94.32105756,16.62229466],[94.32063115,16.61898494]],[[94.32000291,16.61699784],[94.32155573,16.61645174],[94.32197905,16.61713445],[94.32000291,16.61699784]],[[94.31153321,16.59651697],[94.30998027,16.59719968],[94.30998027,16.59651697],[94.31153321,16.59651697]],[[94.29886305,16.61530685],[94.29346812,16.61904037],[94.29461765,16.61467111],[94.29886305,16.61530685]],[[94.26805556,18.62416661],[94.27473593,18.60264885],[94.28111112,18.61500001],[94.27638876,18.61666656],[94.27027774,18.62444437],[94.26805556,18.62416661]],[[94.28018117,15.86477566],[94.27180123,15.86121905],[94.27424765,15.85878313],[94.28018117,15.86477566]],[[94.27380192,18.52983975],[94.27479517,18.53085816],[94.27309215,18.53112972],[94.27380192,18.52983975]],[[94.27320492,16.88609016],[94.27053654,16.88784206],[94.27279425,16.88515997],[94.27320492,16.88609016]],[[94.27297938,16.84942102],[94.26990187,16.84757745],[94.27304041,16.84652138],[94.27297938,16.84942102]],[[94.27091742,16.85376525],[94.27032721,16.85235155],[94.27142382,16.85195875],[94.27091742,16.85376525]],[[94.26741684,16.54540276],[94.26850033,16.54529548],[94.2683444,16.54596305],[94.26741684,16.54540276]],[[94.26388466,18.61236572],[94.26134527,18.61357105],[94.26027775,18.61111104],[94.26388466,18.61236572]],[[94.25722337,18.75151181],[94.25593734,18.75282466],[94.25496852,18.75224495],[94.25722337,18.75151181]],[[94.24453855,16.54902947],[94.23777854,16.52276361],[94.24139762,16.5198822],[94.24719965,16.53071701],[94.24453855,16.54902947]],[[94.13915718,18.74098504],[94.24227452,18.65133727],[94.23545122,18.65840244],[94.23718512,18.67316616],[94.13915718,18.74098504]],[[94.2397027,18.5355581],[94.22857142,18.53590047],[94.23963833,18.53148997],[94.2397027,18.5355581]],[[94.23035145,16.42054546],[94.22825003,16.42111552],[94.22835815,16.41977596],[94.23035145,16.42054546]],[[94.22461796,16.38001406],[94.22875905,16.39105034],[94.22512722,16.39435887],[94.22348094,16.3912425],[94.22461796,16.38001406]],[[94.21491754,16.37740755],[94.2139101,16.38175905],[94.21181083,16.37799191],[94.21491754,16.37740755]],[[94.21044385,16.92424166],[94.20808494,16.92386281],[94.20981836,16.92336035],[94.21044385,16.92424166]],[[94.18911946,18.75615704],[94.19064915,18.75199795],[94.19130445,18.75370932],[94.18911946,18.75615704]],[[94.18355572,18.77400887],[94.18307924,18.77187264],[94.18479681,18.77358854],[94.18355572,18.77400887]],[[94.17135,18.77124214],[94.17764986,18.75614023],[94.18419075,18.76599324],[94.17135,18.77124214]],[[94.18113983,18.76898253],[94.18164253,18.77005553],[94.18066716,18.76959646],[94.18113983,18.76898253]],[[94.16643214,19.3127228],[94.17048836,19.31312895],[94.16977668,19.31441486],[94.16643214,19.3127228]],[[94.15338647,18.82882714],[94.15458596,18.82916212],[94.15045261,18.82915103],[94.15338647,18.82882714]],[[94.12119854,18.87956047],[94.08889926,18.85022044],[94.08301628,18.85118675],[94.07301462,18.86237991],[94.06148458,18.83856165],[94.13226557,18.81991434],[94.14042175,18.86570144],[94.11364782,18.85243654],[94.11185491,18.85652661],[94.11387217,18.86562455],[94.12119854,18.87956047]],[[94.10548496,18.90633476],[94.09595871,18.88122582],[94.09196532,18.87611604],[94.09932244,18.87442768],[94.10238647,18.87141895],[94.11249554,18.88121927],[94.12969828,18.87828386],[94.13337886,18.89793515],[94.10548496,18.90633476]],[[94.12742972,19.00741816],[94.12799895,19.00958431],[94.12586415,19.01080275],[94.12742972,19.00741816]],[[94.07038975,19.04655933],[94.07286787,19.03517067],[94.07663381,19.03329325],[94.07750118,19.02368605],[94.08544564,19.0280596],[94.07720995,19.02260041],[94.05960953,19.03297806],[94.02925777,18.99863112],[94.03892064,18.98685646],[94.05918443,19.00694156],[94.07420528,19.00580192],[94.09638143,18.99543905],[94.10637283,18.99769688],[94.10902035,18.99495053],[94.10901904,19.00934005],[94.11145091,19.01308155],[94.12685275,19.0061115],[94.10212135,19.05230403],[94.09166992,19.03850651],[94.07038975,19.04655933]],[[94.1243155,19.22840714],[94.1266638,19.22766244],[94.12495577,19.22894847],[94.1243155,19.22840714]],[[94.10583317,18.93888891],[94.10431445,18.90832686],[94.12166655,18.92472208],[94.10583317,18.93888891]],[[94.12070048,18.98901105],[94.09499025,18.99468327],[94.0662564,19.00499225],[94.06020772,19.00409245],[94.04971504,18.96712792],[94.03968835,18.9690659],[94.05675864,18.93910444],[94.06264281,18.94892526],[94.08186614,18.95085227],[94.07094681,18.93936813],[94.0627923,18.94741094],[94.05928695,18.93837345],[94.04567075,18.93983054],[94.02889657,18.90125334],[94.05770326,18.89422286],[94.06778896,18.87378395],[94.09246981,18.8937031],[94.09882116,18.93231893],[94.10979533,18.95196784],[94.11156285,18.97833073],[94.12070048,18.98901105]],[[94.10184348,18.93031013],[94.10113394,18.93322945],[94.10106313,18.92915583],[94.10184348,18.93031013]],[[94.10033536,18.90464163],[94.09834874,18.90423417],[94.09792292,18.90240097],[94.10033536,18.90464163]],[[94.04826534,18.84712756],[94.07643676,18.86505675],[94.08774197,18.85077524],[94.09967875,18.87238765],[94.06942761,18.87238264],[94.06377542,18.87625885],[94.05244505,18.89345312],[94.02378523,18.85627544],[94.04826534,18.84712756]],[[94.09944344,18.06584215],[94.07953751,18.06389654],[94.08860075,18.05363715],[94.09944344,18.06584215]],[[94.0965898,18.90340221],[94.0953685,18.89900625],[94.09664571,18.90199375],[94.0965898,18.90340221]],[[93.97478342,19.3611865],[93.94459033,19.3359375],[93.94081664,19.31328702],[93.97454762,19.30553901],[93.97451591,19.32301724],[93.98081434,19.32975757],[93.98664773,19.33094466],[93.99881613,19.31787467],[94.00388861,19.33440661],[94.02363527,19.33990288],[94.03196311,19.33470452],[94.02719486,19.35731566],[94.03452384,19.34473145],[94.05713058,19.35439014],[94.07016206,19.38978565],[94.05070305,19.38309944],[94.03052807,19.39868701],[94.02372074,19.37190938],[93.97677886,19.38799346],[93.97478342,19.3611865]],[[94.0316714,19.03533065],[94.04077637,19.02179277],[94.06135225,19.03995097],[94.04643714,19.04411197],[94.0316714,19.03533065]],[[94.05009711,19.35061514],[94.04115021,19.33677971],[94.05472255,19.35142756],[94.05009711,19.35061514]],[[94.05421984,18.99819851],[94.04097152,18.98165643],[94.04355705,18.97436023],[94.04697072,18.9751693],[94.05421984,18.99819851]],[[94.01694441,19.04861104],[94.04117775,19.04541647],[94.03805554,19.06833327],[94.01694441,19.04861104]],[[94.03488231,19.29675055],[94.03737295,19.28774774],[94.03516686,19.29911971],[94.03488231,19.29675055]],[[94.02681231,19.27402341],[94.00542557,19.25773573],[93.98618221,19.25179172],[93.99622285,19.19119525],[94.01219821,19.18151104],[94.03348374,19.21234858],[94.02681231,19.27402341]],[[94.02642465,19.3359375],[94.00512588,19.33301878],[93.99957621,19.31671464],[93.97959876,19.32725835],[93.97527921,19.30261004],[93.93495822,19.30474925],[93.88911414,19.26162624],[93.88789725,19.24303961],[93.89806855,19.24690056],[93.90887332,19.24494064],[93.92555642,19.25872791],[93.92908216,19.25843132],[93.93383968,19.25430107],[93.94415832,19.26834035],[93.93404508,19.25234628],[93.94807196,19.24291563],[93.95103395,19.23330915],[93.92871356,19.21266651],[93.95804596,19.20904624],[93.93634987,19.20376885],[93.94544172,19.19159961],[93.93136787,19.18148565],[93.95265472,19.14427984],[93.97545087,19.13854742],[94.00920951,19.15982676],[93.99218643,19.19494605],[93.98404551,19.25003946],[93.98962176,19.25579476],[94.00381136,19.25811625],[94.01560676,19.27166307],[93.99731004,19.27663004],[93.99453902,19.27909708],[93.99442911,19.28330934],[94.02568865,19.27716875],[94.02642465,19.3359375]],[[94.03082216,19.01088333],[94.02942574,19.01225495],[94.02897286,19.01031041],[94.03082216,19.01088333]],[[94.01726282,18.72255826],[94.02049744,18.72335744],[94.01790261,18.72468436],[94.01726282,18.72255826]],[[94.00926876,19.11444604],[94.00355995,19.09322774],[94.01710415,19.10593236],[94.00926876,19.11444604]],[[93.97964823,18.74377274],[93.98873735,18.72965336],[94.00852215,18.72853375],[93.99188864,18.75005186],[93.97964823,18.74377274]],[[93.99004865,18.78436434],[93.96706975,18.83857822],[93.93404984,18.82319021],[93.95804656,18.78078854],[93.99004865,18.78436434]],[[93.97139692,19.44620645],[93.98718393,19.45472455],[93.97044551,19.45817971],[93.97139692,19.44620645]],[[93.98451757,18.77341068],[93.98279798,18.76685286],[93.98729312,18.76549494],[93.98451757,18.77341068]],[[93.77126646,18.97346365],[93.91274595,18.87964511],[93.9374547,18.84685457],[93.94270861,18.89220977],[93.96081364,18.90450418],[93.94872534,18.91917586],[93.9737215,18.9303416],[93.98705125,18.96616638],[93.95564926,19.03223574],[93.95520246,19.09071052],[93.93538761,19.08730865],[93.96814001,19.12541854],[93.93987286,19.14253998],[93.92172134,19.18633008],[93.90242255,19.17922413],[93.91942775,19.19016695],[93.89702976,19.19983292],[93.92934871,19.20009243],[93.92719114,19.21003473],[93.92869592,19.21916795],[93.94748187,19.24070501],[93.93270004,19.24974906],[93.92882645,19.25753856],[93.90956855,19.24378133],[93.88887036,19.24122965],[93.88499153,19.24523926],[93.88620615,19.26189542],[93.87079895,19.25239265],[93.87856054,19.22837782],[93.8671875,19.25306904],[93.80364454,19.22537971],[93.73476267,19.25922334],[93.71661735,19.2977252],[93.67672992,19.3014667],[93.65687203,19.27267802],[93.67455757,19.22395515],[93.65344501,19.2547096],[93.64103973,19.20814824],[93.6383785,19.20499015],[93.62885213,19.20140791],[93.63429236,19.19309902],[93.62597215,19.20127094],[93.65233314,19.25857127],[93.63750005,19.26202571],[93.66359246,19.29374373],[93.66164601,19.31959021],[93.63795757,19.32596362],[93.61833811,19.34474635],[93.61384642,19.33535635],[93.59964585,19.32285833],[93.59080696,19.32145584],[93.61768734,19.34633064],[93.63125753,19.33629358],[93.63588953,19.34777725],[93.6016165,19.41479182],[93.54881072,19.40846431],[93.54703331,19.38881636],[93.5382117,19.38307035],[93.52659786,19.40720356],[93.54010785,19.38438034],[93.54512584,19.40865195],[93.56618607,19.42006135],[93.5454812,19.43742216],[93.49897587,19.42463458],[93.46883285,19.36623025],[93.59866965,19.15343237],[93.63629091,19.14388883],[93.66096485,19.07040656],[93.69953597,19.10722721],[93.68946731,19.11635482],[93.68093467,19.11650383],[93.67878234,19.12028503],[93.69753528,19.12437296],[93.7169044,19.11788177],[93.69040632,19.11979282],[93.70249855,19.10637832],[93.65782702,19.05988991],[93.66704643,19.01495421],[93.70260882,19.01043594],[93.7365787,18.9707998],[93.77126646,18.97346365]],[[93.98395467,19.40326655],[93.96431816,19.4076128],[93.94896424,19.39362848],[93.91515374,19.37991381],[93.91519117,19.33412612],[93.87829471,19.30998337],[93.88869321,19.29237986],[93.96739137,19.35616517],[93.96934116,19.38915384],[93.98395467,19.40326655]],[[93.98119307,18.71568155],[93.98297095,18.71554744],[93.98227847,18.71757746],[93.98119307,18.71568155]],[[93.97583318,19.42999995],[93.98000002,19.43194437],[93.97916663,19.43277764],[93.97583318,19.42999995]],[[93.88118601,19.47152507],[93.85539055,19.45968127],[93.86398983,19.42411292],[93.85455358,19.39830387],[93.83885145,19.39063513],[93.88028085,19.37798238],[93.89406312,19.40862155],[93.88516104,19.38068998],[93.88026691,19.37618911],[93.86774755,19.37688005],[93.88755834,19.35276532],[93.88096583,19.32122135],[93.91202962,19.3354969],[93.91125631,19.37934828],[93.94185746,19.39169455],[93.96227956,19.40901065],[93.97435522,19.41215515],[93.94600725,19.44618654],[93.91316545,19.44782364],[93.88118601,19.47152507]],[[93.96933055,18.74319196],[93.96484387,18.74375474],[93.96687615,18.74184823],[93.96933055,18.74319196]],[[93.91335034,19.44988132],[93.91307986,19.44875765],[93.91419005,19.44877124],[93.91335034,19.44988132]],[[93.90919805,18.43527877],[93.90276766,18.43506455],[93.90811872,18.43079805],[93.90919805,18.43527877]],[[93.66556764,19.51961565],[93.64196396,19.51130748],[93.64416277,19.49899495],[93.66544533,19.48658085],[93.66733122,19.47826386],[93.63307583,19.4878844],[93.64833152,19.46295297],[93.64774656,19.44484675],[93.68637514,19.4081465],[93.72514725,19.41532016],[93.73056865,19.41196811],[93.70613015,19.40386605],[93.72887421,19.38590455],[93.73295474,19.35425913],[93.74975812,19.35953546],[93.73520386,19.35076368],[93.74525595,19.32155943],[93.77003706,19.30169106],[93.79909074,19.30970967],[93.83997345,19.29582524],[93.85493946,19.303635],[93.86440301,19.3041594],[93.88430846,19.35179484],[93.83716643,19.39105165],[93.83950198,19.41232514],[93.86108756,19.42113638],[93.85249054,19.45574963],[93.86185014,19.48632383],[93.82117152,19.48068404],[93.77218604,19.50697494],[93.77101421,19.49185348],[93.76551247,19.48174787],[93.77667606,19.47250974],[93.77170265,19.46094644],[93.78604877,19.4644922],[93.79253686,19.46201575],[93.79424381,19.45575404],[93.78816974,19.45242691],[93.7928282,19.44696081],[93.78683996,19.45174873],[93.79099703,19.46174693],[93.77051592,19.46073794],[93.76406264,19.48222828],[93.76850247,19.51080406],[93.74859023,19.52712405],[93.72931325,19.50152051],[93.75332403,19.47915375],[93.76155686,19.45107245],[93.72740805,19.50241363],[93.74436367,19.54906642],[93.68591917,19.56846166],[93.65285635,19.52496707],[93.66556764,19.51961565]],[[93.87985766,19.47493231],[93.87833333,19.47194445],[93.88158858,19.47298086],[93.87985766,19.47493231]],[[93.87715101,19.47874653],[93.87833333,19.47611105],[93.87916672,19.47777772],[93.87715101,19.47874653]],[[93.84638894,19.27777767],[93.86305547,19.28083324],[93.86249995,19.29861104],[93.84472811,19.29611695],[93.84638894,19.27777767]],[[93.76837754,19.53248322],[93.81915975,19.48444283],[93.85856283,19.49635541],[93.80546331,19.52879691],[93.76837754,19.53248322]],[[93.85317445,19.2984184],[93.8542912,19.30198777],[93.85073793,19.29858613],[93.85317445,19.2984184]],[[93.80638885,19.26611114],[93.83960044,19.27111113],[93.84429705,19.29236555],[93.79638875,19.30611098],[93.77111113,19.29638875],[93.80638885,19.26611114]],[[93.82379305,19.58656871],[93.83896232,19.59168923],[93.8394947,19.5942775],[93.81997073,19.60332036],[93.82379305,19.58656871]],[[93.83174956,19.25590134],[93.81905258,19.26259077],[93.81597388,19.26017857],[93.83174956,19.25590134]],[[93.82892907,19.26611245],[93.82969415,19.26815605],[93.82730424,19.26771748],[93.82892907,19.26611245]],[[93.81393731,18.72930551],[93.80658925,18.71940744],[93.80875194,18.71404552],[93.82029915,18.71886814],[93.81393731,18.72930551]],[[93.78465176,18.60193944],[93.8006438,18.6328125],[93.79133213,18.66736591],[93.77143085,18.62123585],[93.78465176,18.60193944]],[[93.79559803,19.25539553],[93.79277563,19.25527418],[93.7930665,19.25504422],[93.79559803,19.25539553]],[[93.78111482,18.58575058],[93.77708781,18.58189154],[93.78249025,18.58178484],[93.78111482,18.58575058]],[[93.76888072,19.29489863],[93.76685262,19.29344058],[93.76960266,19.2927103],[93.76888072,19.29489863]],[[93.66129351,19.86328125],[93.67852771,19.86126065],[93.68542254,19.87718046],[93.70489061,19.87851775],[93.68611205,19.87580454],[93.68320584,19.86219132],[93.67047536,19.85631275],[93.64005876,19.86139214],[93.62635887,19.81602061],[93.58861756,19.77904546],[93.59763575,19.71036577],[93.61067331,19.71023846],[93.64110053,19.77641904],[93.68474674,19.80438852],[93.67330503,19.83012426],[93.70513666,19.85734916],[93.76212144,19.8694396],[93.74278474,19.87475836],[93.73175526,19.88585126],[93.71813774,19.8835572],[93.68685925,19.89821792],[93.65915406,19.88368487],[93.66129351,19.86328125]],[[93.75171173,19.53836083],[93.75884652,19.54031742],[93.75322485,19.54387927],[93.75171173,19.53836083]],[[93.75925434,19.27973664],[93.74245501,19.28166342],[93.75253487,19.27346587],[93.75925434,19.27973664]],[[93.75105286,19.55371022],[93.75524592,19.55222321],[93.75219631,19.5561341],[93.75105286,19.55371022]],[[93.74408627,19.26865971],[93.75342655,19.26717806],[93.74601865,19.2725805],[93.74408627,19.26865971]],[[93.74852395,19.85878694],[93.74724042,19.85256934],[93.75270736,19.85843945],[93.74852395,19.85878694]],[[93.63535881,18.68403685],[93.72406256,18.67909825],[93.75061893,18.73239994],[93.73683155,18.77924836],[93.74238706,18.88895094],[93.68732226,18.86945212],[93.63255358,18.89102864],[93.61354494,18.92109168],[93.55311275,18.88200486],[93.47847331,18.87369454],[93.54237711,18.76477301],[93.59792233,18.73257816],[93.63535881,18.68403685]],[[93.74208367,19.59234548],[93.74608552,19.58403361],[93.74310422,19.59382164],[93.74208367,19.59234548]],[[93.74536645,19.26511347],[93.73999345,19.26786172],[93.73840654,19.26639354],[93.74536645,19.26511347]],[[93.73616636,19.56932116],[93.74283695,19.56789994],[93.73597443,19.57000935],[93.73616636,19.56932116]],[[93.74229503,19.31699586],[93.73534155,19.31929672],[93.74243104,19.31548405],[93.74229503,19.31699586]],[[93.73511624,19.56096137],[93.73920047,19.56175017],[93.73600698,19.56450653],[93.73511624,19.56096137]],[[93.72814512,19.94757128],[93.72980571,19.94260144],[93.73240554,19.94392467],[93.72814512,19.94757128]],[[93.73062205,19.57173145],[93.73152256,19.56912744],[93.73213875,19.56953454],[93.73062205,19.57173145]],[[93.72978365,19.94224715],[93.72290885,19.93567657],[93.72335315,19.93417335],[93.72978365,19.94224715]],[[93.72414982,19.89014184],[93.71686506,19.88652122],[93.72769463,19.88762867],[93.72414982,19.89014184]],[[93.72001791,19.89230037],[93.72474062,19.89135158],[93.71908307,19.89374113],[93.72001791,19.89230037]],[[93.72141242,19.94116366],[93.7201488,19.93870032],[93.72318256,19.94072425],[93.72141242,19.94116366]],[[93.71197176,19.93256366],[93.71572185,19.94018614],[93.70753562,19.94220626],[93.71197176,19.93256366]],[[93.7217679,19.94246841],[93.71499884,19.94231665],[93.71786141,19.93960881],[93.7217679,19.94246841]],[[93.70930743,19.59182906],[93.70953405,19.60159814],[93.69940376,19.60453546],[93.70930743,19.59182906]],[[93.7195003,19.95335937],[93.71783495,19.95418525],[93.71819091,19.95302105],[93.7195003,19.95335937]],[[93.70789385,19.94417524],[93.71619511,19.95066416],[93.71258402,19.95193398],[93.70789385,19.94417524]],[[93.71531308,19.31991112],[93.70968413,19.32157183],[93.70960891,19.32127225],[93.71531308,19.31991112]],[[93.71066642,19.89675415],[93.71129215,19.89310443],[93.71376157,19.89435196],[93.71066642,19.89675415]],[[93.70704103,19.89750087],[93.70866346,19.89612007],[93.70926118,19.8964045],[93.70704103,19.89750087]],[[93.69921625,19.90213704],[93.70399106,19.90563321],[93.69638205,19.90358925],[93.69921625,19.90213704]],[[93.69913685,19.36530173],[93.70229316,19.36663485],[93.70076025,19.36784744],[93.69913685,19.36530173]],[[93.69481278,19.66205776],[93.68950141,19.65544856],[93.69596314,19.65921545],[93.69481278,19.66205776]],[[93.68829131,19.59301841],[93.69563031,19.59279954],[93.69066656,19.59628963],[93.68829131,19.59301841]],[[93.67672086,19.38976932],[93.6884495,19.40011156],[93.65900815,19.40851188],[93.67672086,19.38976932]],[[93.68111098,19.35555553],[93.67666662,19.37611115],[93.6583333,19.37444437],[93.64598453,19.38202095],[93.6405555,19.35388875],[93.65416658,19.33500004],[93.68111098,19.35555553]],[[93.67320597,19.5718019],[93.67497993,19.57182431],[93.67474628,19.57324135],[93.67320597,19.5718019]],[[93.67376637,19.59930527],[93.67363882,19.59788501],[93.67441845,19.59808946],[93.67376637,19.59930527]],[[93.67102993,19.60373235],[93.67322075,19.60353112],[93.672019,19.60528553],[93.67102993,19.60373235]],[[93.66750693,19.57277763],[93.67308986,19.56989491],[93.66845346,19.57426465],[93.66750693,19.57277763]],[[93.67003906,19.56326425],[93.63352215,19.56491375],[93.62577522,19.54507327],[93.64771974,19.52548015],[93.67003906,19.56326425]],[[93.66716707,19.58800113],[93.66935742,19.58812356],[93.66791713,19.58939385],[93.66716707,19.58800113]],[[93.65411925,19.57463717],[93.66896296,19.56782818],[93.66107154,19.58007491],[93.65411925,19.57463717]],[[93.64938021,19.43063033],[93.66595972,19.41836596],[93.66691315,19.42585921],[93.64938021,19.43063033]],[[93.65563834,19.37781966],[93.66220725,19.38040471],[93.65070307,19.38147748],[93.65563834,19.37781966]],[[93.59433663,19.87727106],[93.54901195,19.86881232],[93.54418075,19.82741678],[93.56237745,19.84283638],[93.58399773,19.84129965],[93.59530222,19.83637202],[93.61234164,19.86369967],[93.66206253,19.90574086],[93.61279857,19.90240431],[93.59433663,19.87727106]],[[93.66093016,19.58160627],[93.65491092,19.58446777],[93.65642285,19.57988513],[93.66093016,19.58160627]],[[93.65873647,19.58805478],[93.65756595,19.59132385],[93.65664744,19.58890927],[93.65873647,19.58805478]],[[93.65028346,19.63119483],[93.65855157,19.63177192],[93.65000975,19.64020741],[93.65028346,19.63119483]],[[93.65586841,19.59724176],[93.65384722,19.59940195],[93.65283418,19.59806132],[93.65586841,19.59724176]],[[93.65399492,19.60298824],[93.6548593,19.60749292],[93.65271223,19.60381258],[93.65399492,19.60298824]],[[93.65319896,19.57506335],[93.65134692,19.58778274],[93.65102541,19.58797264],[93.65319896,19.57506335]],[[93.65083325,14.92972207],[93.64722216,14.93583333],[93.64611113,14.93527782],[93.65083325,14.92972207]],[[93.64775491,19.59922171],[93.64431596,19.6027081],[93.64288557,19.60141981],[93.64775491,19.59922171]],[[93.59392142,19.47493672],[93.64627945,19.44506133],[93.64468944,19.46617222],[93.6124649,19.4941498],[93.59392142,19.47493672]],[[93.64561403,19.3455106],[93.64409792,19.34421396],[93.64624822,19.34493136],[93.64561403,19.3455106]],[[93.64299464,19.61358047],[93.64264476,19.61026752],[93.64427447,19.61213267],[93.64299464,19.61358047]],[[93.61183715,14.8356961],[93.63952303,14.90293443],[93.61322057,14.87423527],[93.60864174,14.84585094],[93.61183715,14.8356961]],[[93.64065552,19.58338046],[93.64310396,19.58049786],[93.64133716,19.58462906],[93.64065552,19.58338046]],[[93.64299917,19.34855294],[93.64070845,19.34899795],[93.64093697,19.34720957],[93.64299917,19.34855294]],[[93.64169812,19.33762622],[93.63844812,19.34002125],[93.63839686,19.33653796],[93.64169812,19.33762622]],[[93.64160287,19.39876318],[93.63965476,19.39902163],[93.63781536,19.39857423],[93.64160287,19.39876318]],[[93.6336472,19.40097928],[93.63797224,19.42739153],[93.62254226,19.43216133],[93.6336472,19.40097928]],[[93.64031625,19.37841487],[93.63485825,19.37594974],[93.63742602,19.37311184],[93.64031625,19.37841487]],[[93.63869786,19.58132315],[93.63870215,19.57761383],[93.64016354,19.5798496],[93.63869786,19.58132315]],[[93.60220194,19.61185145],[93.61498284,19.62135637],[93.63727283,19.60843313],[93.61701262,19.62985957],[93.60220194,19.61185145]],[[93.63388884,19.67972207],[93.63666666,19.68027782],[93.63472223,19.68138886],[93.63388884,19.67972207]],[[93.59874511,19.80975604],[93.61665177,19.82933605],[93.63600695,19.87173414],[93.60724437,19.84828925],[93.59874511,19.80975604]],[[93.63370025,19.61453676],[93.63629246,19.61526334],[93.6342262,19.61640584],[93.63370025,19.61453676]],[[93.62810791,19.63435507],[93.635746,19.62563872],[93.62933934,19.64016247],[93.62810791,19.63435507]],[[93.63051558,19.91718686],[93.61430061,19.92356884],[93.61205041,19.91119754],[93.61295247,19.91128254],[93.63051558,19.91718686]],[[93.63166451,19.70440936],[93.62893117,19.69970417],[93.62998104,19.69855416],[93.63166451,19.70440936]],[[93.61993754,19.56922615],[93.61681891,19.55455518],[93.62583733,19.56169665],[93.61993754,19.56922615]],[[93.62499785,19.54375327],[93.61865473,19.54245412],[93.62200785,19.53867126],[93.62499785,19.54375327]],[[93.61421514,19.45651531],[93.61253142,19.45858753],[93.60612953,19.45753765],[93.61421514,19.45651531]],[[93.61869454,19.51352644],[93.61567378,19.51355815],[93.61860788,19.51171875],[93.61869454,19.51352644]],[[93.60088193,19.44564641],[93.61746216,19.43763816],[93.61513686,19.45291162],[93.60088193,19.44564641]],[[93.60749984,19.66328883],[93.61105013,19.66316593],[93.60938883,19.66506314],[93.60749984,19.66328883]],[[93.57094324,19.88967764],[93.5903877,19.88462615],[93.60549843,19.90654945],[93.57094324,19.88967764]],[[93.60368335,19.56167793],[93.60003245,19.56427836],[93.6008296,19.56029606],[93.60368335,19.56167793]],[[93.58394337,19.55692172],[93.59709573,19.55143201],[93.59926355,19.55157387],[93.59418345,19.55505514],[93.58394337,19.55692172]],[[93.59876955,19.46081793],[93.55490804,19.48100674],[93.51917362,19.51959741],[93.51119912,19.52092755],[93.54917812,19.47994792],[93.59876955,19.46081793]],[[93.59246111,19.70391417],[93.59707665,19.70383406],[93.59416854,19.70597005],[93.59246111,19.70391417]],[[93.55813432,19.80808961],[93.58816457,19.81291628],[93.59100831,19.83674216],[93.56235921,19.84064841],[93.54268765,19.81511664],[93.54589701,19.80148757],[93.55813432,19.80808961]],[[93.58939695,19.48465395],[93.58795035,19.48053014],[93.59232414,19.47882247],[93.58939695,19.48465395]],[[93.59102905,19.70960605],[93.58510292,19.71059215],[93.5862025,19.70687211],[93.59102905,19.70960605]],[[93.54215705,19.69913363],[93.57603514,19.71465814],[93.58848274,19.74713314],[93.57834625,19.76940227],[93.56951034,19.7517817],[93.54280794,19.74746203],[93.53017175,19.71180606],[93.50932777,19.71797514],[93.5290091,19.6766268],[93.55253303,19.68206775],[93.54215705,19.69913363]],[[93.56876695,19.64818776],[93.5853368,19.65837145],[93.58610928,19.66909146],[93.56288242,19.66433024],[93.56876695,19.64818776]],[[93.58296692,19.78870904],[93.580917,19.77939165],[93.58393002,19.78846896],[93.58296692,19.78870904]],[[93.57920861,19.48135006],[93.57585895,19.48132372],[93.57916415,19.48054874],[93.57920861,19.48135006]],[[93.57462323,19.48486066],[93.57624543,19.48486042],[93.57594013,19.48514974],[93.57462323,19.48486066]],[[93.57148004,19.7735244],[93.57431078,19.77159858],[93.57237005,19.77468956],[93.57148004,19.7735244]],[[93.57316494,14.86987531],[93.56805551,14.87055552],[93.57274342,14.86816025],[93.57316494,14.86987531]],[[93.55055547,19.76250005],[93.57305551,19.79388893],[93.55972207,19.80722225],[93.54083335,19.78055561],[93.55055547,19.76250005]],[[93.57231593,14.85948002],[93.56956792,14.86058354],[93.57024956,14.85916853],[93.57231593,14.85948002]],[[93.57194436,14.8480556],[93.56895912,14.84861112],[93.57055545,14.84617972],[93.57194436,14.8480556]],[[93.55204535,18.75594628],[93.54984415,18.75548983],[93.55203235,18.75531948],[93.55204535,18.75594628]],[[93.55089366,14.78385103],[93.54945636,14.78482461],[93.55002308,14.78378785],[93.55089366,14.78385103]],[[93.53391254,19.46300852],[93.54612315,19.47070181],[93.5257771,19.47814095],[93.53391254,19.46300852]],[[93.53887224,19.65021205],[93.53807056,19.65746081],[93.53423834,19.65689445],[93.53887224,19.65021205]],[[93.53831661,19.48446822],[93.54116702,19.48425806],[93.53802025,19.48778236],[93.53831661,19.48446822]],[[93.53354263,19.92144978],[93.54084754,19.92027485],[93.53531086,19.92367113],[93.53354263,19.92144978]],[[93.53782725,19.85807431],[93.53529525,19.85958505],[93.53738463,19.85768938],[93.53782725,19.85807431]],[[93.53669286,19.76652396],[93.53285241,19.76475966],[93.53683913,19.76482916],[93.53669286,19.76652396]],[[93.53380156,19.89410901],[93.53632057,19.89413285],[93.53475571,19.89568126],[93.53380156,19.89410901]],[[93.52080345,19.47894704],[93.5361613,19.48617005],[93.52231574,19.49987721],[93.50725985,19.50186634],[93.52080345,19.47894704]],[[93.49982858,19.77669132],[93.51381648,19.73334444],[93.51703405,19.74879897],[93.52167785,19.75566626],[93.51128745,19.76899302],[93.49996996,19.82100224],[93.48992205,19.8278923],[93.48603988,19.83491921],[93.50421083,19.82889593],[93.53559387,19.91530848],[93.4718945,19.90785003],[93.43064785,19.95754206],[93.39824736,19.96646798],[93.39672422,19.92806923],[93.42746842,19.87879348],[93.4430598,19.78654134],[93.48469877,19.76122975],[93.49457908,19.77787101],[93.49982858,19.77669132]],[[93.53093696,19.52778316],[93.51976585,19.54502988],[93.52128613,19.53937328],[93.53093696,19.52778316]],[[93.51767123,19.73500884],[93.51534486,19.73627281],[93.51756775,19.73467934],[93.51767123,19.73500884]],[[93.51277781,19.77305555],[93.51138878,19.77388895],[93.51194441,19.77166665],[93.51277781,19.77305555]],[[93.48985088,19.92309582],[93.49966145,19.91777003],[93.51050782,19.92446053],[93.50358593,19.93613422],[93.48985088,19.92309582]],[[93.50639832,19.53922415],[93.50414038,19.53419352],[93.5090636,19.53251553],[93.50639832,19.53922415]],[[93.47039592,19.96843493],[93.46213102,19.93582284],[93.49829316,19.9350183],[93.50076318,19.96916521],[93.49025905,19.95675206],[93.47039592,19.96843493]],[[93.50083327,19.68361115],[93.49833334,19.71138895],[93.44222224,19.75055552],[93.40805554,19.74249995],[93.45565558,19.68874443],[93.50083327,19.68361115]],[[93.50244761,19.71715343],[93.47863674,19.73972583],[93.46111751,19.74592721],[93.50244761,19.71715343]],[[93.50095797,19.54477668],[93.49863195,19.55612648],[93.48915136,19.56702638],[93.50095797,19.54477668]],[[93.50181913,19.66734922],[93.49545622,19.66994131],[93.50249112,19.66523492],[93.50181913,19.66734922]],[[93.49839175,19.77490985],[93.49668956,19.7749536],[93.49714196,19.77430594],[93.49839175,19.77490985]],[[93.49344134,19.76658511],[93.49764013,19.7698884],[93.49563396,19.77201045],[93.49344134,19.76658511]],[[93.49336886,19.73233485],[93.49517107,19.73168111],[93.49383485,19.73266673],[93.49336886,19.73233485]],[[93.48965144,19.95855665],[93.49058187,19.95866168],[93.48999596,19.95993817],[93.48965144,19.95855665]],[[93.48947406,19.53806293],[93.48573482,19.53885233],[93.48524058,19.53706074],[93.48947406,19.53806293]],[[93.47580314,19.97813225],[93.46825171,19.97033596],[93.47896326,19.96663165],[93.47580314,19.97813225]],[[93.41255963,20.10218406],[93.40563047,20.08012855],[93.39643157,20.07843351],[93.38086045,20.08499074],[93.37908661,20.06208003],[93.41528857,19.97820687],[93.45346355,19.94952941],[93.44010675,19.99536967],[93.46098697,19.96084845],[93.45430458,19.99984956],[93.47791564,20.00821674],[93.43426681,20.10616624],[93.41397512,20.11739397],[93.41255963,20.10218406]],[[93.4685446,19.99730635],[93.45800126,19.99399853],[93.46856463,19.98080754],[93.4685446,19.99730635]],[[93.46956456,18.88736343],[93.46913874,18.88973975],[93.46885514,18.88743126],[93.46956456,18.88736343]],[[93.47017765,19.75298095],[93.46654642,19.75339901],[93.47013664,19.75097942],[93.47017765,19.75298095]],[[93.46392095,19.75644791],[93.45956421,19.75655282],[93.46416485,19.7558521],[93.46392095,19.75644791]],[[93.45160556,18.93178093],[93.44887733,18.93446195],[93.44630945,18.93251133],[93.45160556,18.93178093]],[[93.45259714,19.94343305],[93.45046234,19.94248545],[93.45209897,19.94201171],[93.45259714,19.94343305]],[[93.44699538,19.42937136],[93.44287658,19.42896295],[93.44359446,19.4256407],[93.44699538,19.42937136]],[[93.43581307,19.75645328],[93.44045794,19.75472415],[93.43632615,19.75868273],[93.43581307,19.75645328]],[[93.41681886,20.11893606],[93.41788948,20.12015057],[93.41710436,20.12062287],[93.41681886,20.11893606]],[[93.33924878,20.30622196],[93.28535771,20.32942534],[93.27452135,20.31531894],[93.26432765,20.30679357],[93.27556646,20.29673624],[93.2761625,20.28317964],[93.27403975,20.2705698],[93.26540446,20.2593019],[93.28389525,20.25153291],[93.30635214,20.20406842],[93.31433916,20.12124085],[93.35534525,20.06601715],[93.37188351,20.0191766],[93.37465501,20.08378446],[93.4134047,20.12892544],[93.35852814,20.27750433],[93.33752263,20.27941418],[93.33047497,20.29505205],[93.33924878,20.30622196]],[[93.40888894,20.16527772],[93.41166663,20.16250002],[93.40944445,20.16611111],[93.40888894,20.16527772]],[[93.40861106,20.11166656],[93.40333331,20.09749985],[93.40583324,20.09000003],[93.40861106,20.11166656]],[[93.40555561,20.17222226],[93.40722215,20.17361105],[93.40499985,20.17888892],[93.40555561,20.17222226]],[[93.40055561,20.10916662],[93.40333331,20.11027765],[93.40138876,20.11083317],[93.40055561,20.10916662]],[[93.40271664,19.80322552],[93.39994276,19.80369937],[93.40150118,19.80079496],[93.40271664,19.80322552]],[[93.40055561,20.09027767],[93.40250003,20.08638895],[93.39972222,20.10777783],[93.39416671,20.09944427],[93.40055561,20.09027767]],[[93.38861096,20.09083331],[93.39888895,20.09027767],[93.39305556,20.09749985],[93.38861096,20.09083331]],[[93.38361096,14.12777781],[93.38083327,14.12805545],[93.38319612,14.12707818],[93.38361096,14.12777781]],[[93.36753547,14.06373811],[93.37861097,14.14777768],[93.36527765,14.15666664],[93.3537451,14.14950633],[93.36388874,14.09749985],[93.35229242,14.07694435],[93.36753547,14.06373811]],[[93.37373614,20.00994372],[93.37635386,20.01307964],[93.37307155,20.01729906],[93.37373614,20.00994372]],[[93.36727881,14.17875862],[93.36448741,14.19114602],[93.36041784,14.18228257],[93.36727881,14.17875862]],[[93.36694443,14.05250001],[93.36354411,14.04805887],[93.36611116,14.04666662],[93.36694443,14.05250001]],[[93.35777783,14.18888891],[93.35611105,14.19249988],[93.35472214,14.19055545],[93.35777783,14.18888891]],[[93.34996045,20.06155384],[93.34861076,20.05295706],[93.35140765,20.05035186],[93.34996045,20.06155384]],[[93.20271885,20.03554416],[93.27064526,20.03263855],[93.29455161,20.07435322],[93.29337454,20.04020846],[93.34897172,20.06579506],[93.31111288,20.1157974],[93.30161607,20.15599775],[93.30309892,20.20614624],[93.28867435,20.20562065],[93.28566277,20.20805264],[93.28370094,20.24622774],[93.26373732,20.25894475],[93.27316308,20.29686153],[93.2717911,20.29846752],[93.26993644,20.29427803],[93.26506448,20.29353356],[93.26106536,20.29700875],[93.25961077,20.30233085],[93.26885486,20.32413328],[93.24294567,20.31492484],[93.23700154,20.29341388],[93.22849834,20.27974856],[93.24280894,20.26719821],[93.25229645,20.25063407],[93.21384931,20.24318671],[93.20352948,20.21664441],[93.17678463,20.19601452],[93.19687295,20.16855657],[93.21674764,20.16944647],[93.22311044,20.16578186],[93.22561765,20.15920353],[93.23709154,20.11512363],[93.20186055,20.09584343],[93.19675636,20.07336843],[93.20271885,20.03554416]],[[93.17021334,20.19599736],[93.21173334,20.24321234],[93.25110865,20.25100803],[93.22689486,20.27881086],[93.23988736,20.31275105],[93.24867022,20.32109165],[93.28384841,20.33017266],[93.27503526,20.34726727],[93.2774384,20.35902595],[93.32386184,20.39846051],[93.28225291,20.48445737],[93.26677883,20.47860062],[93.26666212,20.45133352],[93.22992158,20.41027153],[93.20930326,20.33965814],[93.21960032,20.30901325],[93.21526003,20.29503441],[93.20968604,20.29048777],[93.19101191,20.28847492],[93.19160473,20.26795864],[93.16781175,20.25722492],[93.14559066,20.22111964],[93.10290325,20.19297826],[93.17021334,20.19599736]],[[93.31551611,20.41931963],[93.31694365,20.42060161],[93.31387436,20.42303061],[93.31551611,20.41931963]],[[93.30181551,20.37076271],[93.30866766,20.37130237],[93.31366408,20.37690258],[93.30181551,20.37076271]],[[93.3108052,20.4426651],[93.30944896,20.43052006],[93.31001997,20.42964292],[93.3108052,20.4426651]],[[93.30730772,20.44549894],[93.30916345,20.44394696],[93.30830693,20.44603872],[93.30730772,20.44549894]],[[93.30309641,20.18687713],[93.30530906,20.18896866],[93.30502355,20.18910372],[93.30309641,20.18687713]],[[93.29688644,20.21521544],[93.28675091,20.21028995],[93.29924202,20.20961535],[93.29688644,20.21521544]],[[93.28960586,20.22628105],[93.29760015,20.21548545],[93.29831398,20.21528304],[93.28960586,20.22628105]],[[93.28767872,20.20900798],[93.29210424,20.20732117],[93.29374576,20.20860314],[93.28767872,20.20900798]],[[93.28496635,20.3390274],[93.29296064,20.35913408],[93.29253244,20.36412716],[93.27868521,20.34921575],[93.28496635,20.3390274]],[[93.28960586,20.34030926],[93.28703642,20.33518136],[93.29181874,20.33295476],[93.28960586,20.34030926]],[[93.28846395,20.2207483],[93.29117632,20.22095072],[93.28924894,20.22310984],[93.28846395,20.2207483]],[[93.28129983,20.03663135],[93.27709651,20.0390625],[93.27800334,20.03674805],[93.28129983,20.03663135]],[[93.27183282,20.31642413],[93.27411687,20.31743622],[93.27440238,20.31878555],[93.27183282,20.31642413]],[[93.26262498,20.2966547],[93.27026248,20.29813898],[93.26198256,20.2986114],[93.26262498,20.2966547]],[[93.25494838,19.80782425],[93.26297724,19.80565143],[93.25572765,19.81053102],[93.25494838,19.80782425]],[[93.2465651,20.61768854],[93.246351,20.61141348],[93.25555873,20.60399163],[93.2465651,20.61768854]],[[93.25113332,20.57099748],[93.25313175,20.57497835],[93.25213254,20.57585561],[93.25113332,20.57099748]],[[93.25212336,20.55878472],[93.24734127,20.56307292],[93.25252175,20.55446816],[93.25212336,20.55878472]],[[93.24478054,20.66802287],[93.23835647,20.66640365],[93.24942005,20.66100585],[93.24478054,20.66802287]],[[93.24873042,19.81771386],[93.12195075,20.07415795],[93.11147475,20.05737555],[93.12208986,20.05862415],[93.22192633,19.81748044],[93.24873042,19.81771386]],[[93.24713612,20.56640625],[93.24535155,20.56748903],[93.24642241,20.56553233],[93.24713612,20.56640625]],[[93.24388885,20.26472223],[93.24055552,20.2655555],[93.24611115,20.26111114],[93.24388885,20.26472223]],[[93.13096905,20.07164717],[93.17326725,20.0390625],[93.19739068,20.09560156],[93.23397911,20.11492741],[93.22252595,20.16424465],[93.19804871,20.16568518],[93.17417872,20.19413173],[93.08362782,20.18202627],[93.11023283,20.1394217],[93.13096905,20.07164717]],[[93.23115479,13.97620011],[93.22735953,14.0130372],[93.22285271,14.01676762],[93.21834457,13.97628343],[93.23115479,13.97620011]],[[93.14027774,20.21972215],[93.16333318,20.25611115],[93.19000006,20.26916671],[93.18833327,20.28888893],[93.21361113,20.29666662],[93.21361113,20.32027781],[93.16250002,20.33138883],[93.12138891,20.30861115],[93.12944436,20.27611113],[93.12083316,20.25138891],[93.14027774,20.21972215]],[[93.21059251,19.71522784],[93.20632291,19.72010136],[93.2101655,19.71455085],[93.21059251,19.71522784]],[[93.20283174,20.16595602],[93.20568705,20.16690063],[93.19912016,20.16676557],[93.20283174,20.16595602]],[[93.19957304,19.73944151],[93.19985771,19.73808765],[93.20113862,19.73741066],[93.19957304,19.73944151]],[[93.1915431,19.74648106],[93.19366515,19.75255287],[93.19146824,19.75422955],[93.1915431,19.74648106]],[[93.18895161,19.74279547],[93.1871103,19.74290347],[93.18853176,19.74230552],[93.18895161,19.74279547]],[[93.17152691,19.79254162],[93.16526473,19.79918694],[93.17249477,19.78788924],[93.17152691,19.79254162]],[[93.1640625,19.80496645],[93.10519791,19.93823254],[93.10241616,19.96586943],[93.13834691,19.99628127],[93.12371445,20.0390625],[93.09026015,20.07904124],[93.06926477,20.12157822],[92.96881711,20.13208997],[92.97778594,20.07358122],[93.03646123,20.0174365],[93.05106175,19.95806277],[93.1640625,19.80496645]],[[93.05780566,20.12879741],[93.07672477,20.11763716],[93.10342205,20.06529295],[93.12556398,20.07782137],[93.08376741,20.17240346],[93.05780566,20.12879741]],[[93.07638884,20.36666656],[93.07388878,20.40805554],[93.08055556,20.41750002],[93.11055553,20.42222226],[93.08888876,20.51277781],[93.03579307,20.42522323],[93.03499985,20.35055554],[93.07638884,20.36666656]],[[93.07591641,20.5037446],[93.07182193,20.50349653],[93.06881165,20.49571192],[93.07591641,20.5037446]],[[93.03247118,20.00971675],[93.03705645,20.00785208],[93.03251862,20.01591194],[93.03247118,20.00971675]],[[93.0258646,19.81431842],[93.03345835,19.87934887],[93.01512325,19.93650031],[92.97797728,19.99539685],[92.95498574,20.07486963],[92.92016685,20.08066952],[92.92375016,20.09260464],[92.92092133,20.09069955],[92.91452265,20.06058228],[93.01121891,19.9034096],[93.0258646,19.81431842]],[[93.02586257,20.41894555],[93.02329028,20.42391574],[93.02418685,20.41700304],[93.02586257,20.41894555]],[[92.99284482,20.13438034],[92.98347974,20.13989174],[92.99350047,20.13294411],[92.99284482,20.13438034]],[[92.97153592,20.17614877],[92.97891724,20.24169195],[92.94405484,20.20131743],[92.95139611,20.18026566],[92.97153592,20.17614877]],[[92.97561646,20.13477683],[92.97227144,20.13495731],[92.97604203,20.13340056],[92.97561646,20.13477683]],[[92.88594925,20.30294251],[92.92634368,20.31593525],[92.92079592,20.32714927],[92.94575882,20.34377766],[92.94424593,20.38546646],[92.92207932,20.39246321],[92.91739476,20.38005137],[92.90664327,20.37921464],[92.83620632,20.39486504],[92.87273037,20.31059063],[92.88594925,20.30294251]],[[92.88083327,20.30555546],[92.87722206,20.30611098],[92.87999988,20.30444443],[92.88083327,20.30555546]],[[92.75790131,20.40139914],[92.74038911,20.37168658],[92.74614274,20.33447814],[92.75744391,20.38105238],[92.75790131,20.40139914]],[[92.75040853,20.2275542],[92.74290895,20.21948731],[92.74331212,20.21628022],[92.75040853,20.2275542]],[[92.74512148,20.24682891],[92.74582553,20.24310017],[92.7493118,20.24810421],[92.74512148,20.24682891]],[[92.73138893,20.22777772],[92.72972214,20.22361112],[92.73472226,20.21888876],[92.73138893,20.22777772]],[[92.72388875,20.23305547],[92.71888876,20.24249995],[92.72500002,20.22777772],[92.72388875,20.23305547]],[[92.71709704,20.57118166],[92.71494484,20.59923005],[92.69814432,20.61105263],[92.69727802,20.58817625],[92.71709704,20.57118166]],[[92.65878046,20.66056514],[92.66056502,20.65536976],[92.66192114,20.65482986],[92.65878046,20.66056514]],[[92.65828085,20.67729831],[92.65735304,20.67709577],[92.66120744,20.67169797],[92.65828085,20.67729831]],[[92.57525384,20.76485527],[92.57382536,20.76169038],[92.57578444,20.75727284],[92.57525384,20.76485527]],[[92.53888094,20.19810271],[92.53757977,20.19796741],[92.54060435,20.19652045],[92.53888094,20.19810271]],[[92.27977955,20.94116414],[92.28763115,20.92633915],[92.30008864,20.91903615],[92.29744971,20.92933345],[92.27977955,20.94116414]],[[92.25806665,21.04831111],[92.25626421,21.03288591],[92.26403546,21.01511514],[92.26347125,21.03909445],[92.25806665,21.04831111]]]}},{"type":"Feature","properties":{"mrgid":8480,"name":"Indian Exclusive Economic Zone","territory":"India","sovereign":"India","pol_type":"200NM","is_india":true},"geometry":{"type":"MultiPolygon","coordinates":[[[[68.39479244,23.9651885],[68.38326848,23.96831191],[68.37633622,23.98394477],[68.36653817,23.98096395],[68.33545244,23.91802895],[68.27743495,23.91459656],[68.25865555,23.87554586],[68.29297674,23.87492394],[68.30341744,23.86698234],[68.31060612,23.87943482],[68.31774855,23.87951934],[68.30511773,23.86551344],[68.25934482,23.87148082],[68.24898064,23.85362506],[68.28735447,23.83940256],[68.26107121,23.83720505],[68.26089907,23.82481468],[68.24576902,23.85344493],[68.23429167,23.83607054],[68.21338677,23.83477986],[68.21809316,23.7815752],[68.23464894,23.77544785],[68.21922266,23.75447881],[68.21392024,23.75540304],[68.21227455,23.76338661],[68.19330561,23.73510027],[68.20795906,23.70697343],[68.22938561,23.7020545],[68.23894155,23.68078625],[68.26055074,23.68296528],[68.25427461,23.71915722],[68.2663455,23.79285288],[68.29561806,23.80415118],[68.28910804,23.81670225],[68.3039515,23.82434881],[68.31422317,23.82409334],[68.32124174,23.80710804],[68.33789003,23.81930125],[68.34689534,23.9039551],[68.41074491,23.92526245],[68.4343722,23.96831014],[68.44903934,23.95992494],[68.42860055,23.93644571],[68.44871998,23.93980086],[68.46299005,23.93179846],[68.45313847,23.88005233],[68.43996155,23.86637974],[68.42868376,23.86107337],[68.4437741,23.84829724],[68.47190881,23.86130226],[68.47959125,23.88877296],[68.46761441,23.89436257],[68.518453,23.92406046],[68.49909378,23.96918717],[68.52215946,23.94536877],[68.54415524,23.97003674],[68.5568026,23.97015914],[68.54131675,23.93929887],[68.58774745,23.92219627],[68.59054613,23.96847367],[68.60352351,23.97069821],[68.59627175,23.94127762],[68.6224153,23.92702103],[68.61818171,23.90795755],[68.63804698,23.90320992],[68.66199374,23.92261601],[68.63845074,23.89500546],[68.61342931,23.90299106],[68.57309282,23.88081217],[68.54695034,23.83604205],[68.51554644,23.82473791],[68.5226382,23.81740165],[68.5262053,23.80206931],[68.53732145,23.81487322],[68.51571941,23.78499866],[68.52504241,23.77585733],[68.52927518,23.75526071],[68.57564056,23.82225728],[68.60380578,23.84969807],[68.60514927,23.83819985],[68.63739586,23.83596694],[68.66024625,23.8580991],[68.7161144,23.85715127],[68.73647916,23.86250281],[68.75468445,23.87490284],[68.76145685,23.87509096],[68.72911906,23.85444784],[68.73730016,23.84336042],[68.72231722,23.83190966],[68.74253714,23.83714414],[68.66629887,23.80811036],[68.63259625,23.75778794],[68.5249809,23.69062364],[68.5205214,23.6546911],[68.52988362,23.6616441],[68.53874886,23.66175175],[68.52294135,23.65129375],[68.50063968,23.65672624],[68.48943496,23.6353209],[68.49496508,23.60782385],[68.48744345,23.57823944],[68.49748993,23.54733253],[68.48415947,23.54835486],[68.49897361,23.51490056],[68.49190593,23.50073886],[68.51899791,23.48900616],[68.51339805,23.48476708],[68.50245464,23.49149382],[68.50235581,23.4660356],[68.52240396,23.44632304],[68.51928687,23.47089493],[68.53598332,23.42117834],[68.56053245,23.41869664],[68.55881548,23.38701642],[68.57946324,23.3759129],[68.56845784,23.38794935],[68.58093357,23.38967967],[68.60264146,23.35911977],[68.59611523,23.38185477],[68.60599923,23.38066125],[68.63714206,23.34642315],[68.63418746,23.33922172],[68.62607813,23.34621942],[68.62548637,23.33696175],[68.63769901,23.33111513],[68.65281034,23.30275285],[68.65883791,23.32278633],[68.6681391,23.32543755],[68.65883541,23.30348206],[68.70799673,23.31466484],[68.72394443,23.29690611],[68.73426366,23.30864811],[68.74804497,23.3068608],[68.75835812,23.33022678],[68.74818397,23.30373561],[68.7250421,23.29553437],[68.69598973,23.30710995],[68.62967157,23.29488754],[68.64130962,23.26640916],[68.65685856,23.27197444],[68.67177474,23.26999104],[68.64063334,23.24468076],[68.60471106,23.23926306],[68.61913824,23.22001958],[68.63622606,23.22388875],[68.62254083,23.23130584],[68.65478504,23.24411106],[68.65894628,23.23793674],[68.63043463,23.21309566],[68.60165274,23.21883345],[68.59901226,23.2400949],[68.58449471,23.22399843],[68.68187022,23.14167905],[68.63119483,23.17680764],[68.65388596,23.15410006],[68.76031077,23.08001733],[68.81466067,23.06707788],[69.19769466,22.83846498],[69.26701164,22.82401454],[69.35565496,22.82855797],[69.35231066,22.81760335],[69.47285306,22.77348506],[69.49385667,22.78127325],[69.48520875,22.7878772],[69.55511534,22.79208326],[69.60100305,22.75906157],[69.64127767,22.76649666],[69.6349858,22.77714896],[69.63363731,22.7952044],[69.64291644,22.76620686],[69.6592164,22.75657523],[69.6670655,22.7770406],[69.66263592,22.75672662],[69.70611036,22.74005175],[69.70499384,22.72799003],[69.75246787,22.81936741],[69.7984122,22.85053086],[69.85437107,22.86796784],[69.86192822,22.85829365],[69.86708426,22.87272334],[69.90574884,22.86624146],[69.93716204,22.89289927],[70.03246832,22.89541233],[70.13159478,22.92413688],[70.13879645,22.94109011],[70.11229682,22.94944811],[70.1002351,22.93815565],[70.09117377,22.95237994],[70.10112357,22.94186378],[70.10984063,22.95227325],[70.12643147,22.94666707],[70.11238468,22.97239435],[70.15341926,23.02943635],[70.12144434,22.96197355],[70.16223097,22.94262135],[70.22489882,22.95992076],[70.18630803,22.99303293],[70.19789112,22.99835086],[70.22937322,22.96664453],[70.20777905,23.08857834],[70.21511674,23.09894311],[70.23711145,23.1146934],[70.25385571,23.13671875],[70.22126496,23.09171402],[70.25021017,23.09908116],[70.26814902,23.11738443],[70.30318952,23.13372028],[70.27626145,23.10299826],[70.3125,23.11607134],[70.33351433,23.11792195],[70.3375535,23.11597133],[70.37059343,23.15696871],[70.43993807,23.17256355],[70.45265782,23.1713984],[70.48997664,23.15325427],[70.50634491,23.17156637],[70.63449132,23.17164505],[70.56120276,23.16487002],[70.55754483,23.14460313],[70.50650716,23.11025643],[70.47083771,23.01069725],[70.45388961,22.98456502],[70.43753433,22.97496414],[70.46673346,22.98619318],[70.49499476,23.01279604],[70.51673245,23.02448845],[70.53088915,23.02705026],[70.52692592,23.03721261],[70.55458045,23.03616142],[70.52955854,23.03611386],[70.53169811,23.02395534],[70.4521476,22.97238314],[70.47931111,22.97479665],[70.44351363,22.96075296],[70.49776995,22.93467593],[70.4834758,22.93489766],[70.48385966,22.91336441],[70.46183085,22.8515625],[70.45048285,22.84455466],[70.46992552,22.89063513],[70.4564296,22.88485146],[70.44485021,22.88939858],[70.44611347,22.92716086],[70.43275344,22.92415977],[70.42327523,22.93211472],[70.41773832,22.92684352],[70.43080747,22.90581775],[70.43089104,22.90141118],[70.42255115,22.8865447],[70.41757774,22.92074156],[70.38478661,22.9093219],[70.30936766,22.79532874],[70.30304766,22.7581501],[70.27578747,22.7310549],[70.25309742,22.7331742],[70.25488293,22.70626748],[70.23852503,22.70135236],[70.25315106,22.69266677],[70.24318886,22.66280293],[70.19756067,22.61655545],[70.19437444,22.58316445],[70.16429734,22.55205631],[70.08618462,22.54468632],[70.03992617,22.56285274],[70.02313292,22.53970504],[70.02645075,22.55059385],[70.0197829,22.54667044],[70.01060307,22.54848385],[70.00374722,22.54408824],[69.97580707,22.54265106],[69.98384964,22.54272592],[69.98565936,22.53872311],[69.94630647,22.52841103],[69.95902085,22.50892043],[69.95725632,22.49539983],[69.93501592,22.51237285],[69.91306067,22.48866725],[69.91410625,22.45641327],[69.90041316,22.46772885],[69.8715229,22.44671285],[69.83651173,22.45385051],[69.84318614,22.49423754],[69.83454335,22.50044835],[69.83310366,22.45187926],[69.82753825,22.45807946],[69.82088375,22.45203936],[69.80423474,22.45863295],[69.79737091,22.45700455],[69.82895243,22.44488335],[69.79730773,22.39980304],[69.75876606,22.44151771],[69.74598813,22.42927516],[69.72881424,22.47383285],[69.70329273,22.44699824],[69.70066011,22.45733464],[69.67182148,22.45029044],[69.67175984,22.43926716],[69.69771636,22.44279635],[69.69938731,22.39618683],[69.66422308,22.39360297],[69.65416706,22.3588469],[69.61787593,22.36791074],[69.61742115,22.34640348],[69.61437094,22.33813202],[69.60690415,22.32575262],[69.60900402,22.34904933],[69.60709882,22.33854866],[69.60484946,22.35106111],[69.58215976,22.34626734],[69.57562363,22.31892145],[69.57206786,22.33421683],[69.59128535,22.36055505],[69.57563877,22.36811304],[69.56203735,22.35565186],[69.55077207,22.40475166],[69.49858904,22.43545592],[69.52366722,22.38605034],[69.48837745,22.33811665],[69.41909337,22.31559873],[69.33460891,22.33012736],[69.32125533,22.29221606],[69.23255753,22.25789964],[69.20280373,22.26649702],[69.15812945,22.31297684],[69.17903948,22.37772381],[69.20431447,22.4021666],[69.1939913,22.42354655],[69.12865758,22.39786625],[69.10264695,22.40991855],[69.06920266,22.39585817],[69.04381704,22.43296444],[69.08549821,22.47223031],[69.06778514,22.47990716],[68.98483443,22.41430497],[68.93604207,22.31034172],[68.95769823,22.23743224],[69.05531955,22.12844586],[69.28313613,21.89495075],[69.59147274,21.63476336],[69.58771944,21.62096536],[69.60213971,21.63708663],[69.71055913,21.53946912],[69.72007322,21.54356444],[69.71550477,21.55367362],[69.72463167,21.57066202],[69.68636274,21.59573245],[69.63286686,21.64264345],[69.69101083,21.61463988],[69.69648016,21.59296846],[69.71736813,21.60281885],[69.67590988,21.63860548],[69.70417285,21.64738154],[69.72484446,21.63222527],[69.73761153,21.65031135],[69.76422977,21.57892191],[69.71251404,21.52943015],[69.77525973,21.45991194],[69.80516684,21.46396124],[69.77928054,21.45522475],[70.0984534,21.10588717],[70.14630985,21.08057594],[70.14318025,21.06817174],[70.22663665,20.99874735],[70.24750745,21.00024962],[70.25181055,20.97882664],[70.32106853,20.92745745],[70.41721451,20.88682091],[70.41314912,20.87535596],[70.44764054,20.84772515],[70.61460435,20.76996791],[70.66600692,20.75257766],[70.67334235,20.76448655],[70.70345855,20.73795462],[70.80437148,20.70071232],[70.81633401,20.71902943],[70.82746434,20.69768596],[70.80728221,20.70046628],[70.82793415,20.68997061],[70.84359002,20.7066164],[70.87409186,20.70492804],[70.85907245,20.75453734],[70.87519717,20.72657323],[70.91970086,20.74329114],[70.88263476,20.72847044],[70.87413776,20.70921361],[70.97690892,20.70154536],[70.99774885,20.71554124],[70.96272385,20.72145176],[70.96296334,20.74143457],[70.99879301,20.74266183],[70.98704267,20.72185016],[71.00958395,20.73910165],[71.07356501,20.73524153],[71.08630562,20.75600636],[71.15518105,20.75941217],[71.15591955,20.77837574],[71.20928645,20.80185807],[71.38384044,20.85673892],[71.37814546,20.87385428],[71.43946636,20.86919785],[71.51482236,20.92104602],[71.51327312,20.94679666],[71.60151148,21.00042307],[71.53025234,20.94305408],[71.62806106,20.96941543],[71.64647162,20.99453473],[71.71740591,21.02092636],[71.80669832,21.03800321],[71.80081534,21.06166315],[71.89970088,21.10927665],[71.97667766,21.12102485],[72.01110637,21.18579042],[72.02389407,21.18049824],[71.99682951,21.14719772],[72.00827062,21.13258982],[72.01848495,21.15419805],[72.11378515,21.19644773],[72.11242795,21.22229004],[72.08228636,21.24581075],[72.09807193,21.27110195],[72.07615364,21.30207157],[72.10919511,21.28311801],[72.12157023,21.32500494],[72.22380614,21.43947136],[72.26946187,21.57400215],[72.30595672,21.62857604],[72.24140847,21.78729451],[72.2150737,21.80248284],[72.20507693,21.82223713],[72.18303871,21.82398546],[72.20325661,21.82474196],[72.24579346,21.79238105],[72.26482832,21.74039185],[72.25323307,21.89711511],[72.22019756,21.94770741],[72.19038606,21.93697143],[72.14738357,21.95483637],[72.16098142,21.96149003],[72.14671874,21.98313105],[72.19089603,21.94257283],[72.22112966,21.95633125],[72.23115134,22.00680554],[72.21364987,21.99896026],[72.20108342,22.00411105],[72.18023038,22.01891983],[72.17241037,22.04136336],[72.20847452,22.01087761],[72.23281586,22.01770341],[72.23398316,22.05429423],[72.27810931,22.0802325],[72.26625454,22.10584152],[72.27713716,22.09085834],[72.29953432,22.10864615],[72.29778314,22.06306982],[72.28661418,22.07397115],[72.24165165,22.04875922],[72.26079535,22.01881933],[72.26325285,21.94656563],[72.27841675,21.93210185],[72.27106285,21.96696496],[72.3238039,22.13104618],[72.31044066,22.14578342],[72.31260157,22.18042004],[72.30023384,22.18593454],[72.29436505,22.20214117],[72.31726766,22.18174064],[72.31648994,22.14683843],[72.34226131,22.12462497],[72.35787666,22.19279885],[72.37637913,22.14986551],[72.39163125,22.16787684],[72.36255991,22.20461547],[72.36014974,22.22496724],[72.37085211,22.24523485],[72.35654175,22.27093065],[72.38029444,22.25653458],[72.37766314,22.22658098],[72.39231455,22.21355093],[72.39982045,22.19938886],[72.41678107,22.22802722],[72.41380954,22.29702806],[72.38294613,22.30008686],[72.37254715,22.31690824],[72.40429604,22.35218263],[72.38221681,22.37525821],[72.36127436,22.37146115],[72.37652373,22.38503933],[72.41251242,22.35796714],[72.38894558,22.31030655],[72.43470335,22.30123937],[72.47082281,22.23843014],[72.49323714,22.24736607],[72.47784877,22.23479712],[72.49264646,22.23667586],[72.47417104,22.20154047],[72.48732531,22.19728982],[72.52555156,22.26822364],[72.54290485,22.28094316],[72.55378735,22.27858353],[72.53753555,22.27340746],[72.54230165,22.24308038],[72.63528144,22.28451121],[72.68833327,22.23831081],[72.75570595,22.23077714],[72.84407997,22.28233635],[72.86526775,22.24346113],[72.89469755,22.24568093],[72.91228342,22.26718914],[72.90727603,22.2845602],[72.91004884,22.29890752],[72.91493344,22.30373812],[72.93437886,22.31076658],[72.94330144,22.30591094],[72.94793582,22.29866898],[72.95240712,22.25819492],[72.97907352,22.25396132],[73.06082642,22.31362855],[73.04573512,22.36311495],[73.04939365,22.37047923],[73.07095635,22.39228153],[73.06497252,22.42363405],[73.07375956,22.39986098],[73.06883955,22.38449275],[73.04754245,22.36338174],[73.06190372,22.31302381],[73.01189804,22.26734591],[72.97267401,22.24975038],[72.95203292,22.2545855],[72.93379867,22.30987966],[72.91084278,22.29672635],[72.91976881,22.26110184],[72.90112591,22.23289847],[72.86964643,22.22366345],[72.81125915,22.24671817],[72.75789034,22.17403316],[72.70005715,22.18434846],[72.63944375,22.21785307],[72.60096002,22.21311402],[72.56895053,22.18738937],[72.50738835,21.99392605],[72.50513983,21.90981221],[72.51629305,21.87454903],[72.57766986,21.88260317],[72.51662445,21.86256921],[72.52776217,21.84773755],[72.59352052,21.86051142],[72.60561371,21.90174317],[72.61019707,21.88467085],[72.55254185,21.79289055],[72.54057407,21.73564935],[72.50803292,21.70176876],[72.54328418,21.66035593],[72.60015011,21.68092167],[72.73668134,21.68942285],[72.79484296,21.66164374],[72.86856174,21.68886554],[72.9795227,21.68027413],[73.06723177,21.74078631],[73.10416615,21.73211324],[73.13568521,21.75428665],[73.12833595,21.84794617],[73.14139247,21.86610115],[73.1545974,21.86188614],[73.2015115,21.82703805],[73.24040127,21.84063351],[73.24365771,21.86683488],[73.22388875,21.89160252],[73.21995175,21.90806365],[73.22300375,21.92030776],[73.23690104,21.93180585],[73.25066531,21.93682742],[73.26370513,21.93411374],[73.33611476,21.87564111],[73.34456384,21.91836035],[73.35631812,21.92927492],[73.37571597,21.92981732],[73.40795732,21.91162336],[73.43369305,21.92245781],[73.43897796,21.97468805],[73.45022213,21.98305082],[73.46409035,21.98443282],[73.50547302,21.96384215],[73.53120518,21.98024356],[73.54678822,21.97860515],[73.59306264,21.94749355],[73.5978775,21.93786693],[73.59245956,21.93099463],[73.60587943,21.89967728],[73.6789397,21.88470423],[73.69540966,21.86622786],[73.7014724,21.84988844],[73.67654073,21.88269293],[73.60459554,21.89637542],[73.59201992,21.92047107],[73.58893704,21.94487441],[73.54019976,21.97848606],[73.50826323,21.96149552],[73.44871175,21.98053873],[73.44402266,21.93926442],[73.43084121,21.91674817],[73.40762568,21.90851164],[73.35741937,21.92498851],[73.34809661,21.88002443],[73.33483911,21.87279797],[73.30075014,21.88721597],[73.27865314,21.90413404],[73.2608602,21.92914927],[73.24539053,21.93311775],[73.22358942,21.90624464],[73.24966717,21.86566997],[73.24586451,21.84249055],[73.20148027,21.82089996],[73.13462496,21.84940958],[73.14908254,21.81456578],[73.17543757,21.796875],[73.17748821,21.78449965],[73.15952277,21.76332748],[73.10256815,21.71472085],[73.04851472,21.71190536],[72.98342073,21.67692578],[72.89210773,21.65939975],[72.86433661,21.66080105],[72.84250653,21.67125261],[72.79758358,21.64768124],[72.72603953,21.6387006],[72.70144212,21.65173137],[72.62857342,21.61659503],[72.60621285,21.57931936],[72.60969806,21.55179107],[72.60278046,21.55947804],[72.59757495,21.55203712],[72.62074637,21.53031874],[72.62646651,21.49223196],[72.68332803,21.54280901],[72.70577252,21.53217864],[72.73779654,21.54125667],[72.73304486,21.55282426],[72.73614025,21.55646658],[72.74280047,21.54660356],[72.74056804,21.541893],[72.73278487,21.53661633],[72.67484164,21.52104056],[72.64563715,21.43355381],[72.66972756,21.44670153],[72.68162894,21.44858587],[72.69034565,21.46316433],[72.69702578,21.464733],[72.62546515,21.38103175],[72.62348163,21.36487663],[72.63969231,21.37576985],[72.64883065,21.37413621],[72.64932084,21.36728644],[72.6360383,21.3712517],[72.58947504,21.29838526],[72.60980225,21.22993076],[72.65311885,21.22635817],[72.61866832,21.22222674],[72.62715995,21.07598674],[72.65873337,21.08748972],[72.65992284,21.13867176],[72.66738105,21.15521455],[72.68248427,21.15814996],[72.73056197,21.14097786],[72.74704123,21.15680885],[72.76375866,21.16329265],[72.77639556,21.17779446],[72.81415308,21.19415653],[72.79139948,21.23347986],[72.79333425,21.24176753],[72.81130433,21.25554931],[72.82061935,21.25735736],[72.85849166,21.22315264],[72.90970302,21.25377536],[72.86575115,21.22133446],[72.85944605,21.22213125],[72.85208404,21.22509253],[72.8213675,21.25464225],[72.81035018,21.25275326],[72.79264975,21.23400974],[72.81556427,21.19407511],[72.74433661,21.14307153],[72.72900867,21.13894367],[72.71525204,21.14001405],[72.70026505,21.10085511],[72.70654607,21.07347596],[72.75241268,21.06200016],[72.7734375,21.06947541],[72.79522562,21.06177735],[72.79891205,21.04300582],[72.77537262,21.06717694],[72.72333884,21.04880393],[72.77115893,20.91640592],[72.7734375,20.93722093],[72.80658686,20.93640804],[72.82441151,20.95655167],[72.83661187,20.95711553],[72.84389615,20.95238638],[72.84728396,20.94569445],[72.86209345,20.94748235],[72.84317875,20.94159925],[72.83798635,20.94515407],[72.83448005,20.95526731],[72.8312633,20.95594335],[72.80893075,20.93512595],[72.78585851,20.92708576],[72.82629764,20.81334567],[72.85079515,20.79842472],[72.83525527,20.78102005],[72.88114071,20.74190843],[72.89182925,20.75076091],[72.90838134,20.74522305],[72.91607976,20.75369215],[72.93432414,20.76287508],[72.90967631,20.74333394],[72.86991346,20.73232365],[72.85102487,20.74251366],[72.89260197,20.63274193],[72.89758408,20.57480335],[72.88487196,20.49978375],[72.83279276,20.44560134],[72.82943106,20.41536462],[72.85503948,20.4085021],[72.8817569,20.37124205],[72.88541996,20.34770918],[72.85479414,20.40612245],[72.83039641,20.40950811],[72.82261193,20.36757922],[72.77584386,20.33305764],[72.74076474,20.24362743],[72.74822831,20.20381963],[72.76302743,20.21484375],[72.7464236,20.19816613],[72.72601664,20.08152092],[72.70803285,20.0705533],[72.71663332,19.97273672],[72.75352275,19.94259346],[72.75555253,19.93880665],[72.75509775,19.92727113],[72.71305025,19.96954465],[72.66458857,19.93317521],[72.68135726,19.86513186],[72.67002261,19.85161817],[72.65219021,19.85802364],[72.65081477,19.83961785],[72.68724894,19.79431677],[72.68880165,19.80550373],[72.69559264,19.80465138],[72.69377244,19.73567867],[72.70696723,19.73231375],[72.71409237,19.75209451],[72.71947324,19.75483715],[72.70875251,19.72665668],[72.69396508,19.72752392],[72.73783696,19.59779477],[72.71276164,19.59544551],[72.71694863,19.54456425],[72.76497126,19.50424111],[72.78348982,19.51634324],[72.77891207,19.52873886],[72.78672302,19.52403796],[72.78305328,19.50516415],[72.82743847,19.51125777],[72.84851325,19.5404278],[72.89046586,19.52704394],[72.86494672,19.58355856],[72.85514474,19.63306844],[72.85762358,19.64241374],[72.86895096,19.57940304],[72.88863134,19.56068897],[72.89710498,19.53113115],[72.88064468,19.52014792],[72.84195125,19.52071011],[72.82236612,19.49087334],[72.77700257,19.49106085],[72.74527645,19.46358633],[72.76026261,19.37234175],[72.80789387,19.32563651],[72.84691381,19.34235477],[72.87703645,19.32771564],[72.90340602,19.29217041],[72.96326184,19.30432963],[72.98221517,19.29301524],[73.03064513,19.19995642],[73.06096304,19.20535386],[73.06683135,19.23367751],[73.08200657,19.24452043],[73.10981262,19.23549342],[73.10086095,19.26727021],[73.11297965,19.28037465],[73.12925196,19.28373075],[73.15107584,19.27027714],[73.1112256,19.27639961],[73.11285234,19.23373675],[73.07973635,19.23982584],[73.06521535,19.20438111],[73.02706254,19.19081914],[72.96749747,19.29384995],[72.89971924,19.28763056],[72.85230863,19.31857026],[72.81619346,19.30276787],[72.78956044,19.30897987],[72.77820683,19.27882314],[72.78442526,19.19232082],[72.83922625,19.26740122],[72.78045595,19.16624486],[72.79393804,19.13013244],[72.79807246,19.15589821],[72.82971263,19.18193221],[72.80361593,19.14081955],[72.82678115,19.09404886],[72.81616247,19.04225945],[72.83461177,19.04952967],[72.83834636,19.03513443],[72.82530785,19.01804066],[72.81503403,19.0270437],[72.81438875,18.98288715],[72.79219866,18.95049465],[72.79341817,18.93874574],[72.80990922,18.95474851],[72.82379794,18.93979812],[72.80776048,18.89105785],[72.84486103,18.92454803],[72.86239386,19.00272107],[72.88516843,19.00897646],[72.90906835,18.99113226],[72.95562255,19.02798915],[72.96054685,19.06505477],[72.94115675,19.05836833],[72.92223155,19.07415175],[72.94173062,19.05962038],[72.95842457,19.06895673],[72.98422718,19.18331456],[72.98149574,19.06411612],[72.99857402,19.04846334],[73.00344276,19.00127602],[73.08010316,19.03176117],[73.07221007,19.02263856],[73.06008518,19.01880145],[73.07647932,19.00322855],[73.05939865,18.99501455],[73.03978646,19.00441957],[73.03256381,19.00119281],[73.03179741,18.99336863],[73.01225686,18.97752845],[72.97953105,18.96279967],[72.95591283,18.97389042],[72.98072135,18.94664574],[72.99933505,18.95337153],[73.00144052,18.9472599],[72.98150492,18.93644726],[72.94969165,18.96264994],[72.93941343,18.94599128],[72.96139407,18.92287982],[72.95720267,18.90808022],[72.9078809,18.89934254],[72.9229635,18.85512626],[72.94313395,18.84574318],[73.00478184,18.88275874],[72.98131168,18.85183585],[72.97975004,18.81719935],[73.01592517,18.80281484],[72.97598624,18.80394363],[73.00100887,18.78136992],[72.98782158,18.75020564],[73.02690697,18.70987725],[73.04617405,18.66724622],[73.04074681,18.65718782],[73.06043053,18.64583957],[73.07019067,18.62809455],[73.03876865,18.65721858],[73.02395225,18.70987904],[72.98655236,18.74037588],[72.98345017,18.75366366],[72.99493301,18.78001106],[72.96305752,18.7951411],[72.94335365,18.82761645],[72.91636801,18.79263115],[72.8692255,18.80406845],[72.85533381,18.69708943],[72.87078846,18.63953805],[72.88723886,18.64115346],[72.90170634,18.6328125],[72.88435876,18.63835335],[72.92475963,18.54507303],[72.96720564,18.54256988],[73.00938153,18.45703125],[73.02232337,18.4605571],[73.02537,18.47450471],[73.04039896,18.48445845],[73.05064774,18.48747265],[73.05539083,18.48630714],[73.06305242,18.47706842],[73.07898128,18.47347176],[73.09221625,18.46298432],[73.04217637,18.48395753],[73.02210093,18.45927668],[73.01077211,18.45514715],[73.00791061,18.45703125],[72.98610747,18.49646783],[72.97277594,18.50922823],[72.96727955,18.53580844],[72.90461647,18.53918755],[72.91143215,18.50333691],[72.89464557,18.45703125],[72.90656865,18.40281856],[72.92625976,18.38623595],[72.91149962,18.36676657],[72.91755438,18.34852612],[72.94975126,18.33757377],[72.99331415,18.27347004],[73.01212466,18.28369391],[73.02843261,18.26426971],[73.05455172,18.27066553],[73.04041433,18.29317522],[73.04124296,18.30225062],[73.05024517,18.30755115],[73.06806076,18.30471575],[73.08498275,18.32984185],[73.08794832,18.32652295],[73.08636403,18.28799856],[73.04306924,18.2983942],[73.08061194,18.23009205],[73.07550836,18.19982016],[73.05979371,18.19046676],[73.09070444,18.16906202],[73.0882982,18.15173924],[73.0554502,18.18840516],[73.06914318,18.22226715],[73.01748312,18.24562311],[72.98178518,18.24197924],[72.96554816,18.27952385],[72.93540311,18.28125],[72.93164384,18.21944833],[72.98782527,18.19443893],[72.99040103,18.15835226],[72.97262085,18.12458515],[73.00288725,18.07554662],[72.99393833,18.04998386],[73.01607764,18.03231835],[73.02513063,18.05007803],[73.04028475,18.05300283],[73.03959823,18.04901683],[73.02187765,18.03941977],[73.02971435,18.03233576],[73.04141331,18.04434395],[73.04533577,18.04152262],[73.02932262,18.0277698],[73.00224924,18.02099955],[73.03753054,17.98409843],[73.08331442,17.99352062],[73.11223185,17.98145783],[73.13230288,18.01652384],[73.1701951,18.05818236],[73.20134294,18.07088912],[73.22894585,18.05778623],[73.26132917,18.07269955],[73.29941285,18.07721543],[73.31160045,18.06231117],[73.34635675,18.0871824],[73.34681535,18.09369135],[73.33429766,18.09885812],[73.33272886,18.10655677],[73.35354304,18.09104586],[73.34178364,18.08193815],[73.36329508,18.09005034],[73.38496983,18.08697212],[73.38986433,18.08507085],[73.39460182,18.08058214],[73.36181557,18.08786035],[73.3078804,18.05838335],[73.29860222,18.07413507],[73.22872281,18.05515575],[73.17635727,18.05926001],[73.11871457,17.97860575],[73.04848194,17.98091793],[73.02860844,17.94905746],[73.04239404,17.93227136],[73.09236944,17.94043076],[73.05256975,17.92879534],[73.05068064,17.90650618],[73.07659447,17.89638507],[73.09048104,17.84376526],[73.09667146,17.8453449],[73.10204518,17.84439564],[73.09686172,17.84372663],[73.125,17.83677447],[73.12875831,17.83464253],[73.13255894,17.82980394],[73.08757973,17.83832288],[73.13514972,17.71584368],[73.1139518,17.68965185],[73.14504921,17.60047555],[73.16754651,17.58223414],[73.21549225,17.59200776],[73.23834884,17.57295871],[73.26833606,17.60069394],[73.28882265,17.60661316],[73.30040395,17.60077024],[73.30675995,17.57953083],[73.32513082,17.58309603],[73.34275711,17.57079947],[73.39942694,17.58590722],[73.43356252,17.58358777],[73.40117156,17.61695874],[73.4765625,17.56975436],[73.40413952,17.58252335],[73.34326255,17.56687546],[73.30417132,17.5778805],[73.29090941,17.60372007],[73.24270165,17.56744862],[73.20481455,17.5867424],[73.14994693,17.57338345],[73.13737297,17.55681062],[73.18395591,17.50554025],[73.18613517,17.4418596],[73.20570076,17.43868816],[73.16717935,17.40534186],[73.21642578,17.37057877],[73.21920085,17.32912791],[73.24265611,17.31851566],[73.23501396,17.29278147],[73.29464853,17.29411066],[73.29794991,17.27231443],[73.33419836,17.26625955],[73.34047115,17.25777352],[73.33917415,17.23235285],[73.36625075,17.23824263],[73.37488735,17.21515131],[73.38799214,17.21815217],[73.41600931,17.21055424],[73.43281865,17.22790301],[73.42411315,17.20857465],[73.46848416,17.19447243],[73.4785974,17.16517675],[73.46679485,17.19331431],[73.37547934,17.21196854],[73.36230445,17.23595715],[73.33867466,17.22844064],[73.33245564,17.26459825],[73.29407263,17.26147461],[73.2904191,17.28784573],[73.25983036,17.28812695],[73.25835431,17.26480687],[73.24839342,17.28292084],[73.22618544,17.28167045],[73.22203445,17.30261147],[73.19161785,17.30476487],[73.24395931,17.22330844],[73.24536025,17.19684577],[73.23124135,17.19959724],[73.26003683,17.17170095],[73.26620984,17.11230052],[73.29817188,17.07783985],[73.27866077,17.04033685],[73.28986442,17.04736257],[73.32001626,17.0377866],[73.28465855,17.03988898],[73.29311025,17.02216327],[73.28876376,17.00673366],[73.28994048,17.0215342],[73.25646007,17.04780471],[73.25740767,17.01973867],[73.28426027,17.01069951],[73.26857853,16.9905014],[73.30417633,16.98372078],[73.31755674,16.96054625],[73.33234561,16.97579467],[73.34450817,16.97504103],[73.33310986,16.97501862],[73.32317185,16.95876181],[73.31134045,16.95822883],[73.29496872,16.98063087],[73.27718115,16.8930186],[73.29544437,16.89760101],[73.31331146,16.88932776],[73.28610313,16.88072944],[73.29559541,16.81656754],[73.31560087,16.80691874],[73.33110356,16.81929421],[73.36336303,16.74706554],[73.34104085,16.76631355],[73.32644057,16.81279898],[73.30529594,16.76688063],[73.31740117,16.69851983],[73.3398391,16.68514216],[73.32283163,16.63890314],[73.34005642,16.63780272],[73.33356488,16.61922336],[73.36832047,16.63782084],[73.38765693,16.63290465],[73.39519775,16.61791885],[73.38509715,16.60103261],[73.43615651,16.59454513],[73.39794457,16.5909965],[73.38053834,16.60316253],[73.36761212,16.63006055],[73.34058857,16.60627735],[73.35196435,16.59484184],[73.3203603,16.6067059],[73.32260764,16.58336246],[73.36229956,16.56826556],[73.35637867,16.55543566],[73.3939079,16.55395973],[73.37383628,16.55001175],[73.34608614,16.55629873],[73.37279785,16.54004705],[73.35440373,16.53922975],[73.35830987,16.52625716],[73.38541794,16.5138849],[73.42159951,16.5158745],[73.46678925,16.49444914],[73.49526358,16.52030635],[73.52263665,16.52512705],[73.52993631,16.52258944],[73.53437912,16.51781094],[73.49764335,16.51978076],[73.46709132,16.49305236],[73.45132554,16.49409342],[73.41680396,16.51324916],[73.36704075,16.51298344],[73.35014725,16.50462711],[73.36329305,16.47962976],[73.36903656,16.49114835],[73.38731873,16.49377155],[73.36556447,16.47496307],[73.34923875,16.50471461],[73.36403286,16.51577568],[73.33353746,16.5621351],[73.31102765,16.54180253],[73.31650555,16.51345742],[73.36492217,16.43932021],[73.36617255,16.39723384],[73.41354847,16.41320741],[73.45927918,16.41382503],[73.41066611,16.40776706],[73.36671841,16.37780786],[73.37262821,16.35962665],[73.3909893,16.36542022],[73.41184723,16.36014652],[73.38874435,16.36114121],[73.38571572,16.33671606],[73.41077316,16.2777878],[73.41718137,16.29201555],[73.43573475,16.28642464],[73.41137648,16.27297401],[73.43014944,16.19887185],[73.44746566,16.22423696],[73.43582416,16.20052493],[73.46099842,16.09729397],[73.45863736,16.13525104],[73.46527004,16.15379512],[73.48999321,16.17970192],[73.53669167,16.19172537],[73.48819053,16.1759727],[73.48115373,16.15948915],[73.46553743,16.14465225],[73.46922565,16.13356745],[73.46386445,16.12509215],[73.4688549,16.09565127],[73.45719123,16.08096087],[73.46788394,16.07002735],[73.45515037,16.05513692],[73.48320878,16.03584576],[73.49167538,15.98200452],[73.50263357,15.96862781],[73.49186671,15.98813331],[73.49169004,16.00209332],[73.49475682,16.00725043],[73.49913013,16.01033783],[73.51594663,16.01652777],[73.58760631,16.02257085],[73.60788393,16.00933313],[73.62652445,16.02175713],[73.60913873,16.00808764],[73.58486807,16.02169144],[73.50115645,16.00591934],[73.51026142,15.93701816],[73.59054625,15.91229224],[73.63703442,15.81484664],[73.65281177,15.79430187],[73.66329336,15.80744576],[73.65401351,15.79058754],[73.67484236,15.75323415],[73.64840281,15.74580204],[73.68332207,15.72012246],[73.74164963,15.73697615],[73.76145434,15.73435914],[73.68967152,15.7169131],[73.73617995,15.61411834],[73.77739406,15.65398085],[73.82304001,15.65534794],[73.83893216,15.64834976],[73.84011066,15.66498745],[73.85917556,15.67738652],[73.83981955,15.64628208],[73.77842617,15.64961708],[73.7485975,15.62428868],[73.75188065,15.60946083],[73.73110712,15.60789955],[73.76438522,15.49514127],[73.86730194,15.51095235],[73.89831316,15.54481006],[73.90817046,15.54940081],[73.91167176,15.5491786],[73.9282099,15.53772295],[73.94932282,15.55025876],[74.01838696,15.49759495],[74.02861512,15.48071313],[73.9495753,15.54906142],[73.91600585,15.50814867],[73.88995254,15.5],[73.82131445,15.50063431],[73.80197728,15.46184134],[73.78711402,15.46328962],[73.80339503,15.44989824],[73.84907615,15.45173752],[73.86178255,15.42821527],[73.88478363,15.43216693],[73.89673424,15.41497743],[73.91455448,15.41372335],[73.93086672,15.43504906],[73.94251394,15.43825245],[73.92399275,15.41204047],[73.96029425,15.41201222],[73.95885181,15.37428463],[73.98135996,15.37359035],[74.01492774,15.33887994],[74.01216841,15.30561936],[74.03874004,15.30743885],[74.07059038,15.29433668],[74.01232624,15.30304813],[73.99457634,15.32508898],[74.00660455,15.32119048],[73.99425507,15.33324611],[74.00460255,15.34757245],[73.97895217,15.35056353],[73.95774794,15.37249196],[73.94763815,15.40167093],[73.89162636,15.40868354],[73.87264812,15.39682925],[73.81847262,15.41104436],[73.80983436,15.40098691],[73.78300273,15.41292083],[73.83781958,15.36219227],[73.87549353,15.36793864],[73.94961095,15.14385295],[73.94554281,15.17113423],[73.96622777,15.18213356],[73.94941175,15.17145491],[73.95349312,15.16115832],[73.95402014,15.14012682],[73.93577266,15.13317525],[73.94065118,15.11950755],[73.91755426,15.1082046],[73.92632997,15.09696007],[73.91196156,15.08413124],[73.96691406,15.06549525],[73.98913455,15.02018905],[74.04989266,14.98817432],[74.03443825,14.98324132],[74.05337286,14.95760477],[74.04301322,14.91834283],[74.098544,14.89463353],[74.11690772,14.84377944],[74.19874501,14.87982702],[74.24568474,14.87222981],[74.25089705,14.87927282],[74.24562454,14.88995004],[74.25106764,14.90007472],[74.28493094,14.89355898],[74.32122505,14.90683746],[74.33501744,14.90435255],[74.2913382,14.89071524],[74.25140035,14.89614332],[74.25325763,14.87795281],[74.24129903,14.86524403],[74.22684181,14.86007357],[74.20316434,14.87360823],[74.14183414,14.83483267],[74.12735164,14.83960176],[74.11352205,14.79691494],[74.09286344,14.80322611],[74.11908984,14.77501714],[74.14295566,14.77681744],[74.15324867,14.7459985],[74.16714132,14.76615512],[74.16362345,14.75318074],[74.20535803,14.71806085],[74.20692265,14.73727655],[74.24981916,14.73923898],[74.28175092,14.6775949],[74.28408933,14.63098443],[74.26997566,14.62628734],[74.2917304,14.60178018],[74.32925475,14.61126018],[74.38774705,14.59880221],[74.39759254,14.6126641],[74.42761517,14.6326313],[74.39000833,14.59641457],[74.33425641,14.60707605],[74.29107797,14.59742415],[74.30966616,14.52079654],[74.35587001,14.52206695],[74.33580065,14.5648669],[74.35411394,14.54277778],[74.37647498,14.57308733],[74.36487556,14.55366945],[74.38302696,14.55152905],[74.3874346,14.54620731],[74.38673484,14.52381146],[74.37335825,14.53656995],[74.38901436,14.5056777],[74.43423951,14.47371197],[74.43698835,14.45534325],[74.43399596,14.44419587],[74.45154822,14.45211101],[74.45658433,14.44907927],[74.4315629,14.44357908],[74.42072833,14.48055553],[74.389292,14.47348344],[74.38172126,14.48116708],[74.37875605,14.49678624],[74.36918604,14.50156665],[74.37522805,14.52438402],[74.36076474,14.51969898],[74.35382211,14.50300312],[74.39605272,14.40946543],[74.41384494,14.3149116],[74.42786181,14.30004776],[74.44038844,14.27572382],[74.47353542,14.27904797],[74.45866621,14.27367735],[74.46239388,14.26787937],[74.47869813,14.2648586],[74.48951912,14.26000702],[74.52910161,14.23543012],[74.55372834,14.23942721],[74.57526708,14.23828125],[74.58231366,14.23108983],[74.61439371,14.23828125],[74.58365095,14.22913945],[74.52712512,14.23326886],[74.48712373,14.25761247],[74.47502005,14.25452602],[74.44017231,14.26173115],[74.4245398,14.29638731],[74.44179964,14.22400892],[74.47087097,14.18322516],[74.50109518,14.02761722],[74.50438094,14.04150355],[74.51781178,14.02701175],[74.50124514,14.02464855],[74.51474261,13.98626864],[74.54904854,13.94851995],[74.56973934,13.94676256],[74.61758947,13.85929132],[74.61530781,13.85223186],[74.63312864,13.84929335],[74.61440182,13.85138381],[74.60670626,13.86597514],[74.65113902,13.66641414],[74.67109871,13.63923955],[74.66986787,13.6635009],[74.68549955,13.69435322],[74.66807616,13.71593034],[74.68617356,13.69714701],[74.68731284,13.68815005],[74.70336676,13.69388783],[74.71116435,13.69231546],[74.6811223,13.67848194],[74.69758368,13.66307986],[74.68107271,13.66742265],[74.68378496,13.65063965],[74.70034528,13.65311837],[74.71771348,13.64272988],[74.72255695,13.63495493],[74.74566782,13.64234245],[74.75559282,13.64047205],[74.72463214,13.63334131],[74.70796466,13.63781846],[74.70408654,13.61952245],[74.70459056,13.63612354],[74.68852413,13.63926911],[74.67832065,13.60527277],[74.66782665,13.62831271],[74.69090664,13.45937765],[74.69823825,13.44952703],[74.69900596,13.46986461],[74.70889151,13.43730962],[74.71605194,13.44031203],[74.71554184,13.45777607],[74.71892965,13.46282876],[74.72387695,13.46594596],[74.74796522,13.45718646],[74.71866715,13.46108735],[74.71904624,13.43960905],[74.70422936,13.42626596],[74.74063444,13.40654135],[74.76021588,13.38239205],[74.69843495,13.41425443],[74.69380987,13.44664884],[74.69529676,13.34769547],[74.71115851,13.34164917],[74.7187736,13.32463896],[74.72381294,13.29044294],[74.73592293,13.28976548],[74.72903645,13.27706015],[74.72462153,13.27897072],[74.72184265,13.28432155],[74.71975124,13.3047899],[74.71316135,13.33043635],[74.70521808,13.34110284],[74.69055593,13.34870577],[74.71768677,13.30959475],[74.72067118,13.28420055],[74.77364492,13.08315825],[74.77865183,13.09913754],[74.78303003,13.10081005],[74.78974688,13.09848774],[74.7841078,13.05898356],[74.77460516,13.07772803],[74.80244458,12.93141818],[74.8209517,12.92876542],[74.80717576,12.91957617],[74.82117236,12.85244155],[74.8143506,12.90836477],[74.83642316,12.94420636],[74.85348976,12.9505372],[74.88914657,12.94126856],[74.84614837,12.94762003],[74.81856275,12.91336346],[74.84087527,12.84383762],[74.90914166,12.86497152],[74.93745136,12.85884416],[74.94813132,12.87128794],[74.95867932,12.87082756],[74.9659909,12.85611928],[74.9766103,12.86408842],[74.98714411,12.86170673],[74.96302795,12.85470462],[74.95024383,12.86994791],[74.93814385,12.85793054],[74.89898944,12.85347164],[74.87411797,12.83460104],[74.82874727,12.84268463],[74.92898548,12.61030078],[74.93906105,12.62654316],[74.94103312,12.58940315],[74.93296945,12.60146034],[74.973459,12.49885142],[75.06253648,12.34098363],[75.05661452,12.36206186],[75.12021351,12.20329821],[75.11599326,12.22253692],[75.11921442,12.23093057],[75.15970075,12.24026334],[75.16629946,12.25639367],[75.16146564,12.23998487],[75.11830783,12.22453666],[75.12932742,12.21137464],[75.16318536,12.13645506],[75.16178775,12.11878145],[75.17134357,12.11478615],[75.18179357,12.09531236],[75.19157255,12.10170424],[75.1870054,12.12890625],[75.19207501,12.13230836],[75.19718897,12.11677074],[75.19288898,12.10098302],[75.17280972,12.08585274],[75.18890905,12.09100115],[75.19231975,12.08796442],[75.19618714,12.07141697],[75.20766175,12.07423246],[75.22023857,12.06970334],[75.19538355,12.07029951],[75.18919504,12.08952236],[75.17909026,12.08109868],[75.20049584,12.00746608],[75.23163736,12.02382576],[75.2952522,11.94214046],[75.30486155,11.94904804],[75.26517713,11.99867964],[75.26499236,12.01661825],[75.27112246,12.02448654],[75.29592621,12.0152235],[75.29263532,12.02777624],[75.30184984,12.02187526],[75.29949403,12.02842057],[75.30777383,12.0465517],[75.30722523,12.03153133],[75.31479335,12.04408395],[75.33903778,12.04558611],[75.32894504,12.03356981],[75.31490314,12.04204547],[75.29943645,12.01329231],[75.33160985,12.0113883],[75.33366275,12.00717676],[75.29219651,12.0041728],[75.26818001,12.02064121],[75.26548517,12.00711656],[75.27881408,11.99923754],[75.30792081,11.94933772],[75.30495965,11.96884274],[75.31709671,11.94376946],[75.35713935,11.93121064],[75.38168156,11.96866035],[75.39803624,11.97203124],[75.40241122,12.00052488],[75.41132665,12.01586556],[75.44307983,12.02247608],[75.47078347,12.00206423],[75.44410777,12.01983023],[75.43312144,12.01447237],[75.42763615,12.01372135],[75.41919005,12.01565266],[75.41238892,12.01103926],[75.40482414,11.97423935],[75.37367725,11.94452035],[75.39922881,11.91265583],[75.37223995,11.93842638],[75.35866415,11.92728984],[75.29716206,11.93910241],[75.3554579,11.86027276],[75.38364744,11.85654712],[75.45433211,11.77859223],[75.4597553,11.80720401],[75.45966887,11.76564205],[75.48655665,11.79169345],[75.47510076,11.79943526],[75.47473586,11.80333447],[75.49998927,11.79784334],[75.47193205,11.76942575],[75.48794615,11.76624584],[75.49262691,11.75804675],[75.50727725,11.76445627],[75.50753343,11.76146555],[75.49127281,11.75643623],[75.47234333,11.76336384],[75.52427638,11.70706618],[75.53905904,11.70992327],[75.55448472,11.70273006],[75.56077313,11.69687462],[75.52994275,11.70236576],[75.58831942,11.56905663],[75.58579504,11.58621645],[75.62004972,11.56510985],[75.62578034,11.55763257],[75.62153292,11.54432607],[75.64141488,11.53483665],[75.62057555,11.54243076],[75.6162734,11.56415546],[75.60208488,11.56075132],[75.59317732,11.56863093],[75.59933722,11.54404712],[75.5903759,11.56860304],[75.61785698,11.47641242],[75.68166184,11.44920492],[75.73296583,11.35302818],[75.74815881,11.36333966],[75.73871291,11.38998795],[75.74906266,11.41929114],[75.72497714,11.42834866],[75.72887206,11.44863164],[75.7382338,11.42578125],[75.75306225,11.42891645],[75.75478447,11.36224365],[75.73596954,11.35400212],[75.73398972,11.33465815],[75.8024497,11.16238666],[75.81434035,11.17909944],[75.83374917,11.18267715],[75.84043157,11.21053505],[75.85506094,11.21013033],[75.86346054,11.20571446],[75.87689543,11.22376812],[75.89597905,11.23065364],[75.90039468,11.24369705],[75.95235741,11.24985695],[75.90103507,11.24109685],[75.89724004,11.22938645],[75.87926531,11.22304523],[75.87109423,11.20482111],[75.84316874,11.20545995],[75.83565164,11.18146575],[75.81253195,11.16197872],[75.82812786,11.15824318],[75.80171216,11.15890384],[75.82502556,11.12539256],[75.84614193,11.14361703],[75.85123527,11.14384091],[75.85812211,11.13857281],[75.86177266,11.12932205],[75.84806657,11.14250255],[75.83568156,11.12642133],[75.82530534,11.12292457],[75.86755526,11.00904405],[75.85775685,11.01837838],[75.91015971,10.79292297],[75.90412605,10.84106135],[75.91368616,10.79297125],[75.96403396,10.81979167],[75.94675124,10.79634643],[75.91325974,10.785923],[75.93585777,10.73144674],[75.93882024,10.75938296],[75.94287384,10.76203752],[75.9375,10.72767854],[76.02334511,10.53605628],[76.03956366,10.50979257],[76.03110755,10.52785444],[76.03247333,10.53731096],[76.04838085,10.53544295],[76.03660154,10.5671494],[76.04177344,10.57545233],[76.04974496,10.5466361],[76.06779957,10.54402637],[76.05334425,10.53684294],[76.06263781,10.53383994],[76.07394505,10.51287174],[76.07616425,10.50477505],[76.09233212,10.50942242],[76.10809731,10.50295091],[76.08478165,10.50403583],[76.09422684,10.4744848],[76.09309268,10.46272302],[76.05969334,10.53392816],[76.03471363,10.52958131],[76.16335881,10.18215764],[76.19743741,10.20008516],[76.21137846,10.1953125],[76.21433616,10.20191181],[76.22112822,10.20559597],[76.18372822,10.26544404],[76.19232738,10.26992035],[76.21629691,10.21455884],[76.22302854,10.24425125],[76.23449707,10.22994626],[76.24412131,10.25099528],[76.25627077,10.25295222],[76.23369658,10.20269692],[76.21466875,10.19966722],[76.22421765,10.18708313],[76.24384987,10.17937374],[76.29351556,10.13829565],[76.31528711,10.15046227],[76.32378864,10.15283871],[76.32949543,10.15175617],[76.36174214,10.11376834],[76.39040315,10.12497055],[76.45147467,10.12167931],[76.45607162,10.13312137],[76.43018794,10.14443135],[76.43144143,10.15564871],[76.47105372,10.18296874],[76.51438713,10.19184482],[76.43450952,10.15496743],[76.45772076,10.13408518],[76.45036697,10.11936152],[76.39014888,10.12213755],[76.37139165,10.11101246],[76.35010612,10.11386621],[76.34403133,10.09197557],[76.33128452,10.08116472],[76.31170952,10.0757966],[76.30438948,10.07580245],[76.30068994,10.07777047],[76.29379904,10.0943346],[76.28527367,10.09448361],[76.28672111,10.08178854],[76.2806884,10.04801321],[76.26898766,10.04112601],[76.28711355,10.02637124],[76.26675367,10.02906632],[76.27621055,10.00198817],[76.27030635,9.98918962],[76.30419707,9.92544174],[76.30052614,9.93682706],[76.30425835,9.93616545],[76.30509305,9.94525492],[76.31167662,9.94813704],[76.31892705,9.88871336],[76.33542323,9.88402987],[76.32934725,9.90291023],[76.34329045,9.88514638],[76.32396913,9.91447127],[76.34022546,9.91930366],[76.37734425,9.86440015],[76.37168407,9.84249055],[76.38421166,9.84413624],[76.39502776,9.81821191],[76.38161051,9.82677507],[76.39065254,9.81682515],[76.36807406,9.79076052],[76.39034736,9.74650848],[76.38286257,9.70353186],[76.41397083,9.69630051],[76.40426064,9.66654766],[76.40807414,9.66646516],[76.41900122,9.65839386],[76.40496433,9.66459525],[76.40273166,9.64765501],[76.42138803,9.65012753],[76.43012285,9.61085045],[76.41609037,9.56596661],[76.50212085,9.53087676],[76.48088884,9.52855885],[76.48039973,9.51115322],[76.47899032,9.52877212],[76.44306326,9.52765644],[76.44194138,9.51120496],[76.43402708,9.52736616],[76.38333964,9.52617228],[76.3829571,9.50638461],[76.35737276,9.52541184],[76.36730647,9.61086953],[76.39800203,9.67528582],[76.36110902,9.69998658],[76.37219226,9.73813176],[76.35990143,9.79806948],[76.37079167,9.81998694],[76.34925961,9.82784975],[76.33747494,9.86438024],[76.32076824,9.87088406],[76.31852448,9.84375],[76.33623052,9.80905545],[76.34777975,9.71184373],[76.32193446,9.80764317],[76.31689274,9.8456943],[76.31943965,9.87598002],[76.29579496,9.88969731],[76.3027513,9.84728634],[76.28483832,9.83278418],[76.28369415,9.85028422],[76.29720354,9.8534224],[76.28742278,9.89854884],[76.26985216,9.86623168],[76.25761735,9.91559696],[76.26568246,9.89676321],[76.26651382,9.9123733],[76.27321851,9.89988852],[76.29213715,9.90835905],[76.29652298,9.89293885],[76.2953757,9.91809201],[76.26581216,9.93439186],[76.25320935,9.96957564],[76.23693824,9.96267056],[76.28663921,9.74935353],[76.3106364,9.52428496],[76.35227466,9.37751317],[76.46166825,9.13952816],[76.42284393,9.24564254],[76.47101665,9.14231014],[76.47605574,9.16648424],[76.49054015,9.17009783],[76.48393595,9.12672377],[76.4636358,9.13421571],[76.52281082,9.00635386],[76.53546941,8.93565714],[76.55355585,8.94675434],[76.53424156,8.96010053],[76.56773186,8.98581111],[76.54746306,8.96254468],[76.55719018,8.94897425],[76.58558094,8.99451697],[76.60693955,8.98840404],[76.60856485,8.95345163],[76.59836376,8.97365534],[76.57033753,8.92902732],[76.58980334,8.94418287],[76.60085535,8.93743372],[76.56618857,8.92089522],[76.57438147,8.90575862],[76.58687425,8.91808903],[76.57994175,8.90404427],[76.61883986,8.93121123],[76.61482024,8.90773606],[76.5715667,8.89663506],[76.55366755,8.94131374],[76.53534067,8.93286335],[76.54633915,8.90282548],[76.64051056,8.82560146],[76.96329355,8.41718733],[76.97498596,8.38517988],[77.23957407,8.17629135],[77.29682744,8.14914334],[77.31631577,8.12081897],[77.55123186,8.07664335],[77.5760411,8.13557255],[77.74619246,8.17692626],[77.78146756,8.20072663],[77.80399585,8.24770272],[77.88873148,8.27319014],[77.98231578,8.34100902],[78.06705368,8.37063766],[78.04975545,8.38060832],[78.06554258,8.42009175],[78.13035381,8.49708164],[78.12252176,8.52149975],[78.13867462,8.58899093],[78.12795496,8.63831234],[78.12259138,8.59835947],[78.11097598,8.61216044],[78.10200107,8.59268785],[78.11292052,8.58578742],[78.12885165,8.6020596],[78.13598144,8.59255934],[78.11461973,8.57981658],[78.09662974,8.58130825],[78.10510123,8.65141034],[78.11658776,8.66113043],[78.12263525,8.66213584],[78.12787163,8.65084624],[78.1665591,8.74151111],[78.19428635,8.75247133],[78.2163738,8.742522],[78.22336495,8.74592864],[78.19818556,8.76307881],[78.23030531,8.74902225],[78.19921255,8.76436591],[78.1988157,8.78863561],[78.1911422,8.76552725],[78.18695211,8.77646661],[78.15779364,8.77104235],[78.16917515,8.88243926],[78.20933413,8.95941126],[78.26697087,9.00319386],[78.26104367,9.01868522],[78.27156985,9.00533402],[78.28848827,9.01575816],[78.36762917,9.07795358],[78.36227846,9.08678186],[78.36582196,9.09218967],[78.37076485,9.08095658],[78.41106296,9.11195934],[78.48098075,9.12710106],[78.48915148,9.15019405],[78.48909605,9.13325846],[78.48445737,9.12784696],[78.57810962,9.13120782],[78.65703404,9.15783584],[78.64246964,9.17367578],[78.65720344,9.19167936],[78.7182523,9.19007194],[78.72751844,9.20849967],[78.83230805,9.24325597],[78.82891655,9.25450122],[78.83268213,9.26888835],[78.8345319,9.24503255],[78.90677845,9.24964654],[78.95551217,9.27233517],[79.09377432,9.25979495],[79.19056582,9.28162992],[79.06559086,9.29941571],[79.00099564,9.34501636],[78.99670303,9.34059465],[79.00238407,9.33311582],[79.00169027,9.32921696],[78.9992938,9.32757676],[78.98749042,9.32731736],[78.96667683,9.33585131],[79.0016855,9.33075786],[78.92709756,9.42262065],[78.89822006,9.48867404],[78.91468763,9.49375236],[78.92951953,9.59413934],[78.98177385,9.69030583],[79.12183511,9.85473585],[79.11934543,9.87568235],[79.15533185,9.93221354],[79.2672888,10.03830564],[79.22869182,10.09196556],[79.22901285,10.14360535],[79.24250805,10.18270254],[79.28116167,10.21369982],[79.26799655,10.23180938],[79.29488635,10.26035643],[79.34766698,10.29562807],[79.3659991,10.29214084],[79.35860062,10.30181134],[79.36949325,10.29484463],[79.38578534,10.31659865],[79.51209795,10.30903864],[79.45713031,10.32034254],[79.48658013,10.3260324],[79.45518744,10.33635592],[79.45609927,10.34204245],[79.48634446,10.33557224],[79.49459255,10.33058584],[79.48752594,10.32800961],[79.4957813,10.31864882],[79.5123831,10.33740163],[79.51058495,10.32984078],[79.52727604,10.33019722],[79.52840245,10.32437396],[79.50717926,10.32506394],[79.52390802,10.318295],[79.54354286,10.32410383],[79.53441215,10.33615565],[79.54574513,10.34786677],[79.58703017,10.34334171],[79.58729696,10.32938302],[79.55990004,10.33238077],[79.52623642,10.3056612],[79.67419732,10.28100038],[79.73916364,10.27750516],[79.68292797,10.29011881],[79.67357194,10.30115235],[79.66256344,10.28915024],[79.55573666,10.30834424],[79.55125546,10.31235802],[79.61356103,10.31741655],[79.62202776,10.33378255],[79.61051905,10.34124827],[79.62995124,10.3629204],[79.63646293,10.31821954],[79.71016431,10.32499492],[79.73056853,10.31104612],[79.75734568,10.31358612],[79.77828825,10.30241215],[79.75712216,10.31198525],[79.78498077,10.28104544],[79.75144637,10.29011285],[79.75554466,10.27534628],[79.74329245,10.27514374],[79.83538032,10.27541995],[79.88297665,10.30235362],[79.86569297,10.42145646],[79.85145235,10.82606971],[79.83192813,10.81897235],[79.82394612,10.81763911],[79.85286212,10.83747804],[79.85581064,11.1816684],[79.84763241,11.24265075],[79.84564471,11.23228884],[79.83956146,11.2289288],[79.83377135,11.23407125],[79.81420743,11.23046374],[79.8046875,11.23604906],[79.84641194,11.24412835],[79.83789694,11.35609925],[79.78998268,11.36785388],[79.77150214,11.38384426],[79.75835955,11.36103094],[79.75489688,11.35846186],[79.74367464,11.35781908],[79.74344778,11.34802318],[79.73939204,11.34182322],[79.73021722,11.33768415],[79.71348405,11.34054518],[79.73585105,11.34141624],[79.74182975,11.35747194],[79.75941181,11.36721265],[79.76589143,11.39038146],[79.81857085,11.36430812],[79.81086647,11.37067604],[79.81287158,11.3759762],[79.80926394,11.38098836],[79.81001234,11.38354814],[79.82740188,11.36286998],[79.77975166,11.50018024],[79.77551997,11.48922122],[79.73107016,11.46556473],[79.73064363,11.45075321],[79.72706616,11.44702888],[79.69205642,11.44630504],[79.72697496,11.44897151],[79.73016918,11.4674499],[79.77304125,11.49773335],[79.7568711,11.61718166],[79.77419794,11.69626868],[79.7532444,11.66120315],[79.75201082,11.66475916],[79.78284824,11.72262585],[79.79963887,11.83991075],[79.81958294,11.86885965],[79.78957331,11.87815177],[79.82377064,11.88204944],[79.83211184,11.90537405],[79.81854486,11.90637696],[79.83087206,11.90699613],[79.88288283,12.06073511],[80.00719345,12.25430214],[79.95762098,12.21265912],[79.94486594,12.22020757],[80.01115727,12.27258205],[80.00941205,12.25648534],[80.02101994,12.28194845],[80.05010402,12.32463968],[80.04035783,12.31359124],[80.05807245,12.34617138],[80.06335282,12.35117865],[80.01375937,12.32278192],[80.01730895,12.34022856],[80.05789948,12.36713767],[80.06419873,12.34999788],[80.05102384,12.32626283],[80.15561354,12.46577954],[80.18477964,12.57495761],[80.16167223,12.58537722],[80.16529453,12.60392034],[80.18160546,12.60942924],[80.17089808,12.58547723],[80.18563712,12.57789361],[80.25462008,12.78201115],[80.24678004,12.80256045],[80.23220146,12.78472757],[80.23291278,12.84612155],[80.24796104,12.80507827],[80.27727532,13.01118457],[80.26705766,13.01272297],[80.31014156,13.10682893],[80.30072343,13.09037352],[80.29345298,13.08590758],[80.33388245,13.23479736],[80.30642974,13.21500993],[80.31401324,13.24632895],[80.31741488,13.23094904],[80.33395076,13.23951757],[80.34696567,13.31199455],[80.32558131,13.44357645],[80.32609212,13.42955685],[80.31951535,13.42370105],[80.33114064,13.39095533],[80.33159161,13.37636721],[80.32720685,13.36984694],[80.32899952,13.36640036],[80.32453716,13.37016141],[80.33032346,13.38446665],[80.31649518,13.42785025],[80.3022902,13.41616476],[80.27813268,13.43543065],[80.26856923,13.41728854],[80.27556014,13.43766665],[80.28098583,13.43790901],[80.26213765,13.47291934],[80.23608124,13.48776424],[80.16156971,13.48958695],[80.12897432,13.51681304],[80.11567402,13.50756323],[80.05126035,13.58881354],[80.07626295,13.61034393],[80.0727663,13.63685834],[80.09509551,13.64751935],[80.07940173,13.65568972],[80.09512305,13.6685034],[80.08889961,13.65432167],[80.10163546,13.65268898],[80.12113202,13.67796028],[80.12087107,13.64546573],[80.10972846,13.65783715],[80.10898221,13.64212811],[80.13850665,13.61293244],[80.14757252,13.65928972],[80.13018036,13.72335601],[80.14729273,13.72408855],[80.14217246,13.70437765],[80.1709851,13.68945491],[80.19100642,13.64136827],[80.26432216,13.56089461],[80.29306245,13.44710314],[80.31499827,13.43363345],[80.23606336,13.64171481],[80.24486375,13.81888103],[80.15145671,14.03034794],[80.15341485,14.0219748],[80.14973223,14.01858151],[80.14072072,14.06973541],[80.12880921,14.06395805],[80.12615406,14.06438601],[80.11470723,14.07638276],[80.11450374,14.06431437],[80.09854734,14.05129266],[80.10558152,14.04260647],[80.09751391,14.02056575],[80.06323564,14.00028765],[80.04429233,13.99723935],[80.01670504,14.01057315],[79.91077447,13.94348705],[79.89559555,13.94710505],[79.89473963,13.92148054],[79.8736428,13.88908613],[79.82950151,13.87493956],[79.81894815,13.84966922],[79.79559696,13.84706855],[79.78903365,13.83119404],[79.76483536,13.83330667],[79.78931713,13.83443105],[79.79219162,13.84783232],[79.81486738,13.85164666],[79.83457744,13.88369071],[79.86785281,13.89123511],[79.89244401,13.94871795],[80.01339471,14.01138103],[80.06068695,14.00243688],[80.09615457,14.02283013],[80.09235835,14.03397393],[80.10335755,14.04059696],[80.09781265,14.05067897],[80.11266053,14.07679546],[80.13861215,14.07284176],[80.12235057,14.11533451],[80.13462424,14.24178004],[80.11255622,14.25163364],[80.1090337,14.24073172],[80.09778762,14.23116624],[80.06779456,14.21829474],[80.06312597,14.22849131],[80.05234694,14.21002424],[80.03741264,14.20951676],[80.04387856,14.19812024],[80.03521848,14.20671368],[80.03638184,14.21104825],[80.05107903,14.21163666],[80.06164873,14.2301532],[80.08990002,14.23413396],[80.07554841,14.23811257],[80.09958625,14.25568521],[80.13733304,14.25234532],[80.17003775,14.36067474],[80.18271995,14.53122926],[80.1739912,14.53170073],[80.17246532,14.53474915],[80.18388343,14.53666735],[80.19917917,14.58689404],[80.19350612,14.59922504],[80.19023633,14.60040796],[80.19694233,14.58274746],[80.18670022,14.57326865],[80.16659033,14.56783128],[80.14046121,14.57025921],[80.13576341,14.56598365],[80.13567483,14.56916165],[80.14374554,14.57252955],[80.16993701,14.57070684],[80.18866634,14.59855342],[80.16656315,14.62151515],[80.14497161,14.69881761],[80.13538134,14.71873188],[80.14023948,14.70315504],[80.13401115,14.69222593],[80.12972105,14.69213343],[80.13671267,14.71083057],[80.11493921,14.73104942],[80.09325886,14.80978715],[80.08215845,14.80763912],[80.05943894,14.81984556],[80.08897805,14.8117007],[80.04792142,15.07742751],[80.08130932,15.18544912],[80.06123626,15.19040823],[80.04629874,15.209167],[80.08277535,15.19321167],[80.09918582,15.30947196],[80.08020031,15.31565332],[80.09923995,15.31547284],[80.20776665,15.47980535],[80.20059001,15.49778378],[80.22511017,15.53312635],[80.20767391,15.54049575],[80.19317412,15.55098534],[80.22502375,15.53757525],[80.270473,15.67285144],[80.33982503,15.74714983],[80.53773201,15.85485303],[80.68684137,15.88263202],[80.77354014,15.86599672],[80.79057372,15.85680735],[80.80974364,15.83680904],[80.81083882,15.81608903],[80.79412711,15.80968463],[80.81436217,15.74374902],[80.82850826,15.74497771],[80.85729527,15.8233422],[80.88976443,15.87837195],[80.89189315,15.92672682],[80.90079427,15.94087303],[80.89165795,15.95518613],[80.87541604,16.02636647],[80.88555562,16.00930905],[80.88280475,16.01647675],[80.88150287,16.02955771],[80.88877022,16.05797625],[80.87014711,16.09028316],[80.87211883,16.10170114],[80.86678362,16.10804534],[80.86862814,16.11330557],[80.86029232,16.12451935],[80.8620671,16.13632453],[80.84549522,16.13677585],[80.83786154,16.14749753],[80.81902254,16.26157272],[80.80056775,16.26900792],[80.79158962,16.27776325],[80.79246724,16.28469336],[80.76923275,16.29224765],[80.76139557,16.31485188],[80.74600625,16.31829667],[80.75206304,16.33102834],[80.72798204,16.3450917],[80.71126413,16.3793447],[80.71425235,16.39777708],[80.68409264,16.42365766],[80.69367683,16.41859448],[80.67913568,16.43736696],[80.67119575,16.46229637],[80.63132513,16.47424865],[80.60682571,16.50136507],[80.56707001,16.50877917],[80.54796696,16.52600861],[80.53369451,16.55060267],[80.52534604,16.55533695],[80.52849877,16.55919075],[80.51333761,16.5674144],[80.48514891,16.56145644],[80.41299427,16.577268],[80.40244401,16.56131923],[80.32179344,16.59256828],[80.24784076,16.58596742],[80.20467663,16.60152066],[80.1378442,16.65153873],[80.14194703,16.73187804],[80.11498046,16.81944537],[80.07240045,16.81261563],[80.05580115,16.74313521],[80.03334415,16.71400785],[79.99793041,16.69921875],[80.05377364,16.74483216],[80.07051075,16.81693196],[80.09895337,16.82452011],[80.12271905,16.81791067],[80.15257871,16.69127011],[80.13850546,16.65641105],[80.17409492,16.64199054],[80.20872355,16.60298264],[80.24935996,16.58990347],[80.26850331,16.59957898],[80.25514841,16.61170661],[80.23605502,16.61294484],[80.22096097,16.61881173],[80.20625281,16.63054335],[80.34534597,16.58489275],[80.40988326,16.59092951],[80.4492712,16.57452023],[80.43422341,16.59285581],[80.46649766,16.57206225],[80.5048511,16.58714092],[80.60075593,16.51662195],[80.63167703,16.47784305],[80.66702926,16.46772134],[80.67701066,16.45937252],[80.71749413,16.39942563],[80.73069596,16.34498322],[80.74534452,16.34366906],[80.75532711,16.32873476],[80.75040853,16.31777465],[80.76247728,16.31554651],[80.82581067,16.25584006],[80.84145117,16.14632106],[80.8646785,16.13699055],[80.88282967,16.11676526],[80.89937162,16.05920994],[80.89227486,16.00671196],[80.90038431,16.00773335],[80.91010535,15.98504806],[80.91332757,15.96024001],[80.91416705,15.92396534],[80.89389312,15.85700333],[80.8993448,15.83494675],[80.96374178,15.80223596],[81.00156164,15.76733327],[81.01122773,15.76870131],[80.99298596,15.8203125],[81.12836826,15.96347785],[81.1244657,15.99148297],[81.06588316,16.00230706],[81.06266606,16.00908124],[81.07174861,16.05250943],[81.0458976,16.05722845],[81.01590312,16.08914924],[81.00049508,16.08390975],[81.00564837,16.05849564],[81.00293851,16.05098081],[80.99535584,16.04504013],[80.92746925,16.03243935],[80.91593456,16.03529251],[80.90946138,16.04143095],[80.99104524,16.04510415],[81.00474465,16.05632842],[80.99885285,16.08932281],[81.01673484,16.09118974],[81.04323936,16.07752383],[81.0475353,16.05786431],[81.07243013,16.05705762],[81.06724966,16.0043838],[81.11864281,16.00248146],[81.14563405,15.97397006],[81.14119375,16.01826763],[81.20206893,16.14246166],[81.19562352,16.14099085],[81.18273115,16.14304745],[81.20244741,16.14560771],[81.21823192,16.20968175],[81.26542234,16.28081346],[81.39243805,16.34196484],[81.37958872,16.35946655],[81.34577918,16.33079827],[81.36949205,16.36189294],[81.38280845,16.36119497],[81.39912832,16.34398293],[81.48476636,16.35286951],[81.47552526,16.39462078],[81.48380733,16.38949895],[81.49426651,16.37156606],[81.52273405,16.38331974],[81.54753554,16.37998414],[81.55283725,16.37593377],[81.56121516,16.34545422],[81.71556675,16.31959105],[81.71826613,16.36750746],[81.69745636,16.41141927],[81.71048391,16.44350243],[81.72252333,16.44639862],[81.75369,16.42098057],[81.79818594,16.47597706],[81.81949532,16.48833001],[81.84578955,16.49552047],[81.84509885,16.53108644],[81.85680378,16.54368556],[81.84328318,16.64691913],[81.79359746,16.70108771],[81.7919805,16.74202788],[81.74693894,16.79218793],[81.75638473,16.83867002],[81.72669518,16.91683412],[81.74214077,17.00895536],[81.73018885,17.02363312],[81.72079396,17.05662227],[81.69360614,17.08906806],[81.70409405,17.08121014],[81.70367396,17.10342348],[81.67735362,17.10953283],[81.64017618,17.20672214],[81.63822055,17.22779202],[81.65803087,17.27329802],[81.65681314,17.29984427],[81.61106956,17.33327043],[81.60201478,17.37031901],[81.61256981,17.40472352],[81.58416545,17.40559757],[81.56329012,17.43836367],[81.54105151,17.43551743],[81.52641153,17.44169736],[81.49880624,17.47984827],[81.47544444,17.46560574],[81.43986595,17.45985091],[81.40659165,17.46463692],[81.38991892,17.47220051],[81.36662567,17.49839985],[81.31813192,17.48688614],[81.30489266,17.48958003],[81.2905277,17.49954975],[81.26069963,17.5638355],[81.2605226,17.57997394],[81.28272426,17.59604871],[81.28256094,17.6347692],[81.29410195,17.65830052],[81.32675016,17.70283616],[81.36991036,17.71034193],[81.38774323,17.75390625],[81.37184036,17.70822656],[81.33070004,17.70179725],[81.29402626,17.65334046],[81.28594518,17.59603918],[81.26088715,17.57436335],[81.29282033,17.52955842],[81.29525638,17.49774253],[81.37100685,17.50098956],[81.41367364,17.46579766],[81.50012696,17.48294997],[81.53346372,17.44156146],[81.56301463,17.44215822],[81.58851385,17.40766382],[81.61423636,17.40967882],[81.61717927,17.33095563],[81.6444689,17.32575583],[81.68007195,17.30148244],[81.68064714,17.28971124],[81.65959597,17.26717937],[81.66723931,17.2265625],[81.66324341,17.19150662],[81.65861404,17.18620801],[81.67168558,17.13532352],[81.68287003,17.11346138],[81.70591295,17.10626101],[81.71257424,17.09328747],[81.72204578,17.11354566],[81.70398307,17.12992907],[81.70636845,17.14131367],[81.73606217,17.10222936],[81.73669076,17.08199322],[81.73014533,17.07269096],[81.74877715,17.05432355],[81.75333524,17.04189086],[81.76007044,17.03930998],[81.75337708,17.06793904],[81.78042543,16.98230088],[81.79192925,16.89469755],[81.80755115,16.87492061],[81.80889785,16.85369945],[81.83187127,16.82405984],[81.83462465,16.80620813],[81.92701411,16.73220992],[82.01269305,16.7201966],[82.06186104,16.68085492],[82.08115256,16.71862686],[82.09453845,16.72572005],[82.11863935,16.71519363],[82.13039935,16.7211349],[82.19033134,16.72924435],[82.29408884,16.70817673],[82.31198275,16.73313224],[82.34287071,16.73826361],[82.36582148,16.90196514],[82.35796595,16.96346474],[82.32520115,16.98950565],[82.35938013,16.94395483],[82.35462308,16.85147965],[82.32580471,16.85521936],[82.31197155,16.84027433],[82.30255353,16.86392355],[82.25645244,16.88647902],[82.24907255,16.92997944],[82.27181315,16.94038165],[82.29763687,17.03252065],[82.36866248,17.11840785],[82.36752474,17.10593796],[82.60799766,17.29609716],[83.21302831,17.59086502],[83.23825347,17.61177862],[83.23568881,17.62894845],[83.2952584,17.67489934],[83.26366091,17.71063638],[83.27230275,17.71184134],[83.28281605,17.68917108],[83.30634463,17.68803465],[83.34449208,17.72497761],[83.34909475,17.75038195],[83.41018617,17.81062186],[83.4100455,17.84338391],[83.45428085,17.88712931],[83.45798814,17.92085242],[83.46015251,17.90452886],[83.52946627,17.94924808],[83.57281387,18.01799858],[83.71132815,18.10944927],[84.12463605,18.30916214],[84.12613094,18.35169744],[84.35627306,18.55663955],[84.33923113,18.55066335],[84.44101572,18.66415083],[84.46612942,18.71316957],[84.55361342,18.79190564],[84.58287478,18.87605274],[84.68291676,18.96682537],[84.66397202,18.96161735],[84.68765783,18.97259355],[84.78342176,19.1100949],[84.75096893,19.08209491],[84.72284365,19.08972847],[84.70364332,19.12071443],[84.74414206,19.14458394],[84.7265625,19.09626114],[84.74606323,19.11749375],[84.77750242,19.1098634],[84.91257834,19.25961781],[84.90596795,19.26346266],[84.90600181,19.26945281],[84.91889226,19.26465631],[85.06609154,19.3656249],[85.05461371,19.36560035],[85.04796016,19.36749601],[85.04422033,19.37060785],[85.010517,19.41811585],[85.06671226,19.37169313],[85.14038634,19.44413626],[85.33753765,19.57974756],[85.66363478,19.73886764],[85.90832794,19.81805897],[85.90491176,19.83221865],[85.9104557,19.82067835],[86.09499681,19.85968506],[86.22818506,19.90106952],[86.20783126,19.90492475],[86.22257912,19.92546976],[86.22794604,19.90370524],[86.24158812,19.92186916],[86.24788535,19.9114058],[86.36443722,19.95359528],[86.34334123,19.96924055],[86.32866621,19.95477605],[86.31696165,19.94953012],[86.34112382,19.97173512],[86.30298114,19.9833678],[86.32172287,19.98415995],[86.29449356,20.02454007],[86.26542652,20.01710165],[86.22318423,20.02597725],[86.17277086,20.06532216],[86.14917564,20.11874723],[86.15896904,20.17024207],[86.12405884,20.16804504],[86.09198761,20.18045747],[86.03913164,20.20452011],[86.02576935,20.22559643],[86.01298034,20.25677097],[86.03284395,20.29903364],[86.02075601,20.339661],[86.0257833,20.35720456],[85.95724106,20.36331344],[85.94603157,20.38313127],[85.91451073,20.39131176],[85.90690374,20.39583206],[85.9012295,20.42061806],[85.91107607,20.39388025],[85.95280182,20.38203585],[85.95807612,20.36439192],[86.02827954,20.35869634],[86.04004574,20.28248322],[86.06191874,20.26802015],[86.07323313,20.24947202],[86.14914012,20.21693635],[86.14878654,20.18211865],[86.16527784,20.17016828],[86.16657507,20.15968132],[86.15054548,20.11882985],[86.17932105,20.06197286],[86.22916281,20.02767503],[86.25049615,20.05562592],[86.2687875,20.0626924],[86.28708828,20.04980028],[86.29036152,20.06074154],[86.32530057,20.03336465],[86.34922695,19.98133743],[86.37508154,19.9804002],[86.38187563,19.99527085],[86.38689196,19.97601128],[86.40770161,19.99534714],[86.41254926,20.00995803],[86.40732777,20.01942706],[86.41173744,20.03652442],[86.42699182,20.04950595],[86.41196454,20.05533087],[86.43701684,20.06089056],[86.55899417,20.20048535],[86.50367415,20.16419291],[86.48858643,20.12093747],[86.48838854,20.13964951],[86.47441792,20.14077616],[86.48820364,20.16665947],[86.46906698,20.1462115],[86.46446514,20.14652038],[86.46195757,20.14949405],[86.45916843,20.15786386],[86.4600507,20.16190612],[86.46898425,20.14758182],[86.49759257,20.19017208],[86.51034975,20.17754435],[86.55341995,20.20993483],[86.63458705,20.24396753],[86.60603118,20.24750996],[86.58082116,20.26670492],[86.57676208,20.27485824],[86.63623178,20.24492741],[86.68018723,20.25865924],[86.66652834,20.27339101],[86.67099833,20.28201663],[86.6799885,20.26351512],[86.71746862,20.29234707],[86.69360316,20.28490674],[86.68469417,20.28487706],[86.70357847,20.29138994],[86.60802877,20.33921325],[86.55770063,20.32204545],[86.53749073,20.32688797],[86.52342987,20.33992457],[86.50490677,20.32873642],[86.48574591,20.32974863],[86.51940286,20.34200525],[86.5577507,20.32468045],[86.57134295,20.33700216],[86.59764731,20.34241641],[86.61033463,20.34197175],[86.59267151,20.36208534],[86.59148121,20.38267267],[86.59385216,20.39359295],[86.57577205,20.40406191],[86.56321096,20.39181542],[86.49850285,20.38858175],[86.49271035,20.39280331],[86.49644494,20.4053688],[86.46577108,20.41353285],[86.42139184,20.45197773],[86.41139007,20.4470458],[86.39853013,20.44983482],[86.39286292,20.44338882],[86.38710546,20.44230402],[86.36058486,20.46101296],[86.35048544,20.45459247],[86.34361732,20.46202445],[86.33900261,20.45371294],[86.32883596,20.45340395],[86.29085362,20.47041965],[86.23113525,20.45304656],[86.20313621,20.44900048],[86.12242782,20.45488322],[86.09343851,20.46674764],[86.05088317,20.44817805],[86.09426916,20.43200982],[86.11667895,20.41017473],[86.05059743,20.44601381],[86.02372026,20.43636036],[85.98349595,20.44560575],[85.93851018,20.46543777],[85.90975487,20.49266315],[86.03042614,20.44239867],[86.06003594,20.46582901],[86.09174323,20.47006691],[86.17195916,20.45207596],[86.28924441,20.47237706],[86.34091175,20.47150993],[86.34833252,20.47009337],[86.35265064,20.46428573],[86.36894691,20.46755624],[86.41570592,20.45570648],[86.44969511,20.43970263],[86.47056615,20.41273773],[86.49920535,20.40744674],[86.51664126,20.41816616],[86.54864967,20.4159286],[86.56979144,20.41094506],[86.57528508,20.40600717],[86.59027755,20.40296328],[86.59742975,20.39637744],[86.60151267,20.38642478],[86.59597123,20.36504066],[86.61712563,20.33799887],[86.67294312,20.32928026],[86.70809865,20.29759717],[86.77045035,20.33246064],[86.78945935,20.35924017],[86.78721762,20.37118065],[86.77775943,20.35515726],[86.78527725,20.37723637],[86.76407576,20.36564195],[86.78031802,20.390625],[86.74024105,20.39387536],[86.74468505,20.40588975],[86.72819793,20.39464355],[86.71569073,20.39343512],[86.70452118,20.41040564],[86.70509505,20.41926146],[86.69049001,20.40798605],[86.68510103,20.41331005],[86.69066775,20.42712355],[86.66328561,20.42706084],[86.66333878,20.43114376],[86.66971803,20.44171214],[86.66356516,20.43546402],[86.65811944,20.43613005],[86.65044332,20.44750083],[86.65187216,20.45414603],[86.64017284,20.44518757],[86.63191485,20.44592345],[86.63527775,20.43726635],[86.62584901,20.43295145],[86.63176215,20.44707465],[86.65241504,20.45551026],[86.66042137,20.43629885],[86.6653645,20.44361007],[86.66923654,20.44361007],[86.67169786,20.44070625],[86.66443706,20.42782176],[86.69497752,20.42741656],[86.68880415,20.4107244],[86.70451987,20.42152286],[86.72725213,20.39871037],[86.73383343,20.47873127],[86.74390388,20.46891761],[86.75639784,20.50063765],[86.73656654,20.51992762],[86.70812356,20.56640625],[86.71249485,20.59524417],[86.73024344,20.60455811],[86.72483838,20.6134305],[86.72563016,20.62176526],[86.73324931,20.64251733],[86.74501514,20.64856112],[86.74372566,20.66040683],[86.70495045,20.63533163],[86.68203056,20.64338291],[86.67589676,20.63622296],[86.67111552,20.6083498],[86.66686106,20.60442543],[86.61231971,20.60677755],[86.62301934,20.5857867],[86.61660266,20.57433701],[86.60252476,20.56564271],[86.59774935,20.5695852],[86.58675587,20.60117567],[86.55432105,20.62381113],[86.54265451,20.60250402],[86.53188193,20.5988456],[86.49585986,20.61629534],[86.46895635,20.60386145],[86.44996321,20.60103393],[86.43815923,20.60626805],[86.41868007,20.62365425],[86.40676534,20.62604606],[86.37938356,20.59775662],[86.37131035,20.59478521],[86.32873333,20.60717964],[86.28383815,20.64671504],[86.26638055,20.67223585],[86.26929927,20.67942643],[86.2569139,20.67287385],[86.23291945,20.68939531],[86.22995412,20.69581926],[86.23978555,20.70813155],[86.22856534,20.71267176],[86.19394136,20.73867774],[86.18899596,20.76082587],[86.19331765,20.77689898],[86.1893779,20.78310657],[86.16317856,20.79723215],[86.13606524,20.7825042],[86.15793037,20.79939854],[86.16876483,20.79749012],[86.19177222,20.78311384],[86.19488215,20.77615654],[86.19067967,20.76108456],[86.19582605,20.73987305],[86.24331474,20.70878911],[86.23246825,20.69239771],[86.27033353,20.68105352],[86.32837915,20.6092025],[86.37203252,20.59829402],[86.40329528,20.63005066],[86.42151892,20.62551284],[86.45088267,20.60298896],[86.49203253,20.61807156],[86.51150894,20.61956525],[86.53409421,20.59997451],[86.55510688,20.62498546],[86.56449783,20.62231624],[86.58854222,20.60172713],[86.60544002,20.56772721],[86.62026513,20.58937943],[86.60900664,20.60818434],[86.65964615,20.60940313],[86.67467916,20.64251947],[86.68342376,20.64529586],[86.70958352,20.63921118],[86.72076404,20.65898848],[86.74604642,20.66130185],[86.7395792,20.67014945],[86.68971205,20.68249762],[86.67513204,20.70058525],[86.62574482,20.68557632],[86.61472642,20.68782222],[86.59601438,20.70053804],[86.58810556,20.69110513],[86.58445954,20.69021034],[86.57663703,20.69693851],[86.57718456,20.7009201],[86.58060205,20.70620668],[86.56319034,20.71895885],[86.54192603,20.69278264],[86.52472484,20.68934345],[86.51512885,20.69867241],[86.51186228,20.68645108],[86.48774493,20.67832136],[86.42473853,20.68457961],[86.42067754,20.69068265],[86.42718983,20.70461297],[86.39663315,20.72031105],[86.39267695,20.72533405],[86.39123344,20.73421872],[86.37935913,20.73165858],[86.33983004,20.74807036],[86.33013654,20.75605905],[86.32910705,20.77224803],[86.32751071,20.77370453],[86.31806397,20.7745831],[86.31329632,20.77650535],[86.30444753,20.78504646],[86.30318975,20.79256427],[86.29913735,20.7942965],[86.29133904,20.78416276],[86.30947435,20.77058947],[86.29668725,20.77297831],[86.27019298,20.80650306],[86.26526773,20.82824016],[86.21983421,20.82420397],[86.19438195,20.85651815],[86.19350851,20.86499107],[86.17899215,20.8531903],[86.16104794,20.85426557],[86.14564264,20.86859596],[86.14020038,20.88118935],[86.12959194,20.87850952],[86.10298455,20.89053786],[86.08298004,20.88200402],[86.06068814,20.88542461],[86.05262041,20.87675047],[85.98734593,20.88621175],[85.95640326,20.84644365],[85.91420495,20.83680403],[85.89351726,20.84007835],[85.8545593,20.86070907],[85.81013727,20.86108875],[85.78599155,20.87762904],[85.76685643,20.87060964],[85.75983763,20.87446785],[85.75300467,20.8659991],[85.73714483,20.86750305],[85.69878125,20.82452714],[85.62624443,20.80603647],[85.60622656,20.74926984],[85.57969737,20.74051344],[85.51974034,20.74607718],[85.48264635,20.7704252],[85.4296875,20.77901781],[85.40646684,20.8003267],[85.36928976,20.80168712],[85.32865965,20.81817091],[85.31619,20.82423234],[85.29886007,20.84475744],[85.28466773,20.85088992],[85.28931046,20.88348794],[85.24903464,20.89306045],[85.23990965,20.90530515],[85.23734212,20.96404946],[85.25462127,20.98869967],[85.16882515,21.04356003],[85.15503573,21.07279468],[85.10802102,21.06965244],[85.10231924,21.09282923],[85.15215981,21.14747691],[85.12516105,21.18432224],[85.09697211,21.18160105],[85.06330204,21.19317567],[85.05932665,21.19794416],[85.06021798,21.22366464],[85.04852593,21.22788358],[85.02900934,21.26511085],[85.06336248,21.22449505],[85.06328905,21.19623005],[85.12398744,21.18944573],[85.14057314,21.17675626],[85.15607834,21.15125513],[85.15230334,21.13052344],[85.11399865,21.09444737],[85.1113559,21.07547486],[85.15393674,21.07710385],[85.16735494,21.04885435],[85.21299362,21.02953815],[85.24889386,21.00173151],[85.25994074,20.98379183],[85.23959637,20.96092582],[85.24498415,20.90248334],[85.28916466,20.88673866],[85.31540132,20.82771885],[85.36507642,20.80611312],[85.40340626,20.80405128],[85.44208753,20.77970445],[85.48176181,20.77882814],[85.51757145,20.75163817],[85.57825196,20.74545026],[85.60764527,20.75560272],[85.6138252,20.80224717],[85.64190567,20.82434964],[85.66881955,20.82873476],[85.69585037,20.82626045],[85.70250082,20.84070265],[85.72867322,20.86647177],[85.75744593,20.87760532],[85.78413355,20.88039207],[85.81816495,20.86135638],[85.85209811,20.86410427],[85.9098438,20.83987296],[85.95096803,20.84651053],[85.98402321,20.88927555],[86.05029535,20.87949371],[86.05983365,20.88705635],[86.10219288,20.89238465],[86.13992441,20.88268673],[86.16459262,20.85466182],[86.19359672,20.86656666],[86.22277665,20.82470715],[86.26541364,20.83088565],[86.29005837,20.78964043],[86.30010986,20.79540706],[86.33376086,20.77248776],[86.33467531,20.75424457],[86.39258456,20.73516715],[86.42654753,20.71130836],[86.42892683,20.70103145],[86.42555511,20.68614316],[86.48983097,20.68073285],[86.51386476,20.6994338],[86.54132998,20.69417775],[86.56116593,20.72011554],[86.56824255,20.71844137],[86.58142126,20.70809317],[86.59386504,20.71760344],[86.60097945,20.71563137],[86.60628045,20.71012044],[86.60682595,20.69656813],[86.62079775,20.68864596],[86.65796483,20.70311618],[86.67785955,20.70281363],[86.69477463,20.68328476],[86.71856737,20.68607545],[86.74077153,20.67679822],[86.75191987,20.65694737],[86.74484146,20.63260877],[86.75619304,20.61607933],[86.82738531,20.77136481],[86.88169253,20.79718351],[86.95814776,20.78488886],[86.97020388,20.82330585],[86.89802825,20.9982537],[86.84384322,21.08156335],[86.81851304,21.17810893],[86.91090465,21.34021914],[86.98054874,21.41021371],[87.06359112,21.46430397],[87.04910266,21.47537172],[87.04228985,21.46487284],[87.02906501,21.46475017],[87.02531636,21.46674895],[87.02260137,21.47137225],[87.02161574,21.48151112],[87.0129348,21.48832655],[86.99128056,21.48635232],[86.98363078,21.49703586],[86.98963976,21.50818431],[86.98273468,21.50432575],[86.98140216,21.48790693],[86.97927678,21.48551452],[86.97493374,21.48577261],[86.96644044,21.49629974],[86.95691645,21.48501575],[86.95341241,21.48525226],[86.93792784,21.50834811],[86.93787146,21.51154494],[86.93935692,21.51395404],[86.947806,21.51716292],[86.94654202,21.52734756],[86.93412054,21.52141082],[86.92671633,21.52025843],[86.92395532,21.52276075],[86.92502391,21.53042543],[86.92677736,21.53372884],[86.93933821,21.54003894],[86.91914904,21.53768945],[86.90843928,21.56342161],[86.92070591,21.53839743],[86.93990982,21.54167044],[86.93753743,21.53380561],[86.92605603,21.53120303],[86.92451405,21.52333951],[86.92838061,21.52069151],[86.94545054,21.52798855],[86.9472897,21.52709115],[86.94854927,21.51650846],[86.93875241,21.50795662],[86.95404923,21.48578024],[86.96496356,21.49773872],[86.97884536,21.48647463],[86.98043036,21.50293005],[86.98979235,21.50947857],[86.99206877,21.48771966],[87.014135,21.48946524],[87.02340615,21.48200405],[87.02567112,21.46814156],[87.03524578,21.46571016],[87.04767346,21.47697485],[87.07397962,21.47127593],[87.09807324,21.49201298],[87.11490917,21.51161742],[87.10094142,21.52021277],[87.1013478,21.52950776],[87.10493314,21.51872134],[87.12310457,21.52148426],[87.12964201,21.51296997],[87.2006675,21.54813302],[87.39103103,21.55010343],[87.33606482,21.57595718],[87.31127703,21.57010615],[87.30261993,21.57377887],[87.29884148,21.58275616],[87.29872394,21.58935964],[87.30161977,21.59671175],[87.31277633,21.60750532],[87.33151174,21.60825884],[87.34301615,21.63267302],[87.30019975,21.66708815],[87.30717206,21.69101977],[87.28484225,21.67808914],[87.24126935,21.68529773],[87.22370052,21.71341872],[87.21047664,21.71264112],[87.19533837,21.71884096],[87.20945287,21.74726713],[87.17416465,21.74974954],[87.16362286,21.76253533],[87.15901041,21.77501154],[87.16326535,21.78836966],[87.17699206,21.796875],[87.20483768,21.79579055],[87.21098924,21.84613061],[87.22526336,21.85884655],[87.24602807,21.85807943],[87.24969184,21.87677062],[87.23325932,21.90038276],[87.24335682,21.92784643],[87.21880507,21.96521962],[87.20568371,21.9997617],[87.20311975,22.03212166],[87.14711142,22.07621455],[87.17651308,22.06163383],[87.19883394,22.03982616],[87.21033597,22.02326143],[87.2519021,21.92660475],[87.24051106,21.9052726],[87.25516331,21.87252283],[87.24587071,21.85474956],[87.2127912,21.84358847],[87.21700156,21.80238247],[87.20293975,21.79160476],[87.17149186,21.78652167],[87.16501486,21.76526546],[87.21342695,21.75310206],[87.20316827,21.72004914],[87.22735024,21.71509326],[87.24145305,21.69294572],[87.31123245,21.69373226],[87.30700827,21.67135322],[87.34418571,21.64740884],[87.3474313,21.62811077],[87.33274841,21.60671103],[87.31091344,21.59570813],[87.30967402,21.58625245],[87.40416706,21.55620956],[87.46336293,21.60625374],[87.64375055,21.66000295],[87.64973724,21.64874613],[87.68167603,21.65516305],[87.73961568,21.67832434],[87.75302982,21.69940805],[87.80431068,21.70238018],[87.89418995,21.78316855],[87.87623346,21.80041647],[87.86936867,21.82012951],[87.87010813,21.84781778],[87.87983942,21.85828161],[87.8758198,21.87009251],[87.88190341,21.85996187],[87.87233031,21.8176465],[87.89850175,21.78938794],[87.92889225,21.80023825],[87.97573376,21.85107207],[88.05234551,22.01441932],[87.98180735,22.09859455],[87.95373845,22.09796464],[87.93206406,22.11763012],[87.87914705,22.1398319],[87.85006881,22.16265285],[87.82963145,22.16157985],[87.82658243,22.16631567],[87.85289598,22.16458821],[87.93207681,22.12124562],[87.95669436,22.09991992],[87.99133086,22.10290587],[88.03206205,22.06365037],[88.03358173,22.05739486],[88.02739406,22.04707873],[88.0619328,22.01331735],[88.18647146,22.09505761],[88.19341016,22.11259961],[88.13539314,22.1846807],[88.07518637,22.18674994],[88.03450727,22.20943117],[88.00798905,22.20165515],[87.98156035,22.21566093],[87.94021487,22.2599678],[87.93072605,22.33328676],[87.93625772,22.31692195],[87.94211054,22.36607242],[87.92883694,22.40444636],[87.89435947,22.42360938],[87.87407374,22.44826853],[87.89221132,22.47624385],[87.88316286,22.49212742],[87.89130592,22.51966882],[87.86406755,22.53226292],[87.84328938,22.55762684],[87.85226822,22.5980401],[87.84572065,22.55563486],[87.89134455,22.52647781],[87.90292513,22.48785961],[87.90269876,22.48260784],[87.89570963,22.47139275],[87.88221395,22.45563924],[87.88144886,22.44539321],[87.92327213,22.43465555],[87.94906175,22.39950526],[87.96178102,22.27743435],[87.99397314,22.23829257],[88.04819107,22.21992576],[88.08995521,22.30542874],[88.08936214,22.37158716],[88.13753223,22.41476083],[88.11462581,22.46803582],[88.23719776,22.52772331],[88.23893595,22.56321478],[88.31719875,22.55152905],[88.34402561,22.58166122],[88.36141324,22.62150288],[88.35009491,22.65660048],[88.35825884,22.73664796],[88.32993972,22.78114057],[88.35544491,22.82611752],[88.37303793,22.83305025],[88.37198806,22.86100245],[88.40418136,22.88802028],[88.3985157,22.91868556],[88.40684211,22.99658895],[88.42612696,23.02419114],[88.42152822,23.01496494],[88.44139624,23.02110815],[88.46531343,23.07968795],[88.48473597,23.06895328],[88.51062977,23.1119138],[88.50200844,23.12421322],[88.47115207,23.12464964],[88.45448113,23.12940705],[88.44837785,23.13466465],[88.44712067,23.17435324],[88.47337985,23.19771492],[88.46946096,23.21920657],[88.41042948,23.20706904],[88.36262166,23.22795618],[88.32907355,23.26680303],[88.34745824,23.29785228],[88.32587945,23.34379184],[88.32918155,23.35424686],[88.33827615,23.35610116],[88.37798882,23.33226717],[88.35576642,23.35086393],[88.35459566,23.36249685],[88.38270664,23.42181313],[88.36788344,23.43005645],[88.34765875,23.48149741],[88.35341132,23.49036825],[88.37189925,23.48847795],[88.37408733,23.50320393],[88.37536561,23.48771214],[88.34947991,23.48292565],[88.37594664,23.45798743],[88.37094724,23.43152654],[88.38677645,23.42422175],[88.35795414,23.36059213],[88.38142085,23.33217442],[88.36835301,23.32833803],[88.33056545,23.35144413],[88.3565917,23.30294526],[88.33210397,23.26666641],[88.37015927,23.22714996],[88.41722286,23.20987928],[88.44912505,23.226812],[88.47311425,23.22230816],[88.47915614,23.20277941],[88.45274925,23.17229283],[88.45314884,23.13222933],[88.50335383,23.13194585],[88.51424944,23.10981238],[88.48929501,23.06755543],[88.46527994,23.07466137],[88.45668423,23.03460681],[88.4456259,23.01691604],[88.41218352,22.99994111],[88.41183805,22.88512003],[88.37515175,22.85923433],[88.37877774,22.83052814],[88.33415115,22.78096604],[88.36579192,22.74650443],[88.35585046,22.66063595],[88.36771393,22.60879564],[88.32353342,22.54998374],[88.24450445,22.55762267],[88.23877156,22.5193789],[88.12257862,22.46584678],[88.14597535,22.40840924],[88.10704827,22.37508023],[88.10462797,22.29454172],[88.06989872,22.21157944],[88.17607307,22.19399512],[88.20731413,22.15804183],[88.22409594,22.07756567],[88.20813251,22.02305114],[88.15368187,21.95886362],[88.17720532,21.92548871],[88.1635344,21.87907875],[88.21721721,21.76438737],[88.27338004,21.75511873],[88.27246058,21.73087144],[88.28250575,21.75793636],[88.26950777,21.76576436],[88.25461662,21.78283024],[88.25180292,21.80203676],[88.28192461,21.76126754],[88.26334655,21.78846836],[88.25844526,21.80071223],[88.25937176,21.80866873],[88.26389825,21.81407583],[88.27690554,21.82165754],[88.30608141,21.83046865],[88.31392395,21.84604013],[88.25973904,21.85804451],[88.25540865,21.86342072],[88.25514233,21.87120163],[88.26372993,21.88169587],[88.26141346,21.85874653],[88.30034065,21.86127901],[88.30959535,21.87717652],[88.3108294,21.85555911],[88.32544208,21.86208534],[88.33643305,21.86153567],[88.34378171,21.85728455],[88.3537811,21.85723364],[88.36925912,21.89784944],[88.35794544,21.92298031],[88.37048507,21.89901245],[88.35459912,21.82325721],[88.3639158,21.79756796],[88.39069664,21.79867804],[88.38584912,21.83939564],[88.39745355,21.88493335],[88.38464713,21.89494956],[88.3828907,21.90037405],[88.38623476,21.90702665],[88.40619755,21.91978502],[88.39295185,21.93644726],[88.39824903,21.95192623],[88.37382066,21.96305954],[88.37303603,21.9664489],[88.37461221,21.96901381],[88.39427686,21.97100866],[88.37393034,21.96549201],[88.39870524,21.95345116],[88.4077208,21.9187057],[88.3848021,21.89868033],[88.40878236,21.88525295],[88.41966391,21.90647948],[88.45862043,21.91915238],[88.45146561,21.94186175],[88.46897101,21.95730197],[88.44522715,21.96430194],[88.44182766,21.99105167],[88.45019603,22.00905704],[88.46085274,22.01142871],[88.44599295,21.96613455],[88.47010112,21.95904374],[88.46822393,21.95258117],[88.45290256,21.93937898],[88.46210766,21.92280793],[88.45572162,21.89969206],[88.47433293,21.89568114],[88.47714341,21.90434325],[88.48347831,21.91005325],[88.52140105,21.91671944],[88.52009332,21.94157481],[88.49531543,21.95489764],[88.49100792,21.9605062],[88.49131691,21.96607864],[88.50025332,21.97869003],[88.52052927,21.98939025],[88.54231203,21.98235643],[88.55447376,22.03547752],[88.54270995,21.98107946],[88.51997566,21.98831892],[88.49454045,21.96871352],[88.49413466,21.95860636],[88.51877987,21.9453125],[88.52546334,21.92866504],[88.52184713,21.91387296],[88.49429083,21.87848771],[88.52803314,21.85329556],[88.54806852,21.88130891],[88.53903091,21.90033293],[88.54067123,21.90390456],[88.54493475,21.90617967],[88.56118071,21.89902496],[88.57027543,21.90312076],[88.54926348,21.92038774],[88.54093862,21.95950866],[88.54244041,21.97003627],[88.54788101,21.97402132],[88.55859375,21.97265625],[88.56792617,21.95869327],[88.54390192,21.97060835],[88.55055392,21.92098093],[88.57218146,21.90741384],[88.57900643,21.92420936],[88.58611965,21.92798698],[88.57832527,21.88951576],[88.60652614,21.91301894],[88.60141754,21.93521154],[88.61500514,21.9366765],[88.59872055,21.97477305],[88.61455286,22.01969266],[88.60261905,22.02122796],[88.59947932,22.02533782],[88.59619057,22.06598961],[88.60474706,22.02301264],[88.63674784,22.04457152],[88.62738943,22.05421984],[88.62020314,22.10424924],[88.60692024,22.10753381],[88.59758091,22.13012564],[88.60335541,22.15948141],[88.58384788,22.16676855],[88.57282805,22.18898284],[88.57743931,22.19839776],[88.58311534,22.16923344],[88.60425103,22.16028595],[88.59891045,22.12979305],[88.61868608,22.10878623],[88.67200315,22.19918835],[88.63764703,22.20900154],[88.63088107,22.22201204],[88.6788491,22.29345095],[88.66629052,22.33905447],[88.69056356,22.32617605],[88.67900455,22.32324207],[88.6849966,22.29397607],[88.63473845,22.21748495],[88.70046592,22.20988691],[88.73371577,22.19567287],[88.74026656,22.21483123],[88.74614775,22.20217037],[88.74363315,22.22930396],[88.77242565,22.25121248],[88.78641427,22.25899637],[88.79067993,22.25950694],[88.79319394,22.27681756],[88.80461884,22.28308582],[88.80276406,22.32944345],[88.81130934,22.34558225],[88.79512584,22.34410357],[88.78971124,22.3485105],[88.81117654,22.3471328],[88.81937134,22.36384845],[88.84951985,22.36432302],[88.87023675,22.35912526],[88.87622201,22.35533762],[88.87525725,22.35758412],[88.86148393,22.36431181],[88.84629834,22.38796711],[88.84780204,22.43087506],[88.81920123,22.43023145],[88.8026098,22.44310355],[88.80035782,22.45800602],[88.77981496,22.49226093],[88.77725446,22.50692594],[88.73329234,22.50996506],[88.70796573,22.52770126],[88.6916579,22.52234006],[88.67439485,22.53828645],[88.68112946,22.54317534],[88.67289102,22.54885054],[88.67175055,22.55620384],[88.67767274,22.59385765],[88.67356241,22.54993916],[88.68218565,22.54369247],[88.68190086,22.53811073],[88.69105232,22.53404653],[88.69085252,22.52399552],[88.70155835,22.53062296],[88.70099461,22.52568913],[88.70982432,22.52900314],[88.73393071,22.51092672],[88.76908922,22.51356506],[88.77221048,22.51816714],[88.78270733,22.52421296],[88.76453233,22.52769756],[88.77004611,22.53021967],[88.76442921,22.53415775],[88.76112866,22.54990721],[88.76654732,22.56084454],[88.76594985,22.53416622],[88.78406584,22.52492201],[88.77165103,22.51327515],[88.79214466,22.5],[88.81234574,22.48005021],[88.82975304,22.44695854],[88.82442391,22.43600142],[88.85262775,22.43278456],[88.85100341,22.47518158],[88.85680795,22.47518837],[88.85760415,22.48346686],[88.86502886,22.48775935],[88.84490025,22.50058401],[88.84293664,22.50821805],[88.85519254,22.51049864],[88.85835993,22.51862192],[88.86685383,22.52303791],[88.8658787,22.54282916],[88.86921501,22.54563582],[88.89658773,22.56327164],[88.93760848,22.57034385],[88.93701065,22.59419644],[88.95784926,22.61716497],[88.93885613,22.6158545],[88.93253422,22.61833286],[88.90906894,22.67578125],[88.88262951,22.66552103],[88.86343586,22.66381025],[88.86146295,22.69332826],[88.84712458,22.69180274],[88.84692156,22.70678616],[88.80810547,22.71047485],[88.80598974,22.73450756],[88.80833018,22.75288725],[88.83517647,22.74663734],[88.83998096,22.73553991],[88.84687507,22.74973345],[88.83258462,22.75365925],[88.84597802,22.75217986],[88.84841228,22.74929082],[88.84050095,22.7348814],[88.80947387,22.75114405],[88.80919135,22.71074224],[88.84799695,22.7089715],[88.84942746,22.69323695],[88.86396432,22.69405675],[88.86443126,22.66477764],[88.91134155,22.67679727],[88.93373701,22.61957756],[88.95916198,22.61743948],[88.93939897,22.5680676],[88.92677892,22.56496984],[88.96106156,22.54935371],[88.9970654,22.46995393],[89.00049957,22.4296167],[88.98201529,22.41582436],[88.97241356,22.41119967],[88.97496025,22.40508788],[88.99477552,22.3910793],[88.99597538,22.38939369],[88.9966182,22.3870922],[88.99619883,22.38560095],[88.99497472,22.38430473],[88.98407779,22.3760966],[88.99005746,22.36410193],[88.98498886,22.32597806],[89.00094834,22.32335606],[89.01054996,22.31474506],[89.01695346,22.3055257],[89.02348927,22.30010925],[89.02475219,22.29617532],[89.02154684,22.29374285],[89.00018858,22.29662578],[88.99532075,22.28594455],[89.01908734,22.26915286],[89.01566029,22.25378063],[89.029311,22.25914527],[89.03386629,22.25811643],[89.04162155,22.22594833],[89.07198522,22.19566675],[89.07002943,22.15024663],[89.09070104,22.15987917],[89.09850797,22.15557036],[89.0926427,22.1431874],[89.05593368,22.12194455],[89.04012976,22.09802463],[89.08646766,21.98050412],[89.06973128,21.92418461],[89.02788112,21.92014466],[89.02018742,21.88948207],[89.04531681,21.85186253],[89.03006229,21.78511942],[89.0944627,21.70136298],[89.15001341,21.66609712],[89.23236111,21.12911111],[89.37354885,18.00904909],[89.28405038,17.97400805],[88.7590395,17.48948988],[88.46278596,17.25715766],[86.9104249,16.2714466],[86.46488043,15.82817615],[85.65072635,15.18511587],[84.90446566,14.34615416],[84.63269451,14.08211683],[84.21950975,13.77329222],[83.76414436,13.52628631],[83.76445841,13.14136871],[83.7179631,12.73224958],[83.56957403,11.99564659],[83.40247228,11.44882481],[82.40666667,11.26666667],[81.93333333,11.045],[81.04166667,10.695],[80.76666667,10.55],[80.08333333,10.09666667],[79.58333333,9.95],[79.37666667,9.66916667],[79.51166667,9.36333333],[79.53333333,9.21666667],[79.52166667,9.0],[79.48833333,8.89666667],[79.30333333,8.66666667],[79.07833333,8.52],[78.92333333,8.37],[78.76166667,7.58833333],[78.20333333,6.51333333],[77.845,5.89833333],[77.02333333,4.79],[76.72083333,5.09305556],[75.69277778,6.47055556],[75.42944444,6.85166667],[75.27194444,7.2575],[74.93583333,7.85833333],[73.32722222,7.65055556],[72.70722222,7.715],[70.25222222,8.09388889],[69.47833932,7.93337053],[69.15729076,8.63963624],[69.04607022,8.9137191],[68.96407767,9.17835844],[68.72627887,10.27107428],[68.51681394,10.85049594],[68.40416057,11.23820751],[68.32878093,11.73108675],[68.32754952,12.22013436],[68.37540084,12.59066964],[68.46444877,12.95153289],[68.67948355,13.60303939],[68.89121516,14.04470739],[69.12358137,14.39512796],[69.4028895,14.71848983],[69.71274217,14.99904631],[70.06329272,15.24431897],[69.90513185,15.9075698],[69.82491999,16.4462092],[69.74189836,16.79582497],[69.5687199,17.30172598],[69.49048655,17.58093997],[68.99476863,17.79303669],[68.55966095,18.01855997],[68.09910393,18.32177684],[67.67486912,18.66554377],[67.21246694,19.13238594],[66.65087256,19.63687391],[66.18888525,20.12455893],[65.88131364,20.53286087],[65.6391495,20.98033993],[67.16814325,22.25108157],[67.47056478,22.71384825],[67.71381102,23.23003541],[68.11152128,23.6363393],[68.1826982,23.6785452],[68.17882379,23.72985269],[68.20598738,23.78462716],[68.20883788,23.87581283],[68.25036452,23.89268927],[68.28109532,23.93005781],[68.33207344,23.92435084],[68.34045088,23.96516913],[68.36698744,23.98759034],[68.37693153,23.99003632],[68.39479244,23.9651885]],[[68.23361635,23.84252727],[68.25147843,23.86202836],[68.25066233,23.87952626],[68.21384323,23.86189735],[68.23361635,23.84252727]],[[68.21642292,23.75611246],[68.22409105,23.76375151],[68.21638691,23.77930415],[68.21473193,23.76844311],[68.21642292,23.75611246]],[[68.30519354,23.67977965],[68.23138285,23.6432054],[68.28110862,23.65192056],[68.31159556,23.65012801],[68.26047802,23.63983786],[68.21078086,23.64037323],[68.20421803,23.64718962],[68.18783498,23.61061513],[68.203125,23.59458697],[68.22588873,23.60660982],[68.21982682,23.59137166],[68.23311305,23.58695424],[68.25635982,23.59494996],[68.2421751,23.60588884],[68.26408601,23.60202837],[68.277776,23.63243425],[68.30686676,23.63041043],[68.31382167,23.62234366],[68.27803147,23.63089836],[68.27390444,23.61629212],[68.29289675,23.6000303],[68.27559805,23.59608972],[68.28105104,23.58249021],[68.34667611,23.5978415],[68.39563465,23.66417158],[68.41859531,23.72421086],[68.41721356,23.76003921],[68.39959514,23.75068915],[68.41749895,23.76180243],[68.42507172,23.79684305],[68.39812493,23.78462756],[68.35408652,23.80372024],[68.34893143,23.78216612],[68.33488476,23.75792301],[68.35028493,23.73198676],[68.33945131,23.74242747],[68.33395982,23.71107531],[68.31860125,23.71808541],[68.30519354,23.67977965]],[[68.27163768,23.70499313],[68.29477024,23.72311008],[68.28504276,23.73179364],[68.28596807,23.75448954],[68.29030132,23.72817135],[68.32428706,23.73425555],[68.30942977,23.82325113],[68.29052556,23.81665266],[68.29807365,23.80359757],[68.27331793,23.7911185],[68.25767434,23.71680725],[68.27163768,23.70499313]],[[68.32989204,23.78769135],[68.35583377,23.81076264],[68.40155864,23.79023087],[68.39041138,23.80972314],[68.38920164,23.83048451],[68.38026845,23.83810353],[68.39027703,23.83132923],[68.39808404,23.80005038],[68.41104901,23.79569316],[68.40680563,23.81542957],[68.41792691,23.80495906],[68.43907475,23.83604705],[68.42458272,23.86463535],[68.37812412,23.87394905],[68.37723875,23.85792065],[68.34434044,23.83910286],[68.32989204,23.78769135]],[[68.35034203,23.84610677],[68.37759292,23.87617815],[68.39344215,23.88018036],[68.41710544,23.87236094],[68.40886366,23.88491511],[68.41514266,23.89106715],[68.42927492,23.89567804],[68.41081774,23.88518214],[68.42629707,23.86450136],[68.44199264,23.87035656],[68.44431531,23.91889644],[68.45885491,23.93088067],[68.42944872,23.93402004],[68.40608406,23.91271782],[68.35319471,23.90054882],[68.35345805,23.88377738],[68.3575623,23.89338303],[68.36752224,23.89309394],[68.36760283,23.8907212],[68.35561311,23.88828921],[68.35034203,23.84610677]],[[68.45332098,23.80881202],[68.45645332,23.77352536],[68.43764031,23.73927891],[68.47723746,23.74106467],[68.46435583,23.76605427],[68.46603942,23.77539861],[68.48791337,23.7490077],[68.48785508,23.73697555],[68.50734627,23.74845576],[68.48973715,23.75933981],[68.51511824,23.75249433],[68.52218926,23.77527046],[68.49866343,23.79374015],[68.51246095,23.78843224],[68.51970935,23.81740463],[68.49019778,23.83032668],[68.45332098,23.80881202]],[[68.48695385,23.74561572],[68.48170304,23.73818135],[68.4822371,23.73592877],[68.48695385,23.74561572]],[[68.46731985,23.73964775],[68.45967233,23.7247647],[68.48737895,23.72880864],[68.46731985,23.73964775]],[[68.45065093,23.73157728],[68.44857836,23.73046875],[68.45040774,23.73046875],[68.45065093,23.73157728]],[[68.34467685,23.79480124],[68.34696496,23.78031445],[68.34959805,23.80021214],[68.34467685,23.79480124]],[[68.47405064,23.72107065],[68.47939944,23.71756637],[68.48230696,23.72067571],[68.47405064,23.72107065]],[[68.48156226,23.62318194],[68.46998251,23.61621463],[68.46826124,23.59294236],[68.47322762,23.59396553],[68.48013175,23.59099853],[68.47801435,23.60007453],[68.47966516,23.60649216],[68.48299861,23.60695267],[68.49086165,23.6038897],[68.48156226,23.62318194]],[[68.48647106,23.60354042],[68.47893775,23.60061872],[68.48174822,23.59810925],[68.48647106,23.60354042]],[[68.47970486,23.59010303],[68.46263552,23.58133185],[68.47280061,23.57820427],[68.43556273,23.55649257],[68.43068826,23.50755715],[68.44633615,23.53979301],[68.48118198,23.56112552],[68.48555768,23.5916301],[68.48096406,23.59651351],[68.48099792,23.59198463],[68.47970486,23.59010303]],[[68.48154914,23.55280256],[68.45381737,23.53763604],[68.45338202,23.52877605],[68.48154914,23.55280256]],[[68.48227775,23.54689562],[68.48319018,23.54867697],[68.48217213,23.55029023],[68.48227775,23.54689562]],[[68.47209501,23.53581774],[68.47647297,23.53275084],[68.47311914,23.53688991],[68.47209501,23.53581774]],[[68.47597826,23.52826107],[68.47179866,23.52090621],[68.47450495,23.52210581],[68.47597826,23.52826107]],[[68.46764958,23.52407646],[68.46502662,23.51538217],[68.47066164,23.52106023],[68.46764958,23.52407646]],[[68.44458866,23.57797277],[68.46744788,23.59133518],[68.46320045,23.59939384],[68.44458866,23.57797277]],[[68.44075406,23.58657217],[68.46460652,23.62259293],[68.43496203,23.61621106],[68.44075406,23.58657217]],[[68.25032616,23.58293355],[68.25498044,23.59001446],[68.24537325,23.58868027],[68.25032616,23.58293355]],[[68.22766042,23.58517587],[68.22432828,23.58410704],[68.22827363,23.584378],[68.22766042,23.58517587]],[[68.21551025,23.58715236],[68.21745956,23.58676255],[68.21560264,23.59132898],[68.21551025,23.58715236]],[[68.47897363,23.49666476],[68.47397745,23.48139298],[68.48090756,23.47771347],[68.48683846,23.48596156],[68.47897363,23.49666476]],[[68.48609173,23.48922265],[68.48958433,23.49299634],[68.48665857,23.49514043],[68.48609173,23.48922265]],[[68.5112282,23.49066913],[68.50981963,23.49257636],[68.50933671,23.49236715],[68.5112282,23.49066913]],[[68.50676537,23.49071705],[68.50845492,23.49027085],[68.50603342,23.49235976],[68.50676537,23.49071705]],[[68.49593174,23.48686755],[68.48762631,23.47322381],[68.49858785,23.48909295],[68.49593174,23.48686755]],[[68.49619496,23.47572541],[68.50046146,23.45521605],[68.50150836,23.46596503],[68.49619496,23.47572541]],[[68.50337505,23.45574033],[68.50316405,23.42916644],[68.52092421,23.43682158],[68.51374543,23.44785154],[68.52600157,23.43641675],[68.51908553,23.4487642],[68.50337505,23.45574033]],[[68.51401043,23.43041551],[68.51718688,23.43220794],[68.51428771,23.43233824],[68.51401043,23.43041551]],[[68.48456454,23.40318847],[68.48537815,23.47517085],[68.45795774,23.47846723],[68.43489444,23.44043314],[68.41756904,23.44586015],[68.41303027,23.43177784],[68.42168283,23.42029798],[68.41839635,23.43971741],[68.43040156,23.4311552],[68.44033015,23.44471776],[68.47435486,23.45975745],[68.45860255,23.41774344],[68.48456454,23.40318847]],[[68.54153121,23.40599],[68.54786265,23.41026401],[68.55003047,23.41469073],[68.54153121,23.40599]],[[68.55140591,23.40447175],[68.55627322,23.40610015],[68.55798376,23.40916598],[68.55140591,23.40447175]],[[68.55076325,23.40207851],[68.52800608,23.39185464],[68.54646921,23.39661527],[68.55577314,23.36024487],[68.56718242,23.37570751],[68.55639195,23.37876308],[68.55076325,23.40207851]],[[68.5546875,23.40262282],[68.55676818,23.4028033],[68.55301905,23.40359247],[68.5546875,23.40262282]],[[68.59810865,23.35680425],[68.56846094,23.37222755],[68.6182301,23.32807398],[68.61840642,23.35311604],[68.59810865,23.35680425]],[[68.59632492,23.35925627],[68.59735584,23.36081386],[68.59607935,23.3599869],[68.59632492,23.35925627]],[[68.62853408,23.34910405],[68.63098264,23.34461057],[68.63450301,23.34258306],[68.63160145,23.35153437],[68.62853408,23.34910405]],[[68.53583431,23.31653643],[68.50468576,23.34241915],[68.50252116,23.3237679],[68.53583431,23.31653643]],[[68.62525153,23.32581675],[68.62869835,23.32180011],[68.62892294,23.32149303],[68.6282413,23.32495844],[68.62525153,23.32581675]],[[68.6296432,23.31814218],[68.62576234,23.31217206],[68.62777436,23.31145155],[68.6296432,23.31814218]],[[68.63073528,23.31290853],[68.63430274,23.31424844],[68.63204694,23.31756437],[68.63073528,23.31290853]],[[68.63978183,23.31623673],[68.64354956,23.31798625],[68.63952315,23.318452],[68.63978183,23.31623673]],[[68.64225543,23.31394315],[68.63212001,23.31062114],[68.64627385,23.30717266],[68.64225543,23.31394315]],[[68.61843395,23.29871845],[68.60830462,23.30973744],[68.58274055,23.31570935],[68.61843395,23.29871845]],[[68.61191392,23.29614294],[68.58236373,23.30980563],[68.58868933,23.2958436],[68.57438922,23.29415226],[68.55730653,23.31342661],[68.5678246,23.28133535],[68.54126775,23.28513134],[68.54083395,23.26601112],[68.57396603,23.24489582],[68.58453834,23.25291955],[68.57289851,23.26089108],[68.61498988,23.27155125],[68.61191392,23.29614294]],[[68.62929416,23.28733146],[68.6286149,23.28991902],[68.62837064,23.28602433],[68.62929416,23.28733146]],[[68.59438145,23.26001382],[68.59768617,23.26036155],[68.59400141,23.26202631],[68.59438145,23.26001382]],[[68.63171041,23.31923413],[68.63233948,23.31904101],[68.63165104,23.32092774],[68.63171041,23.31923413]],[[68.52903914,23.34046197],[68.53268015,23.34100318],[68.52131331,23.34320176],[68.52903914,23.34046197]],[[68.56298041,23.34196734],[68.56332493,23.34491122],[68.56092322,23.34269512],[68.56298041,23.34196734]],[[68.55376685,23.34176588],[68.55553102,23.33968723],[68.556777,23.34181452],[68.55376685,23.34176588]],[[68.55088925,23.33965564],[68.54567528,23.34025133],[68.54536724,23.33908701],[68.55088925,23.33965564]],[[68.54214895,23.34159374],[68.54172027,23.337309],[68.54451478,23.33859384],[68.54214895,23.34159374]],[[68.57451844,23.35895515],[68.56971145,23.35868895],[68.57560384,23.3521831],[68.57451844,23.35895515]],[[68.47379577,23.35382724],[68.47662473,23.35478056],[68.47139215,23.35649204],[68.47379577,23.35382724]],[[68.53333294,23.37168086],[68.53239834,23.38062453],[68.53503382,23.38765395],[68.53065348,23.38462865],[68.53333294,23.37168086]],[[68.50282276,23.37840784],[68.50336802,23.38096654],[68.50299954,23.38321483],[68.50282276,23.37840784]],[[68.50482023,23.38106465],[68.50470865,23.38460004],[68.50397873,23.38345826],[68.50482023,23.38106465]],[[68.52713335,23.38626575],[68.52382016,23.40510046],[68.52038372,23.39559162],[68.52713335,23.38626575]],[[68.42367256,23.40090466],[68.42113996,23.40134466],[68.41338265,23.40924573],[68.41907775,23.40047824],[68.42367256,23.40090466]],[[68.40986335,23.40795922],[68.40908325,23.40735805],[68.40974605,23.40599143],[68.40986335,23.40795922]],[[68.46178985,23.40664482],[68.46427655,23.40516353],[68.46280932,23.40921247],[68.46178985,23.40664482]],[[68.46968305,23.40526116],[68.47592056,23.40306795],[68.46958005,23.40554786],[68.46968305,23.40526116]],[[68.46925724,23.40359831],[68.46467865,23.40366161],[68.46045983,23.40496612],[68.46287274,23.40241778],[68.46925724,23.40359831]],[[68.43156695,23.40498781],[68.42993188,23.40704441],[68.42930317,23.4065572],[68.43156695,23.40498781]],[[68.53557026,23.38077903],[68.54299772,23.38086712],[68.53553903,23.38538766],[68.53557026,23.38077903]],[[68.53860617,23.37577426],[68.54020476,23.37583375],[68.54033375,23.37759423],[68.53860617,23.37577426]],[[68.46041226,23.41233993],[68.45809221,23.41123533],[68.46281743,23.41086686],[68.46041226,23.41233993]],[[68.40018928,23.42110193],[68.40025628,23.41630006],[68.40180397,23.41586363],[68.40018928,23.42110193]],[[68.39804876,23.42199731],[68.40120697,23.42647636],[68.39955735,23.42837751],[68.39804876,23.42199731]],[[68.40617073,23.45626497],[68.40122426,23.45466757],[68.40657592,23.4526422],[68.40617073,23.45626497]],[[68.45969927,23.47918653],[68.47292697,23.49065256],[68.46611226,23.49779725],[68.45969927,23.47918653]],[[68.49575508,23.44722617],[68.50236285,23.44967413],[68.50147426,23.45308554],[68.49575508,23.44722617]],[[68.49942446,23.44202006],[68.50169277,23.44344771],[68.50138855,23.44360507],[68.49942446,23.44202006]],[[68.49820793,23.43449163],[68.49923837,23.43616223],[68.4970777,23.43454385],[68.49820793,23.43449163]],[[68.50061965,23.43069434],[68.50191355,23.43172455],[68.5019294,23.43218207],[68.50061965,23.43069434]],[[68.43753636,23.50006843],[68.43781805,23.49881101],[68.43972755,23.49869394],[68.43753636,23.50006843]],[[69.63127756,22.76195145],[69.66651714,22.75082707],[69.64303744,22.76459074],[69.63127756,22.76195145]],[[70.24633074,22.71433866],[70.24351954,22.72023165],[70.24366045,22.71259356],[70.24633074,22.71433866]],[[70.24748981,22.68824971],[70.24179316,22.68933713],[70.24282014,22.68673015],[70.24748981,22.68824971]],[[70.23535144,22.68231785],[70.23505938,22.68448925],[70.23454797,22.68404531],[70.23535144,22.68231785]],[[70.23945618,22.68370867],[70.24335957,22.68221235],[70.24382126,22.68381274],[70.23945618,22.68370867]],[[70.21682894,22.64233267],[70.22019506,22.64022911],[70.21605742,22.64667034],[70.21682894,22.64233267]],[[69.95236766,22.59603465],[69.96397507,22.59979928],[69.94769907,22.60537815],[69.95236766,22.59603465]],[[70.18910384,22.59828591],[70.19202852,22.59815145],[70.18942285,22.59988844],[70.18910384,22.59828591]],[[70.02310085,22.58803284],[69.96519566,22.57758963],[69.95792258,22.54958665],[69.99323285,22.54840767],[70.02706516,22.56795502],[70.02310085,22.58803284]],[[70.18033957,22.58148134],[70.18225992,22.58320987],[70.18083024,22.58325434],[70.18033957,22.58148134]],[[70.04218352,22.56989396],[70.04610837,22.57069945],[70.04407537,22.57235801],[70.04218352,22.56989396]],[[70.03952074,22.56784844],[70.03920591,22.5643121],[70.04052377,22.56445146],[70.03952074,22.56784844]],[[70.01706922,22.55772304],[70.0244714,22.55506897],[70.02496076,22.55721414],[70.01706922,22.55772304]],[[70.0118103,22.54944456],[70.01994455,22.54789007],[70.02428246,22.55286515],[70.0118103,22.54944456]],[[70.01261008,22.55251563],[70.00111151,22.55203581],[69.99612784,22.54864705],[70.01261008,22.55251563]],[[69.95729685,22.54561174],[69.93892181,22.53868377],[69.95327675,22.53695166],[69.95729685,22.54561174]],[[69.95984006,22.54350805],[69.9609375,22.54045761],[69.96364486,22.54192245],[69.95984006,22.54350805]],[[69.95566475,22.53603303],[69.95720291,22.534518],[69.95749605,22.53559613],[69.95566475,22.53603303]],[[69.94149041,22.51782715],[69.91660285,22.55274618],[69.89496875,22.52285111],[69.86240661,22.52755165],[69.91547358,22.51174808],[69.94149041,22.51782715]],[[69.94385397,22.53027964],[69.94677424,22.53153634],[69.94396186,22.53239191],[69.94385397,22.53027964]],[[69.35708404,22.52168405],[69.32233155,22.52765203],[69.3156985,22.52046931],[69.35007727,22.50404477],[69.35708404,22.52168405]],[[69.40196276,22.5276587],[69.40663564,22.52730346],[69.40429473,22.53268373],[69.40196276,22.5276587]],[[69.08438396,22.48494053],[69.08921027,22.48991227],[69.08909285,22.49047041],[69.08438396,22.48494053]],[[72.78504658,19.50359845],[72.78894365,19.50352716],[72.78884637,19.50446773],[72.78504658,19.50359845]],[[72.80681098,19.50005174],[72.82260823,19.4964174],[72.82735181,19.50633633],[72.80681098,19.50005174]],[[72.73232913,19.45735991],[72.73667395,19.46561813],[72.72646165,19.46717107],[72.73232913,19.45735991]],[[72.86539078,19.32398701],[72.86478066,19.32530224],[72.86061692,19.32597685],[72.86539078,19.32398701]],[[72.87352324,19.32464731],[72.85220301,19.33724678],[72.83492255,19.33347142],[72.87352324,19.32464731]],[[72.85639393,19.32462168],[72.86499965,19.32048345],[72.86537564,19.32060885],[72.85639393,19.32462168]],[[72.78305984,19.13237035],[72.78152955,19.13534725],[72.78039873,19.13321507],[72.78305984,19.13237035]],[[72.84207714,18.70792937],[72.84203494,18.70508182],[72.84258974,18.70843816],[72.84207714,18.70792937]],[[72.81231904,18.70638096],[72.81316781,18.70232403],[72.81520772,18.70309973],[72.81231904,18.70638096]],[[72.86353636,18.6328125],[72.86553943,18.63406384],[72.86480725,18.63559747],[72.86353636,18.6328125]],[[72.96369815,18.29843557],[72.96569395,18.30099988],[72.96303797,18.30032337],[72.96369815,18.29843557]],[[73.08267331,17.81740427],[73.08606565,17.81684911],[73.08354485,17.81863844],[73.08267331,17.81740427]],[[73.30182302,16.98235047],[73.30451131,16.97919452],[73.30240452,16.98283303],[73.30182302,16.98235047]],[[73.44291115,16.10077465],[73.44447577,16.10113823],[73.44274163,16.10267854],[73.44291115,16.10077465]],[[73.45724583,16.04100025],[73.46225154,16.04372156],[73.45913875,16.04552913],[73.45724583,16.04100025]],[[73.46755123,15.89354432],[73.46572495,15.89596903],[73.46546411,15.89462161],[73.46755123,15.89354432]],[[73.46181393,15.88907576],[73.46429336,15.88936663],[73.46218085,15.89037335],[73.46181393,15.88907576]],[[73.45587575,15.8896178],[73.45644951,15.88686824],[73.45667446,15.88706565],[73.45587575,15.8896178]],[[73.79614735,15.37241781],[73.7994467,15.37793922],[73.7933284,15.37769353],[73.79614735,15.37241781]],[[73.78045261,15.35577774],[73.76535368,15.34995925],[73.78481066,15.35166395],[73.78045261,15.35577774]],[[74.09460998,14.87762904],[74.09725726,14.87699282],[74.09711301,14.87817538],[74.09460998,14.87762904]],[[74.09739852,14.84281838],[74.10165977,14.84454608],[74.09653342,14.84557664],[74.09739852,14.84281838]],[[74.14240932,14.84167922],[74.14485931,14.84291041],[74.14158905,14.84256256],[74.14240932,14.84167922]],[[74.09471047,14.83695614],[74.09385121,14.83851266],[74.09314775,14.83621848],[74.09471047,14.83695614]],[[74.05851102,14.81908441],[74.06209028,14.82071125],[74.05849743,14.82145274],[74.05851102,14.81908441]],[[74.06353223,14.81930161],[74.06410313,14.82101917],[74.06262815,14.82032394],[74.06353223,14.81930161]],[[74.05609047,14.81595361],[74.05543697,14.81704664],[74.05438936,14.81617475],[74.05609047,14.81595361]],[[74.08739352,14.79365194],[74.08696377,14.79579794],[74.08637965,14.79533434],[74.08739352,14.79365194]],[[74.11044514,14.76159096],[74.11493957,14.75365746],[74.12016642,14.75349987],[74.11044514,14.76159096]],[[74.15676856,14.73763776],[74.15651751,14.74096274],[74.15267193,14.74219322],[74.15676856,14.73763776]],[[74.23807836,14.70903122],[74.24059737,14.71106744],[74.2382977,14.7105118],[74.23807836,14.70903122]],[[74.25261307,14.70377421],[74.25289977,14.70594347],[74.25143385,14.70465088],[74.25261307,14.70377421]],[[74.40087354,14.31199586],[74.40244746,14.3152703],[74.39915466,14.31268561],[74.40087354,14.31199586]],[[74.32352233,14.01584995],[74.33062255,14.01772523],[74.32492852,14.02067316],[74.32352233,14.01584995]],[[74.47872007,14.00820696],[74.48352563,14.01004636],[74.48089755,14.01122308],[74.47872007,14.00820696]],[[74.67627776,13.63381994],[74.67659235,13.63111854],[74.67919254,13.63416374],[74.67627776,13.63381994]],[[74.67199945,13.37761676],[74.67491448,13.38044083],[74.67059612,13.38266122],[74.67199945,13.37761676]],[[74.68181336,13.34310055],[74.68725944,13.34199393],[74.68193567,13.34855723],[74.68181336,13.34310055]],[[74.68587625,13.33694363],[74.69006205,13.33551633],[74.68802881,13.34109032],[74.68587625,13.33694363]],[[74.68981647,13.33072293],[74.69241524,13.33159006],[74.68995094,13.33405495],[74.68981647,13.33072293]],[[74.69891202,13.28094077],[74.70145166,13.28309345],[74.70018923,13.28438473],[74.69891202,13.28094077]],[[74.67580175,13.19146121],[74.6727072,13.19883394],[74.66988981,13.19936442],[74.67580175,13.19146121]],[[74.93280518,12.60369205],[74.93221462,12.60360146],[74.93262434,12.60312045],[74.93280518,12.60369205]],[[75.12372911,12.19182503],[75.15707648,12.11022294],[75.12567377,12.20499587],[75.12372911,12.19182503]],[[75.12939393,12.19500947],[75.13149357,12.19692695],[75.12996757,12.19801426],[75.12939393,12.19500947]],[[75.13397098,12.18720603],[75.13371396,12.18990135],[75.13139296,12.19130385],[75.13397098,12.18720603]],[[75.13584578,12.18355536],[75.14356232,12.16785204],[75.15064836,12.14698434],[75.15189242,12.15941107],[75.13584578,12.18355536]],[[75.15848422,12.12114847],[75.16164935,12.13493741],[75.15231526,12.14257598],[75.15848422,12.12114847]],[[75.16081905,12.11125851],[75.16853714,12.09614444],[75.16304398,12.11526978],[75.16081905,12.11125851]],[[75.15727353,12.10970342],[75.1779499,12.05673528],[75.18187594,12.05026734],[75.15727353,12.10970342]],[[72.70748222,11.68043602],[72.71667361,11.69222271],[72.71701455,11.7018218],[72.71374905,11.70627117],[72.70748222,11.68043602]],[[72.18562317,11.59645796],[72.18928826,11.59827304],[72.18506563,11.60086846],[72.18562317,11.59645796]],[[73.00736725,11.47161174],[73.00937223,11.48579526],[72.99918342,11.49780405],[72.99706101,11.49552262],[73.00207031,11.49075735],[73.00736725,11.47161174]],[[73.00132096,11.48782396],[73.00109315,11.48507321],[73.00218487,11.48452163],[73.00132096,11.48782396]],[[72.76147056,11.18004131],[72.77709985,11.21464038],[72.79009545,11.25966704],[72.77813244,11.24057853],[72.76147056,11.18004131]],[[72.10376441,11.20875752],[72.10591614,11.20968831],[72.10542083,11.21295381],[72.10376441,11.20875752]],[[72.10335207,11.21470714],[72.10009026,11.21467066],[72.10444856,11.21286643],[72.10335207,11.21470714]],[[72.72092235,11.11089802],[72.73105144,11.12376332],[72.73294556,11.1355561],[72.71624541,11.12490034],[72.72092235,11.11089802]],[[72.33211362,10.95516205],[72.33427262,10.95807815],[72.33264685,10.95845497],[72.33211362,10.95516205]],[[72.31508362,10.94835222],[72.31771266,10.94366753],[72.32650673,10.95308685],[72.31508362,10.94835222]],[[72.29133463,10.94589984],[72.28421211,10.9356693],[72.28860915,10.93487942],[72.29133463,10.94589984]],[[72.17184663,10.81742263],[72.20369005,10.86868405],[72.20621586,10.87737274],[72.19435501,10.87010002],[72.17184663,10.81742263]],[[73.67716682,10.82148612],[73.66231286,10.80845416],[73.70252132,10.81574774],[73.67716682,10.82148612]],[[72.16844845,10.81485105],[72.1663506,10.81196725],[72.16927493,10.81221545],[72.16844845,10.81485105]],[[72.61954212,10.5416404],[72.64888442,10.56200862],[72.64591456,10.57651651],[72.63904607,10.57629085],[72.61954212,10.5416404]],[[76.17342484,10.18379903],[76.22395158,9.97815466],[76.24495184,9.97240305],[76.23044205,10.01716995],[76.23892021,10.03027344],[76.21996295,10.05621004],[76.21996796,10.06861627],[76.22579932,10.05385125],[76.23020864,10.0595659],[76.20630455,10.13381827],[76.19944572,10.14372611],[76.19343281,10.16198754],[76.18579865,10.16515136],[76.17771065,10.17420936],[76.17342484,10.18379903]],[[76.19368637,10.16339004],[76.23928225,10.07550788],[76.22599113,10.12683392],[76.25899124,10.09108055],[76.26027775,10.04743707],[76.24069703,10.07072937],[76.25464642,10.03903663],[76.25458205,10.04730475],[76.25986302,10.04283345],[76.26757205,10.05729175],[76.27911937,10.06098831],[76.28459108,10.09586072],[76.29544568,10.09476054],[76.30393505,10.07675993],[76.3300004,10.08197653],[76.34803724,10.11368704],[76.35616994,10.11656725],[76.32862747,10.15073383],[76.29288685,10.13560271],[76.20932555,10.19349802],[76.17722726,10.18273473],[76.18033195,10.17282951],[76.19368637,10.16339004]],[[76.24094713,10.17385495],[76.23965895,10.18046415],[76.23348701,10.18225634],[76.24094713,10.17385495]],[[76.26850581,10.05709636],[76.27881944,10.04731667],[76.27881396,10.0593096],[76.26850581,10.05709636]],[[76.26339316,10.04070055],[76.24983037,10.02998734],[76.26779902,9.98249924],[76.25764811,10.02575815],[76.26339316,10.04070055]],[[76.25926256,10.02523005],[76.26151025,10.02983832],[76.25880325,10.02752566],[76.25926256,10.02523005]],[[76.26809943,9.99694455],[76.26774085,10.00285101],[76.26700652,10.00218737],[76.26809943,9.99694455]],[[76.24075913,10.0141412],[76.24665237,9.97665966],[76.25055325,9.97633564],[76.25867975,9.98982584],[76.24075913,10.0141412]],[[76.24323797,9.97927284],[76.24390185,9.97837305],[76.24423265,9.98121393],[76.24323797,9.97927284]],[[76.25377882,10.01242685],[76.25285804,10.01699221],[76.25052643,10.01388574],[76.25377882,10.01242685]],[[76.24706984,10.09500515],[76.24069583,10.09207416],[76.24790883,10.09064245],[76.24706984,10.09500515]],[[76.27082932,9.97104073],[76.27239573,9.97286117],[76.26900423,9.97248423],[76.27082932,9.97104073]],[[72.28392124,10.04330885],[72.28159893,10.03856945],[72.28991008,10.04935634],[72.28392124,10.04330885]],[[73.65149581,10.10448074],[73.63562095,10.07197714],[73.64217055,10.05692697],[73.64774084,10.06087244],[73.65149581,10.10448074]],[[73.63287425,10.07043791],[73.63058245,10.06735206],[73.63375115,10.06907904],[73.63287425,10.07043791]],[[73.6286273,10.07518494],[73.62559915,10.07301855],[73.62798083,10.07170761],[73.6286273,10.07518494]],[[72.33173525,10.12781334],[72.32624555,10.12699103],[72.33151436,10.12467313],[72.33173525,10.12781334]],[[73.66181946,10.12974775],[73.66162825,10.15348172],[73.66073191,10.1559],[73.66181946,10.12974775]],[[76.25920367,9.96655846],[76.26756525,9.93926513],[76.29392397,9.92556226],[76.27481365,9.96597195],[76.25920367,9.96655846]],[[73.04128361,8.27420354],[73.01792765,8.27649307],[73.04929531,8.2667706],[73.08090365,8.32747436],[73.04128361,8.27420354]],[[73.01285112,8.27869046],[73.01048124,8.27772641],[73.01214671,8.27664626],[73.01285112,8.27869046]],[[77.55393851,8.0769304],[77.55603921,8.0787518],[77.5534451,8.07810831],[77.55393851,8.0769304]],[[78.12542772,8.63900053],[78.11699426,8.65660095],[78.12430203,8.6382972],[78.12542772,8.63900053]],[[78.12772477,8.64336824],[78.12750053,8.64751506],[78.12633395,8.64320707],[78.12772477,8.64336824]],[[78.20925164,8.83719504],[78.21278393,8.83659935],[78.20801568,8.84099674],[78.20925164,8.83719504]],[[78.22310805,8.87248754],[78.22688496,8.86719656],[78.22641265,8.87202942],[78.22310805,8.87248754]],[[78.25538528,8.95532954],[78.25206506,8.95316505],[78.25453687,8.95289254],[78.25538528,8.95532954]],[[78.49124992,9.09326804],[78.49319625,9.08576477],[78.49517632,9.09059095],[78.49124992,9.09326804]],[[78.58630657,9.10922504],[78.57191634,9.10451746],[78.57191026,9.10233974],[78.58630657,9.10922504]],[[78.53496575,9.10287511],[78.53802907,9.10297823],[78.53910065,9.10591125],[78.53496575,9.10287511]],[[78.69627845,9.15477025],[78.69298625,9.15160406],[78.69612408,9.15104663],[78.69627845,9.15477025]],[[78.7292031,9.15218377],[78.73204136,9.1553539],[78.73010492,9.15629625],[78.7292031,9.15218377]],[[78.81493962,9.15819383],[78.82869995,9.16583323],[78.82810438,9.1712234],[78.81493962,9.15819383]],[[79.43976712,9.15830541],[79.32602096,9.26181972],[79.31486905,9.28188431],[79.33520412,9.31096125],[79.32112944,9.32474542],[79.20536053,9.28018415],[79.22123384,9.26714492],[79.21624565,9.25246561],[79.29895306,9.24643636],[79.43976712,9.15830541]],[[78.8990345,9.17909777],[78.93844473,9.18252134],[78.94104195,9.18523991],[78.90518343,9.18323064],[78.8990345,9.17909777]],[[78.96543956,9.1884433],[78.97083735,9.18584812],[78.96695757,9.18919933],[78.96543956,9.1884433]],[[79.08659434,9.19174135],[79.06923425,9.20812225],[79.05842936,9.19709516],[79.08659434,9.19174135]],[[79.13893461,9.21385586],[79.13954735,9.2121073],[79.14223254,9.21459258],[79.13893461,9.21385586]],[[79.12994206,9.21296322],[79.12461698,9.21794224],[79.12112546,9.21604896],[79.12994206,9.21296322]],[[79.20130873,9.24029243],[79.18280256,9.24192727],[79.18025005,9.24794531],[79.20130873,9.24029243]],[[79.21898556,9.25083697],[79.20101023,9.24114394],[79.22245336,9.24763381],[79.21898556,9.25083697]],[[79.23135424,9.24381495],[79.23834968,9.24400544],[79.23168445,9.24449682],[79.23135424,9.24381495]],[[79.84435666,10.82647741],[79.84542871,10.82565463],[79.84557188,10.82598364],[79.84435666,10.82647741]],[[80.21026075,15.50146651],[80.21112835,15.49899077],[80.21183503,15.49953461],[80.21026075,15.50146651]],[[80.83592784,15.71173191],[80.92598701,15.72374642],[80.87237155,15.78498816],[80.86276245,15.82377887],[80.83448017,15.73976445],[80.83592784,15.71173191]],[[80.83036244,15.73536515],[80.80321085,15.74392617],[80.78245068,15.79227924],[80.79751074,15.74379826],[80.8249228,15.71196425],[80.83036244,15.73536515]],[[80.86868012,15.81337273],[80.93927705,15.71837866],[81.00634885,15.75790656],[80.90069485,15.82738376],[80.88372636,15.84883201],[80.86868012,15.81337273]],[[80.88703406,15.85083401],[80.88838184,15.863644],[80.87872922,15.84854758],[80.88703406,15.85083401]],[[80.96702004,15.79539263],[80.96501756,15.79807305],[80.96478331,15.79781365],[80.96702004,15.79539263]],[[80.97440183,15.78074694],[80.97417104,15.78174972],[80.97205305,15.78221488],[80.97440183,15.78074694]],[[81.02787316,15.76559353],[81.02396953,15.75799715],[81.02961385,15.76494575],[81.02787316,15.76559353]],[[80.8903867,15.76520646],[80.89278615,15.76338446],[80.89077926,15.76631832],[80.8903867,15.76520646]],[[80.88195336,15.78222418],[80.87889421,15.78223264],[80.88302112,15.77777386],[80.88195336,15.78222418]],[[81.71896267,16.31048965],[81.86316562,16.37776065],[81.94785738,16.39787662],[81.95997524,16.4401499],[81.95654714,16.47361314],[81.96524107,16.5135324],[81.94262195,16.54175901],[81.93627596,16.56190276],[81.91901982,16.5620296],[81.92218053,16.53058088],[81.91057014,16.5234375],[81.88935578,16.54199302],[81.89173687,16.57211196],[81.87242997,16.59150684],[81.87239075,16.55561733],[81.853899,16.48794115],[81.7952497,16.4649626],[81.75568295,16.41462827],[81.71224272,16.44064832],[81.70622063,16.41138852],[81.72792745,16.35268855],[81.71896267,16.31048965]],[[81.80944335,16.47634494],[81.81059015,16.47112656],[81.81634104,16.47572565],[81.80944335,16.47634494]],[[81.83476114,16.48116624],[81.82064295,16.48737705],[81.81302905,16.48117375],[81.83476114,16.48116624]],[[81.85305667,16.53456044],[81.84718847,16.52304125],[81.85139084,16.51914394],[81.85305667,16.53456044]],[[81.86877453,16.59983981],[81.86088586,16.58917046],[81.85836625,16.54270816],[81.87066984,16.55803382],[81.86877453,16.59983981]],[[81.87436068,16.61428416],[81.89332914,16.57859325],[81.89787757,16.53801906],[81.91564381,16.52929676],[81.9126513,16.56419814],[81.92119265,16.56947541],[81.93240035,16.56745791],[81.97399437,16.51347506],[81.96043706,16.40387416],[82.11247456,16.48798704],[82.31086564,16.57018971],[82.26795185,16.56409812],[82.29959953,16.59145033],[82.29375815,16.60260844],[82.265625,16.59458697],[82.29234421,16.60825825],[82.265625,16.64229906],[82.23675144,16.63567603],[82.22686625,16.64104581],[82.20694923,16.6169486],[82.19812715,16.61245906],[82.19222903,16.60217655],[82.18807864,16.60145605],[82.16266346,16.60985851],[82.15593696,16.6170485],[82.15617883,16.62030315],[82.16398156,16.62554336],[82.15903413,16.63790107],[82.15744042,16.65186036],[82.16107011,16.66878104],[82.14168084,16.68414092],[82.11853337,16.68899214],[82.10573065,16.67499566],[82.08765995,16.66492808],[82.07935405,16.66269731],[82.05028772,16.67062616],[82.036466,16.684237],[81.99860632,16.69084823],[81.97642231,16.70332003],[81.95147777,16.69170415],[81.92404854,16.72470653],[81.85765171,16.76265454],[81.82321346,16.79402935],[81.76542246,16.88493276],[81.75325561,16.94582558],[81.74069655,16.90537298],[81.77014434,16.84382892],[81.76043165,16.78794694],[81.80032325,16.73798954],[81.80031264,16.70068717],[81.84104454,16.67810237],[81.87182677,16.60253787],[81.87436068,16.61428416]],[[81.83122003,16.67714691],[81.82258284,16.67385662],[81.83669996,16.66487575],[81.83122003,16.67714691]],[[81.75834584,16.80036962],[81.74983716,16.7943511],[81.75520372,16.78699994],[81.75834584,16.80036962]],[[81.75816154,16.80843222],[81.75555313,16.8064326],[81.7582581,16.80560505],[81.75816154,16.80843222]],[[81.73522055,16.91673315],[81.73133051,16.91083336],[81.73259497,16.90995264],[81.73522055,16.91673315]],[[81.74495626,16.93346405],[81.74122786,16.94290185],[81.74152517,16.92918944],[81.74495626,16.93346405]],[[81.73284602,16.94223416],[81.73179984,16.94071496],[81.73345351,16.93877685],[81.73284602,16.94223416]],[[81.74710846,16.94910061],[81.751616,16.94902766],[81.74953985,16.95735085],[81.74710846,16.94910061]],[[81.74720383,16.95249832],[81.75026417,16.96708345],[81.7454921,16.95199931],[81.74720383,16.95249832]],[[81.75195813,16.95621002],[81.76331866,16.96949875],[81.75674272,16.99527884],[81.7577368,16.98151815],[81.75195813,16.95621002]],[[81.75132406,16.99380744],[81.74739683,16.99212933],[81.74802983,16.98691201],[81.75132406,16.99380744]],[[81.77300191,16.97783875],[81.77668595,16.98460364],[81.77377653,16.9876374],[81.77300191,16.97783875]],[[81.76475573,16.95062578],[81.76519072,16.9423362],[81.76355565,16.93483865],[81.76679623,16.93267703],[81.76557541,16.95846891],[81.76475573,16.95062578]],[[81.76327681,16.94303107],[81.76167417,16.93935335],[81.76193655,16.93940043],[81.76327681,16.94303107]],[[81.76256275,16.95063317],[81.76444674,16.95239985],[81.76384664,16.95631754],[81.76256275,16.95063317]],[[81.79682553,16.86532283],[81.776317,16.89629972],[81.78124332,16.92387915],[81.76897848,16.90607977],[81.79682553,16.86532283]],[[81.78696346,16.88964844],[81.78975964,16.88793707],[81.78768444,16.89070535],[81.78696346,16.88964844]],[[81.79759383,16.86256385],[81.80506325,16.86771715],[81.79436207,16.87829542],[81.79759383,16.86256385]],[[81.82045138,16.81986475],[81.82338655,16.82747841],[81.82053447,16.83121026],[81.82045138,16.81986475]],[[81.8299216,16.81010938],[81.83229411,16.81300211],[81.83102036,16.81406867],[81.8299216,16.81010938]],[[81.88179684,16.75766206],[81.87929344,16.76478565],[81.87319756,16.76043367],[81.84994352,16.7754364],[81.86172712,16.76263738],[81.88179684,16.75766206]],[[81.87162375,16.76576602],[81.8702327,16.7678864],[81.86960661,16.76734996],[81.87162375,16.76576602]],[[81.88747096,16.75923252],[81.89095891,16.74842727],[81.90890086,16.74172115],[81.88747096,16.75923252]],[[82.00309074,16.72113836],[82.01277792,16.71192038],[82.02063715,16.71061635],[82.00309074,16.72113836]],[[81.95326555,16.70441473],[81.97022414,16.71606004],[81.94519842,16.71747744],[81.95326555,16.70441473]],[[81.9960289,16.70134985],[81.9982326,16.69205904],[82.01568055,16.69014704],[81.98371506,16.70899034],[81.9960289,16.70134985]],[[82.04526997,16.6773349],[82.03771925,16.69094455],[81.99170876,16.71002805],[82.01672494,16.69005132],[82.03355992,16.68660402],[82.04526997,16.6773349]],[[82.04938996,16.6754384],[82.08242965,16.66419601],[82.11624324,16.6931535],[82.14232266,16.68810213],[82.15646815,16.70803952],[82.17593515,16.71121287],[82.11231375,16.70841646],[82.07045245,16.67861223],[82.04938996,16.6754384]],[[82.09240878,16.70087647],[82.09072876,16.7065953],[82.08605385,16.70265508],[82.09240878,16.70087647]],[[82.08791328,16.70847428],[82.08331835,16.70910597],[82.08456457,16.70602131],[82.08791328,16.70847428]],[[82.08935368,16.70997608],[82.09150386,16.71838725],[82.08511758,16.71434641],[82.08935368,16.70997608]],[[82.12408316,16.71057761],[82.12859905,16.71767068],[82.12087917,16.71278512],[82.12408316,16.71057761]],[[82.13535607,16.71663153],[82.13423562,16.71841562],[82.13432097,16.71692765],[82.13535607,16.71663153]],[[82.17185414,16.72000706],[82.19010282,16.71326435],[82.19744206,16.71576357],[82.17185414,16.72000706]],[[82.21395481,16.71710634],[82.22160733,16.71765625],[82.21264386,16.71960521],[82.21395481,16.71710634]],[[82.22781694,16.71610951],[82.23111141,16.71927845],[82.2233566,16.72030997],[82.22781694,16.71610951]],[[82.18993998,16.70530045],[82.14245021,16.68504941],[82.162992,16.66935301],[82.16660881,16.62757707],[82.15741265,16.61671054],[82.19126725,16.60267854],[82.19715512,16.61421216],[82.22391987,16.64116216],[82.25876534,16.64348316],[82.25396895,16.65656221],[82.26146185,16.66805434],[82.24739015,16.70553005],[82.18993998,16.70530045]],[[82.30622685,16.6997087],[82.25794208,16.70159376],[82.26591587,16.67145646],[82.25580561,16.65557313],[82.28394473,16.64241302],[82.31107533,16.60246992],[82.30966854,16.65077424],[82.31454623,16.64747775],[82.31252897,16.63847351],[82.31855965,16.62875783],[82.32675636,16.66816306],[82.36444223,16.71428657],[82.36811674,16.7237215],[82.34008443,16.71817601],[82.35301971,16.70694172],[82.33694935,16.69118345],[82.33185494,16.72470045],[82.30622685,16.6997087]],[[82.30737615,16.71656954],[82.30084682,16.71106303],[82.3090198,16.71481514],[82.30737615,16.71656954]],[[82.30936158,16.72034574],[82.31407106,16.71972287],[82.31460512,16.72597492],[82.30936158,16.72034574]],[[82.26345074,16.67450333],[82.26102161,16.67398822],[82.2620579,16.66982412],[82.26345074,16.67450333]],[[82.16018534,16.69921875],[82.15170181,16.69957244],[82.15101635,16.69358683],[82.16018534,16.69921875]],[[82.18156266,16.70924747],[82.17747474,16.70919871],[82.18111753,16.70802796],[82.18156266,16.70924747]],[[82.09760761,16.71144128],[82.09650576,16.7085253],[82.09780896,16.71107936],[82.09760761,16.71144128]],[[81.98745728,16.70417333],[81.98554432,16.70130825],[81.98954105,16.70316064],[81.98745728,16.70417333]],[[81.98829114,16.71225905],[81.9852432,16.71460414],[81.98399556,16.71311975],[81.98829114,16.71225905]],[[82.31542826,16.5757215],[82.31693411,16.57389736],[82.31711054,16.57637417],[82.31542826,16.5757215]],[[81.96184444,16.47767484],[81.95995343,16.47404826],[81.96019983,16.47099364],[81.96184444,16.47767484]],[[81.96182466,16.49313915],[81.96212065,16.48610842],[81.96539021,16.50086176],[81.96182466,16.49313915]],[[81.96619785,16.50129735],[81.97086453,16.50800776],[81.96889055,16.50924695],[81.96619785,16.50129735]],[[81.95389974,16.53412676],[81.9534924,16.53108895],[81.95793498,16.52885973],[81.95389974,16.53412676]],[[81.94474065,16.54665065],[81.94676554,16.53750241],[81.95012915,16.53591704],[81.94474065,16.54665065]],[[81.92292881,16.56716824],[81.92235935,16.56550014],[81.92401743,16.56682873],[81.92292881,16.56716824]],[[81.91577005,16.56070793],[81.91804016,16.56497383],[81.9140625,16.56305802],[81.91577005,16.56070793]],[[81.89545453,16.55053377],[81.89114976,16.54788232],[81.89235854,16.54331207],[81.89545453,16.55053377]],[[83.17202175,17.56700182],[83.17077124,17.56662977],[83.17097521,17.56587636],[83.17202175,17.56700182]],[[83.31188071,17.68465495],[83.30406475,17.68051708],[83.31210732,17.68444264],[83.31188071,17.68465495]],[[83.30529404,17.68451941],[83.30414975,17.68235207],[83.30553031,17.68437803],[83.30529404,17.68451941]],[[85.05527782,19.36944437],[85.04472208,19.37555551],[85.05833316,19.36861098],[85.05527782,19.36944437]],[[85.04833364,19.36821854],[85.04859555,19.36910272],[85.04547214,19.37142932],[85.04833364,19.36821854]],[[85.05499995,19.37055552],[85.05833316,19.37138891],[85.05222225,19.37305546],[85.05499995,19.37055552]],[[86.24080241,19.9097898],[86.23677862,19.90835381],[86.23703575,19.90803027],[86.24080241,19.9097898]],[[86.37260807,19.97371602],[86.3643167,19.96943676],[86.37146282,19.96816742],[86.37260807,19.97371602]],[[86.40976048,20.02153695],[86.40918088,20.01769996],[86.41256261,20.02579343],[86.40976048,20.02153695]],[[86.42638874,20.04361105],[86.42027783,20.03277767],[86.42083335,20.03194427],[86.42638874,20.04361105]],[[86.43785501,20.05833948],[86.43168736,20.05516005],[86.43275476,20.05092025],[86.43785501,20.05833948]],[[86.55539787,20.20675397],[86.55268562,20.20580935],[86.55261421,20.20526958],[86.55539787,20.20675397]],[[86.79538691,20.37083685],[86.79046237,20.37176931],[86.79162467,20.36535692],[86.79538691,20.37083685]],[[86.80705607,20.374861],[86.81447291,20.41001797],[86.80257726,20.4204216],[86.80040908,20.38996828],[86.80705607,20.374861]],[[86.79424763,20.38669026],[86.7910583,20.38550794],[86.79266655,20.38389635],[86.79424763,20.38669026]],[[86.78877294,20.38757956],[86.79530478,20.39336526],[86.79111612,20.42873132],[86.78877294,20.38757956]],[[86.79387081,20.37982917],[86.79238927,20.37487841],[86.79656661,20.37461615],[86.79387081,20.37982917]],[[86.80336654,20.46198285],[86.8025099,20.45949745],[86.80283833,20.45971656],[86.80336654,20.46198285]],[[86.80407321,20.4912554],[86.80077946,20.47335291],[86.80412924,20.46392536],[86.80933964,20.47669876],[86.80407321,20.4912554]],[[86.79221797,20.54391873],[86.8846004,20.61598766],[86.88777292,20.60621667],[87.04491413,20.70993233],[86.99928415,20.69528306],[86.93404317,20.71078825],[86.84589624,20.65097725],[86.84039915,20.65198863],[86.82626236,20.67333424],[86.80124736,20.67461765],[86.79675067,20.66500711],[86.80556536,20.66875362],[86.81139731,20.66571355],[86.81662714,20.66001594],[86.82279694,20.64773107],[86.82279611,20.64357555],[86.82002342,20.63878202],[86.81565785,20.63658381],[86.79476845,20.64530265],[86.78466642,20.64294934],[86.77296591,20.64483225],[86.76428163,20.61693537],[86.71378446,20.59361052],[86.71020925,20.56640625],[86.73837996,20.52379274],[86.74777722,20.52525675],[86.75582898,20.52044547],[86.76375485,20.50330651],[86.79221797,20.54391873]],[[86.74972224,20.52333331],[86.74277782,20.52222216],[86.75416672,20.51694441],[86.74972224,20.52333331]],[[86.72871256,20.60989976],[86.73765063,20.62900841],[86.74085474,20.64577544],[86.72871256,20.60989976]],[[86.74972475,20.61666775],[86.74527764,20.62805545],[86.74305546,20.63027775],[86.74194443,20.62333334],[86.74972475,20.61666775]],[[86.77393532,20.64649987],[86.82184935,20.64429212],[86.79619837,20.66409957],[86.79665101,20.67230153],[86.80364442,20.67658877],[86.81723142,20.67686784],[86.82988584,20.67258823],[86.84176373,20.65238261],[86.85903943,20.66165423],[86.85580015,20.66569447],[86.85627413,20.66994011],[86.86378443,20.67817235],[86.85608876,20.68217647],[86.85623181,20.68601334],[86.88372421,20.70690835],[86.8756361,20.71828485],[86.8781414,20.73271692],[86.88493252,20.70722747],[86.85709596,20.68405986],[86.86510372,20.67871094],[86.85863936,20.66478813],[86.89384317,20.69582355],[86.93137574,20.71561372],[86.99584675,20.70986974],[87.00695181,20.7421875],[86.99467635,20.76855373],[86.84411943,20.77129304],[86.83028185,20.75987506],[86.80164361,20.68287158],[86.77393532,20.64649987]],[[86.79916656,20.70000005],[86.7897222,20.68277764],[86.78967035,20.67493534],[86.79916656,20.70000005]],[[86.86799908,20.77618527],[86.86699891,20.78037226],[86.86393774,20.78041637],[86.86799908,20.77618527]],[[86.86520398,20.78275442],[86.89989614,20.77207196],[86.95152652,20.77470064],[86.86520398,20.78275442]],[[86.9439522,20.78409481],[86.94514275,20.78661525],[86.94360411,20.78508842],[86.9439522,20.78409481]],[[86.98139215,20.77837467],[86.98322165,20.78242087],[86.98015332,20.78000414],[86.98139215,20.77837467]],[[86.87714124,20.774616],[86.87452507,20.77410078],[86.87768817,20.77329254],[86.87714124,20.774616]],[[87.08409035,20.76422977],[87.07278454,20.75311601],[87.09389257,20.75294852],[87.08409035,20.76422977]],[[87.07200181,20.74881387],[87.06797135,20.73680663],[87.06977701,20.73507881],[87.07200181,20.74881387]],[[87.05357373,20.74584317],[87.05041444,20.74262261],[87.05762362,20.74398911],[87.05357373,20.74584317]],[[87.00253153,20.70861506],[87.01555085,20.71162605],[87.01568043,20.72207785],[87.00941551,20.71782172],[87.00253153,20.70861506]],[[87.00480294,20.71554875],[87.00235558,20.71041167],[87.00899506,20.72017574],[87.00480294,20.71554875]],[[86.87198615,20.67307615],[86.87833333,20.67777765],[86.87833333,20.67944443],[86.87198615,20.67307615]],[[87.00086665,20.82954061],[87.00572026,20.80956864],[87.01650965,20.79769731],[87.01858044,20.82287562],[87.00086665,20.82954061]],[[88.53435373,21.56610453],[88.49654937,21.60019433],[88.48154295,21.55481255],[88.50378943,21.54454482],[88.50300646,21.56503022],[88.50606632,21.54150665],[88.53093064,21.54240143],[88.53435373,21.56610453]],[[88.24780631,21.56444752],[88.30584681,21.58020794],[88.28644323,21.60352266],[88.31147301,21.67224348],[88.26260614,21.72938001],[88.27148032,21.75458395],[88.21754766,21.76216435],[88.22096801,21.70144296],[88.19783676,21.68856156],[88.23286045,21.66926146],[88.23700583,21.64442122],[88.21644413,21.61637068],[88.24268496,21.59664226],[88.24780631,21.56444752]],[[88.17777145,21.60110044],[88.16794133,21.59180105],[88.18697393,21.55995536],[88.18876708,21.58149624],[88.17777145,21.60110044]],[[88.02113783,21.57138705],[88.01706624,21.57185614],[88.02077055,21.56695676],[88.02113783,21.57138705]],[[88.23158455,21.64359927],[88.19556296,21.68224096],[88.19847715,21.6944195],[88.21657705,21.70102716],[88.20316005,21.72180927],[88.18127358,21.68567824],[88.21168578,21.60189486],[88.21219945,21.62179375],[88.23158455,21.64359927]],[[88.12915504,21.62822402],[88.15495777,21.65068865],[88.15524352,21.68088794],[88.14359391,21.67930615],[88.17010236,21.73848045],[88.1635288,21.796875],[88.16479695,21.80531287],[88.17232656,21.81159973],[88.13473988,21.87747073],[88.07379127,21.78176212],[88.03660154,21.67430294],[88.05684566,21.64047194],[88.12915504,21.62822402]],[[88.18168485,21.82629442],[88.17819583,21.82405186],[88.18553245,21.81926823],[88.18168485,21.82629442]],[[88.16717577,21.80674243],[88.17024064,21.79067433],[88.17133093,21.80801201],[88.16717577,21.80674243]],[[88.17890286,21.79160464],[88.18526375,21.78915405],[88.18074083,21.79560184],[88.17890286,21.79160464]],[[88.19392717,21.76303172],[88.20225537,21.76135325],[88.19939411,21.76935875],[88.19392717,21.76303172]],[[88.19658566,21.73146606],[88.19961596,21.72810543],[88.20118594,21.73666775],[88.19658566,21.73146606]],[[88.28359044,21.72253585],[88.29978466,21.70637131],[88.30284846,21.75558102],[88.28915894,21.77850378],[88.28359044,21.72253585]],[[88.28180444,21.76583946],[88.28115356,21.76942897],[88.27911496,21.76967073],[88.28180444,21.76583946]],[[88.28350162,21.76998055],[88.28532433,21.78782284],[88.2634716,21.79254222],[88.27317512,21.77666795],[88.28350162,21.76998055]],[[88.29632676,21.77396333],[88.29925537,21.78357911],[88.30989075,21.78416204],[88.31037044,21.79391265],[88.29390574,21.80257356],[88.31122816,21.79505944],[88.31129622,21.78291285],[88.29840684,21.77671528],[88.30970573,21.73358917],[88.30708015,21.71391892],[88.33235443,21.71040988],[88.343104,21.75986373],[88.35667253,21.76680183],[88.37812841,21.76923692],[88.38002205,21.78793192],[88.36087036,21.79638422],[88.35133135,21.82193077],[88.35132885,21.85515511],[88.31458366,21.85711801],[88.31517255,21.84417558],[88.3057965,21.82853425],[88.26284015,21.81109142],[88.26253033,21.79519105],[88.28493667,21.7898494],[88.29632676,21.77396333]],[[88.38298976,21.78004885],[88.42284775,21.71993506],[88.42055321,21.76569021],[88.44264984,21.79963815],[88.43074775,21.79886115],[88.41749036,21.80905604],[88.38298976,21.78004885]],[[88.41962135,21.81219113],[88.43038547,21.80042291],[88.44470823,21.80184615],[88.46270871,21.79008985],[88.46440041,21.79504251],[88.45018506,21.80367994],[88.44772375,21.81455362],[88.47662914,21.83729863],[88.48899162,21.83828425],[88.48332882,21.88594568],[88.45808434,21.89456081],[88.45207715,21.90492046],[88.41978967,21.90289187],[88.41886795,21.88921118],[88.40000093,21.87219334],[88.40188491,21.79770982],[88.41962135,21.81219113]],[[88.44523466,21.90623498],[88.45602834,21.91392672],[88.44236743,21.90845156],[88.44523466,21.90623498]],[[88.49058855,21.88967335],[88.5080862,21.91251576],[88.47676516,21.89853716],[88.49058855,21.88967335]],[[88.51929855,21.85484171],[88.51610863,21.83913803],[88.52394831,21.83515501],[88.51929855,21.85484171]],[[88.53649497,21.85371673],[88.54079151,21.85506165],[88.54161656,21.85737574],[88.53649497,21.85371673]],[[88.53063726,21.84916556],[88.55290747,21.81750953],[88.54993701,21.83149493],[88.56336915,21.83103263],[88.57268453,21.8578552],[88.57084894,21.90080261],[88.56258464,21.89739418],[88.54140055,21.9026618],[88.55014694,21.88017535],[88.54203546,21.85500264],[88.53063726,21.84916556]],[[88.59471416,21.85486412],[88.62106144,21.83133376],[88.61192596,21.81667328],[88.6388272,21.7848798],[88.65347016,21.86755538],[88.63223386,21.87062585],[88.62035751,21.89768791],[88.59471416,21.85486412]],[[88.64148343,21.87355137],[88.66721284,21.91310632],[88.63776875,21.92128074],[88.62316954,21.90130937],[88.64148343,21.87355137]],[[88.71892583,21.90912974],[88.74888885,21.89722216],[88.75055552,21.88888884],[88.75750005,21.88638878],[88.75805545,21.88027775],[88.7719444,21.87805545],[88.77611113,21.86972225],[88.78638876,21.87861097],[88.78833318,21.87944436],[88.7919445,21.87861097],[88.79333317,21.87277782],[88.78805554,21.86472225],[88.81444442,21.90138876],[88.79999995,21.91916656],[88.73611104,21.91805553],[88.72372806,21.93182743],[88.71892583,21.90912974]],[[88.74134612,21.92202544],[88.79170322,21.92049468],[88.80569375,21.93634117],[88.78880131,21.94047534],[88.78652644,21.95237064],[88.77525163,21.94147015],[88.76721847,21.94507146],[88.75033271,21.95519745],[88.75305414,21.97683108],[88.72823536,21.97960603],[88.72202337,21.94262326],[88.74134612,21.92202544]],[[88.67112315,21.95096636],[88.69429922,21.96139956],[88.68481338,21.97392166],[88.68720663,21.99159884],[88.6930176,21.97006297],[88.71569896,22.00031555],[88.65328467,22.0192672],[88.62867725,21.9583081],[88.67831922,21.94277215],[88.68795717,21.95281625],[88.67112315,21.95096636]],[[88.66358364,22.02392602],[88.72287095,22.00562155],[88.74012935,22.02073765],[88.68827426,22.05964112],[88.68499172,22.08481085],[88.73803473,22.13437498],[88.78938091,22.16913056],[88.76867366,22.17998564],[88.7653445,22.19191122],[88.73170924,22.19407225],[88.69808066,22.20867658],[88.65310931,22.16343915],[88.63415027,22.10618782],[88.66358364,22.02392602]],[[88.63277781,22.06055546],[88.62916672,22.05305552],[88.63555551,22.04861104],[88.63277781,22.06055546]],[[88.7643609,22.19495475],[88.79408324,22.17057443],[88.80985963,22.18324387],[88.8366394,22.16856182],[88.82809317,22.19403136],[88.81819105,22.19558775],[88.80551136,22.20834255],[88.79867828,22.22574866],[88.82566595,22.24088323],[88.82639337,22.26387537],[88.81525814,22.26420796],[88.81386805,22.28299224],[88.7950778,22.27633333],[88.79186416,22.2584753],[88.75137186,22.22784495],[88.74727476,22.19816196],[88.7643609,22.19495475]],[[88.82028866,22.26545107],[88.82738721,22.26516676],[88.8295536,22.25323308],[88.82821238,22.24123776],[88.80044556,22.22591054],[88.80688286,22.20868266],[88.81927085,22.19630146],[88.82834554,22.2096132],[88.83457184,22.20899665],[88.84369171,22.190274],[88.85503113,22.20629811],[88.88323927,22.20132101],[88.88114381,22.21184313],[88.84882104,22.20985091],[88.84181452,22.2116971],[88.83934891,22.21534955],[88.85804224,22.24402392],[88.8756181,22.25259018],[88.84111846,22.21408045],[88.883587,22.21213114],[88.88503027,22.20156646],[88.86628938,22.19429863],[88.87228918,22.17113197],[88.89918435,22.17754495],[88.91906893,22.16550457],[88.90442085,22.19717634],[88.91394746,22.21612513],[88.90016234,22.22286117],[88.88612294,22.23485196],[88.88734424,22.26458275],[88.86448145,22.27011371],[88.84330475,22.28984785],[88.88826561,22.2652353],[88.88662136,22.23713768],[88.90362775,22.22298348],[88.91903496,22.23291254],[88.95246124,22.22435308],[88.92998028,22.26080596],[88.93495965,22.30208445],[88.91108584,22.30563617],[88.87071454,22.35747671],[88.82053006,22.35956717],[88.80502236,22.29521501],[88.81517768,22.28320313],[88.82028866,22.26545107]],[[88.89885604,22.33696651],[88.8976649,22.36366737],[88.88445807,22.37115884],[88.87497878,22.38674426],[88.88077807,22.40275705],[88.86532652,22.38563061],[88.86167145,22.41079974],[88.86104023,22.37073576],[88.89885604,22.33696651]],[[88.87184262,22.40552044],[88.86952925,22.41010416],[88.86596155,22.41077673],[88.87184262,22.40552044]],[[88.87677276,22.38822091],[88.89760792,22.36650014],[88.88812613,22.37814856],[88.92141271,22.39960003],[88.90283108,22.41475976],[88.89230335,22.46536362],[88.89243543,22.48447871],[88.90520096,22.49737191],[88.89508462,22.5541023],[88.86890733,22.54027236],[88.86827898,22.52265728],[88.85621476,22.50950265],[88.84356201,22.50692582],[88.86765635,22.4876281],[88.85459304,22.43764007],[88.88232851,22.40325606],[88.87677276,22.38822091]],[[88.82335103,22.43303573],[88.81040025,22.48012233],[88.78068721,22.5],[88.80085647,22.46129704],[88.80365813,22.44458663],[88.81647992,22.43309164],[88.82648957,22.43194914],[88.83531106,22.43409288],[88.82335103,22.43303573]],[[88.85916662,22.46944427],[88.85805547,22.46833324],[88.85611105,22.45888877],[88.85916662,22.46944427]],[[88.89547575,22.56038475],[88.91445231,22.51034308],[88.89465845,22.46609926],[88.92083406,22.42588902],[88.9075098,22.41594934],[88.92987955,22.39104235],[88.89643574,22.38020015],[88.9076792,22.33517873],[88.94206965,22.30975378],[88.95341468,22.36487508],[88.94482732,22.37007141],[88.93422186,22.39593112],[88.93965483,22.41926777],[88.93540001,22.39588404],[88.9584769,22.36497116],[88.96442676,22.40963864],[88.99859786,22.43002045],[88.99514926,22.46733296],[88.95986521,22.5487076],[88.91923904,22.5652163],[88.89547575,22.56038475]],[[88.96440411,22.36723626],[88.94718528,22.25546277],[88.97164404,22.21019924],[89.01961815,22.20556283],[89.0229274,22.16647685],[89.06215155,22.12838125],[89.09604287,22.15561664],[89.06762135,22.1484375],[89.06709206,22.19823062],[89.03714085,22.22662175],[89.03259468,22.25688696],[89.01496995,22.25106955],[89.01789296,22.26766765],[88.99416947,22.28555512],[88.99981165,22.29779625],[89.02328563,22.29689145],[88.9835937,22.32542455],[88.98245382,22.37444043],[88.98882365,22.39134204],[88.97053635,22.40879083],[88.97390401,22.39395356],[88.96440411,22.36723626]],[[88.98918784,22.38538516],[88.99595082,22.38567388],[88.99445045,22.39062834],[88.98918784,22.38538516]],[[89.01298666,22.19571447],[88.97292495,22.19347584],[88.99675083,22.14014566],[88.96247125,22.0607177],[88.97849655,22.03990674],[88.98512435,22.05673373],[89.0147469,22.06437027],[89.02612722,22.05287993],[89.02224886,22.07846916],[89.03822875,22.05294013],[89.03544807,22.10862887],[89.01684046,22.11151016],[89.01497304,22.11449862],[89.02959323,22.12273216],[89.01666856,22.11338043],[89.03546965,22.11040711],[89.05059671,22.13072562],[89.01815546,22.15441585],[89.01298666,22.19571447]],[[89.01607847,22.05061972],[89.01542985,22.06278694],[88.98494828,22.05469561],[88.96796584,22.01519096],[88.97852194,22.00615287],[88.97472787,21.99308801],[88.98240662,21.99342716],[88.99417412,22.00575602],[88.99949884,22.00693572],[88.98340595,21.99279237],[88.97555852,21.99123001],[88.98934126,21.98574412],[88.99246836,21.97378147],[89.00514495,21.98799336],[89.02041137,21.99745953],[89.02818441,21.99718165],[89.03264904,22.00181556],[89.03042066,21.99678087],[89.00499582,21.98573875],[89.01433492,21.98433721],[89.01814461,21.97567403],[88.99937904,21.94967437],[89.03043854,21.92621756],[89.04913712,21.92950666],[89.04119813,21.93319726],[89.04110825,21.95085561],[89.04331255,21.93262064],[89.06027508,21.93197811],[89.07346666,22.00397515],[89.04062653,22.0487169],[89.01607847,22.05061972]],[[89.00778997,21.98144865],[88.99112594,21.97031951],[88.97302234,21.98706424],[88.96221185,22.01691866],[88.97708273,22.03842986],[88.93975556,22.06203103],[88.94681752,21.99121094],[88.92528975,21.96327436],[88.93574226,21.93626463],[88.96610117,21.92268252],[88.96246851,21.93476522],[88.97611737,21.94611812],[88.96902585,21.92068374],[89.01431167,21.90256095],[89.02134323,21.92146826],[88.99105,21.94830012],[89.00778997,21.98144865]],[[88.92046511,21.92575943],[88.85801482,21.91074383],[88.81970155,21.92775166],[88.85414326,21.88941061],[88.86123085,21.86473882],[88.85819995,21.85732794],[88.87788534,21.85391414],[88.88661993,21.81273735],[88.91410828,21.82735682],[88.92329276,21.82467294],[88.92289937,21.83559883],[88.93889928,21.84986603],[88.92586994,21.85118866],[88.92129171,21.85427511],[88.91463125,21.86110008],[88.91387022,21.87876964],[88.90727055,21.87899673],[88.91496813,21.88060367],[88.91770041,21.86040354],[88.93805075,21.85405505],[88.94686544,21.84090066],[88.95032215,21.86369002],[88.95690525,21.86957324],[88.9453125,21.88588154],[88.95868802,21.86946142],[88.95532632,21.85416353],[88.97642863,21.86762536],[88.96612465,21.89054096],[88.97394395,21.89756632],[88.92046511,21.92575943]],[[88.95020795,21.83975625],[88.95633471,21.82703507],[88.97452497,21.82627976],[88.97978806,21.81817722],[88.97255933,21.80059493],[88.95407593,21.80319703],[88.94268787,21.78623354],[88.97106242,21.77518797],[88.99419761,21.81416225],[89.03008854,21.83312786],[88.98918891,21.8679291],[89.01647174,21.85019505],[89.03086138,21.86319172],[88.9710592,21.89167547],[88.97882175,21.86647618],[88.95020795,21.83975625]],[[89.00664985,21.81024516],[88.9950484,21.81215274],[88.99007452,21.79052174],[89.01255476,21.78147912],[89.01103365,21.77641463],[88.99865735,21.76989377],[88.99963295,21.76601684],[89.01420295,21.76583576],[89.02363884,21.75898612],[89.00664985,21.81024516]],[[88.99963212,21.76386654],[89.01647341,21.73284555],[89.01755404,21.7176671],[89.05935717,21.72599745],[88.99963212,21.76386654]],[[89.06078768,21.72175455],[89.00967133,21.7046473],[89.02242875,21.69964516],[89.02601635,21.68948937],[89.02858043,21.63498437],[89.06254673,21.6183362],[89.09279275,21.63684022],[89.09226143,21.66579855],[89.06491876,21.68922365],[89.06078768,21.72175455]],[[89.03628027,21.62109375],[89.02130175,21.63880706],[89.02227092,21.65447056],[88.99733543,21.64902341],[88.98836124,21.65222907],[88.98571706,21.70534134],[88.9731971,21.69730961],[88.95154727,21.70139146],[88.96389413,21.66020572],[88.96377516,21.64646852],[88.96802831,21.64172578],[88.98252487,21.64589691],[88.99051476,21.64544475],[88.99283516,21.64357102],[88.99900687,21.60257232],[89.02936065,21.60542882],[89.03628027,21.62109375]],[[88.83224595,21.60621226],[88.84261358,21.55402291],[88.90365255,21.55566394],[88.87596095,21.59229565],[88.83224595,21.60621226]],[[88.56535017,21.56906557],[88.58620727,21.60685205],[88.54201615,21.63486314],[88.52437246,21.65292776],[88.51036871,21.60115588],[88.53675795,21.58852148],[88.55694115,21.60410297],[88.53685403,21.58697772],[88.54373956,21.56694674],[88.56535017,21.56906557]],[[88.39795315,21.59628177],[88.43187702,21.62692702],[88.41141605,21.65790784],[88.41354072,21.69090784],[88.42837954,21.70173645],[88.3951416,21.75471544],[88.38774502,21.73477805],[88.36864555,21.72711754],[88.40397751,21.71519554],[88.37971437,21.67246985],[88.39795315,21.59628177]],[[88.30787814,21.61145914],[88.35812962,21.64748514],[88.34637845,21.65373838],[88.35113776,21.67786574],[88.32950044,21.70468795],[88.30388713,21.7075628],[88.31661141,21.66490543],[88.30787814,21.61145914]],[[88.3374325,21.71006381],[88.36532795,21.68707454],[88.39771044,21.71372116],[88.36503851,21.72278321],[88.35976815,21.73363125],[88.35965395,21.74565852],[88.37088227,21.76314485],[88.34268141,21.7540431],[88.3374325,21.71006381]],[[88.36104834,21.73338664],[88.38742292,21.74186635],[88.38143623,21.76688242],[88.36112165,21.74608803],[88.36104834,21.73338664]],[[88.42299795,21.76611555],[88.44064724,21.70939696],[88.45561445,21.71094286],[88.46726894,21.73702717],[88.4725548,21.79331827],[88.46894836,21.79401183],[88.46341085,21.78889835],[88.45824814,21.78881121],[88.44498312,21.79701722],[88.42299795,21.76611555]],[[88.54002166,21.80995035],[88.50424755,21.76258326],[88.53503501,21.79210424],[88.50424361,21.75762367],[88.51879466,21.71970367],[88.54162097,21.73738825],[88.57242417,21.73537564],[88.56030285,21.80257535],[88.54002166,21.80995035]],[[88.49785554,21.82222497],[88.47984505,21.83540964],[88.44959807,21.81203115],[88.48550224,21.79866576],[88.49785554,21.82222497]],[[88.58228481,21.80790675],[88.61418498,21.79824352],[88.60734224,21.81549418],[88.61818981,21.82915044],[88.59147394,21.85209465],[88.58228481,21.80790675]],[[88.55934155,21.82983124],[88.55734265,21.82384121],[88.55967915,21.82964754],[88.55934155,21.82983124]],[[88.58801401,21.76565611],[88.62313855,21.73646927],[88.61913776,21.72549355],[88.59887362,21.71553898],[88.60918236,21.70828366],[88.63064384,21.74037206],[88.62273872,21.77407634],[88.60163236,21.78973186],[88.58801401,21.76565611]],[[88.70876765,21.69826877],[88.74764895,21.65843165],[88.75578225,21.66453183],[88.73138082,21.68139005],[88.72948623,21.68674946],[88.74154997,21.69043791],[88.75810695,21.68364596],[88.76272786,21.69294524],[88.75852776,21.70959795],[88.74643755,21.70592487],[88.73619306,21.71977067],[88.74888051,21.70710421],[88.77649331,21.72111166],[88.75324345,21.73087955],[88.75230014,21.74844456],[88.75886238,21.75937605],[88.72811973,21.77782178],[88.71587014,21.80718946],[88.69501865,21.74616957],[88.70876765,21.69826877]],[[88.73000002,21.79722226],[88.74972224,21.81638885],[88.75277782,21.81194437],[88.75250006,21.78944445],[88.76166666,21.78472221],[88.77722216,21.82166672],[88.76499987,21.82666671],[88.7655555,21.84166658],[88.76916671,21.85333335],[88.78055561,21.85944438],[88.71784341,21.90718937],[88.69694436,21.84861112],[88.7030555,21.85749996],[88.71749985,21.85555553],[88.69583332,21.84111094],[88.70249987,21.82416666],[88.70444441,21.82944441],[88.72805548,21.83749986],[88.70361114,21.81944442],[88.73000002,21.79722226]],[[88.78222215,21.82666671],[88.7897222,21.82138884],[88.79444444,21.8125],[88.79472208,21.79138875],[88.82111096,21.82500005],[88.82166672,21.87111115],[88.80694437,21.86666656],[88.80138874,21.86805546],[88.79888892,21.87083316],[88.79944444,21.87750006],[88.78777766,21.8636111],[88.78916657,21.87861097],[88.77750003,21.86777782],[88.78222215,21.85972226],[88.76583326,21.82888877],[88.78222215,21.82666671]],[[88.80027783,21.87055552],[88.82138884,21.87249994],[88.82994318,21.86500001],[88.83749986,21.89222205],[88.81525457,21.90053236],[88.80027783,21.87055552]],[[88.85365355,21.86527765],[88.83500004,21.78166664],[88.86444438,21.77916658],[88.91333318,21.72777772],[88.92138874,21.74361098],[88.89138877,21.75361097],[88.89805555,21.77861095],[88.88222206,21.79722226],[88.87722206,21.85166657],[88.85749996,21.85555553],[88.85365355,21.86527765]],[[88.90055561,21.78944445],[88.89472222,21.75527775],[88.90555561,21.75166655],[88.91246092,21.7552042],[88.91138875,21.76166666],[88.91925335,21.77022445],[88.91777766,21.79166663],[88.93499994,21.82249987],[88.88333333,21.80861115],[88.90055561,21.78944445]],[[88.93499994,21.82444441],[88.93888891,21.81666672],[88.91972208,21.7919445],[88.92444444,21.78750002],[88.91499984,21.75583327],[88.92138874,21.76611114],[88.95888877,21.77083325],[88.94042087,21.78236544],[88.94027781,21.79305553],[88.95416665,21.80805552],[88.97000003,21.80277765],[88.97638893,21.82111096],[88.95388877,21.82527781],[88.94138885,21.84722221],[88.92472208,21.83527768],[88.93499994,21.82444441]],[[88.95133054,21.75750923],[88.96589792,21.75186646],[88.96910834,21.74042475],[88.98380876,21.74782872],[88.98728526,21.74702561],[88.98869455,21.73971987],[88.97666991,21.72868907],[89.01479244,21.71875203],[88.99668157,21.76848805],[89.00902271,21.78259456],[88.98988712,21.78910077],[88.95133054,21.75750923]],[[89.02027476,21.71419311],[88.97067428,21.72116566],[88.99238634,21.70108426],[88.99297321,21.65150857],[89.01795447,21.66137147],[89.02419233,21.68720794],[89.00753427,21.70457697],[89.02027476,21.71419311]],[[88.98693907,21.73978221],[88.96730578,21.73942971],[88.96390605,21.75220942],[88.92233801,21.7610296],[88.92268193,21.72032285],[88.94994235,21.70243788],[88.98324537,21.70566535],[88.96933794,21.72277331],[88.98693907,21.73978221]],[[88.94194436,21.68972206],[88.88055551,21.74277782],[88.87305546,21.69444442],[88.88777781,21.65805554],[88.92083335,21.63222206],[88.94194436,21.68972206]],[[88.93967211,21.64667344],[88.98780632,21.61302257],[88.99506986,21.62596107],[88.99019432,21.64451695],[88.9710294,21.64053094],[88.96541286,21.64165008],[88.96185815,21.64861715],[88.96099603,21.66637087],[88.95502806,21.67684972],[88.93967211,21.64667344]],[[88.77218354,21.62464201],[88.7695986,21.65556824],[88.74895966,21.64578354],[88.73620677,21.64478147],[88.72975123,21.64014971],[88.73611212,21.62353134],[88.73614502,21.61202562],[88.75454354,21.60376632],[88.75837874,21.59972596],[88.75087535,21.57714343],[88.79795325,21.59134626],[88.77218354,21.62464201]],[[88.73585403,21.61040175],[88.72089863,21.63818216],[88.70737255,21.5928781],[88.73593593,21.57167375],[88.75694394,21.59940875],[88.73585403,21.61040175]],[[88.59915864,21.61976981],[88.59642005,21.64778173],[88.58617651,21.65769768],[88.57673836,21.69185495],[88.56759298,21.69082618],[88.57120085,21.66674304],[88.55352736,21.64026845],[88.59915864,21.61976981]],[[88.56177545,21.70532775],[88.57390511,21.69364834],[88.54316175,21.72399235],[88.56981921,21.71063781],[88.57970536,21.68483067],[88.59055042,21.69030285],[88.57070172,21.73258281],[88.54166114,21.73604906],[88.51727164,21.71171784],[88.52800846,21.65641105],[88.54858577,21.63647342],[88.56891823,21.66920614],[88.56177545,21.70532775]],[[88.46571612,21.67555904],[88.45302033,21.70955312],[88.41927314,21.68898511],[88.44151473,21.61513996],[88.46571612,21.67555904]],[[88.57969081,21.72598886],[88.62043536,21.73721683],[88.58675623,21.75224125],[88.58218718,21.77783275],[88.56892121,21.76908302],[88.57969081,21.72598886]],[[88.69169641,21.69185555],[88.723019,21.63853395],[88.73578608,21.64531672],[88.75125766,21.64850664],[88.70895827,21.67941856],[88.69658911,21.71323204],[88.69169641,21.69185555]],[[88.79694438,21.65527773],[88.80666661,21.70666671],[88.75750005,21.68222225],[88.73055553,21.68638885],[88.79694438,21.65527773]],[[88.79301476,21.71413958],[88.81948686,21.70180428],[88.80920565,21.63800847],[88.84595776,21.61997771],[88.82879174,21.65050125],[88.84370136,21.62709677],[88.8600167,21.63696206],[88.83912075,21.70688713],[88.86414135,21.76080811],[88.83165514,21.76585984],[88.80915225,21.74854136],[88.79661691,21.74696112],[88.7908051,21.74902976],[88.79270864,21.73521745],[88.7631098,21.69994044],[88.79301476,21.71413958]],[[88.78653407,21.73635554],[88.78232324,21.76685524],[88.79582596,21.78711093],[88.7824198,21.82497895],[88.76653945,21.78698313],[88.74970281,21.76969004],[88.76427734,21.76185822],[88.75629175,21.73362184],[88.78653407,21.73635554]],[[88.7460463,21.77259922],[88.74957454,21.79992342],[88.75014281,21.81420565],[88.72825026,21.77999425],[88.7460463,21.77259922]],[[88.79985046,21.74935627],[88.83044171,21.7671926],[88.82190537,21.82246387],[88.78397954,21.76569867],[88.79985046,21.74935627]],[[88.89084864,21.65128744],[88.89395583,21.6505506],[88.88938391,21.65459871],[88.89084864,21.65128744]],[[88.64115357,21.67368746],[88.62751865,21.65814531],[88.63111436,21.64905846],[88.64115357,21.67368746]],[[88.60604036,21.6804111],[88.58804405,21.70147216],[88.59176767,21.69017053],[88.5803405,21.68287957],[88.5887202,21.65742183],[88.60604036,21.6804111]],[[88.50191343,21.78442836],[88.50388467,21.78132606],[88.50639856,21.78847921],[88.50191343,21.78442836]],[[88.86190665,21.9193933],[88.90683091,21.92895257],[88.90295911,22.01118755],[88.812765,22.0194329],[88.80208361,22.02977204],[88.77968955,22.01579845],[88.76202905,22.01485574],[88.77251196,22.01224363],[88.75370503,21.98782372],[88.77708185,21.99038815],[88.80014753,21.97061765],[88.77392232,21.98946655],[88.75347555,21.98520422],[88.75216532,21.95644474],[88.77567303,21.94341421],[88.78694308,21.95510757],[88.79023492,21.94194007],[88.86190665,21.9193933]],[[88.74827552,21.98497283],[88.75823057,22.00706303],[88.74272525,21.98342347],[88.74827552,21.98497283]],[[88.79112494,22.03238738],[88.77919674,22.03671062],[88.77543247,22.04972661],[88.75159931,22.05058944],[88.76159227,22.02157903],[88.79112494,22.03238738]],[[88.73143935,22.0452466],[88.7328912,22.04252553],[88.73398352,22.04225743],[88.73143935,22.0452466]],[[88.74838722,22.05999005],[88.78315032,22.04973805],[88.78707325,22.07189405],[88.79389966,22.05557573],[88.80452502,22.06536782],[88.81243122,22.06199563],[88.8277235,22.07123971],[88.8364588,22.06933975],[88.82741106,22.08619726],[88.81533825,22.08078837],[88.80412996,22.08450472],[88.79864228,22.09781742],[88.79855621,22.10850751],[88.78445005,22.10699654],[88.74838722,22.05999005]],[[88.73922455,22.05700088],[88.80427623,22.13023722],[88.85558557,22.14418662],[88.84323513,22.16722763],[88.85099232,22.17348027],[88.86799955,22.17030084],[88.85964715,22.20411956],[88.84358275,22.1893841],[88.82803106,22.20784581],[88.83907855,22.16773725],[88.82976615,22.16521072],[88.80902803,22.17920005],[88.74908698,22.13484371],[88.70514953,22.06426907],[88.73922455,22.05700088]],[[88.72293627,22.10120761],[88.69153607,22.08499944],[88.69282293,22.07821143],[88.72293627,22.10120761]],[[88.68891335,22.08125734],[88.69013607,22.08009517],[88.68899381,22.08218205],[88.68891335,22.08125734]],[[88.73665154,22.12775302],[88.72729838,22.11409926],[88.72829103,22.11302137],[88.73665154,22.12775302]],[[88.84864485,22.16841066],[88.86070025,22.14385366],[88.83070397,22.12753975],[88.84527802,22.1223737],[88.85284495,22.10214865],[88.88476086,22.08625853],[88.89242637,22.11419356],[88.89650154,22.09071112],[88.91740358,22.09126425],[88.92360902,22.10642803],[88.88678157,22.16421068],[88.84864485,22.16841066]],[[88.90862274,22.13518405],[88.92982984,22.12369347],[88.93882871,22.12700415],[88.92943072,22.13635576],[88.93076062,22.13892364],[88.93625963,22.14274085],[88.94026804,22.12713087],[88.93105531,22.12247014],[88.92327547,22.12249756],[88.93062472,22.09770966],[88.90125585,22.06411767],[88.91867363,21.98083854],[88.93507862,21.99037385],[88.92505157,22.06470931],[88.96633744,22.07804668],[88.95080614,22.10445404],[88.96907234,22.08277845],[88.98471022,22.12519515],[88.95308328,22.15829766],[88.97043681,22.15598893],[88.97830141,22.13278461],[88.98507786,22.1484375],[88.96094585,22.18877637],[88.94337881,22.19041336],[88.9453125,22.18191957],[88.91892993,22.16102362],[88.89472556,22.17115617],[88.90862274,22.13518405]],[[88.94219625,22.19247687],[88.96048331,22.19291985],[88.95443201,22.22111177],[88.9187268,22.23036385],[88.90816283,22.19545305],[88.93171275,22.17696083],[88.94219625,22.19247687]],[[88.90336657,22.04940164],[88.89197934,22.04965723],[88.89042723,22.04570174],[88.85206926,22.04184461],[88.87874472,22.01456785],[88.90160167,22.01844704],[88.90336657,22.04940164]],[[88.86031544,22.04590166],[88.89076877,22.04857242],[88.87029827,22.06287646],[88.86870456,22.08150733],[88.81955147,22.06286776],[88.83148611,22.05176711],[88.84535933,22.06085503],[88.83170187,22.04427385],[88.83851945,22.02393675],[88.85916054,22.02518225],[88.84992957,22.04119837],[88.86031544,22.04590166]],[[88.83198774,22.02706456],[88.81948817,22.06046116],[88.79463077,22.05420566],[88.78794277,22.05951297],[88.77999365,22.03797841],[88.83198774,22.02706456]],[[88.83712065,22.07341683],[88.86738038,22.0824542],[88.83886993,22.08994281],[88.84367824,22.09782207],[88.86788726,22.08667636],[88.84961057,22.10313487],[88.84580195,22.11910868],[88.80632985,22.12515891],[88.80594206,22.08476353],[88.82511795,22.08718252],[88.82074535,22.09290278],[88.81906795,22.10455751],[88.83712065,22.07341683]],[[88.87036455,22.06961501],[88.89102352,22.0603199],[88.90445244,22.08604193],[88.89567578,22.0893141],[88.88133955,22.08405685],[88.87019277,22.08687115],[88.87036455,22.06961501]],[[88.91799855,22.42385757],[88.91192365,22.42540932],[88.91157925,22.42311525],[88.91799855,22.42385757]],[[88.58587396,21.87480497],[88.58120775,21.87206435],[88.58233786,21.86559296],[88.58587396,21.87480497]],[[88.42366552,21.90619385],[88.42473865,21.90379775],[88.42541683,21.90461886],[88.42366552,21.90619385]],[[88.10961854,21.88396156],[88.11260641,21.91081107],[88.10463953,21.89768076],[88.10961854,21.88396156]],[[88.13357687,21.90075207],[88.1446681,21.91549003],[88.13304555,21.92755771],[88.11608326,21.91755164],[88.13357687,21.90075207]],[[88.08493662,21.93031061],[88.14342928,22.02064145],[88.14165092,22.02599347],[88.07065225,21.99087298],[88.04606557,21.91301846],[88.08493662,21.93031061]],[[88.17138875,21.93222225],[88.16499984,21.91638875],[88.16527772,21.91611111],[88.17138875,21.93222225]],[[88.13620472,21.89544404],[88.137694,21.89548957],[88.13834918,21.89811623],[88.13620472,21.89544404]],[[87.99388886,22.21555555],[87.99277782,22.21222222],[87.99666655,22.21277773],[87.99388886,22.21555555]],[[88.38536143,22.87070942],[88.38806617,22.87045324],[88.39093196,22.87436724],[88.38536143,22.87070942]],[[88.40703475,22.94494021],[88.40904653,22.93743586],[88.40775323,22.94949627],[88.40703475,22.94494021]],[[88.45152974,23.03915036],[88.45246005,23.03332818],[88.45396316,23.04110372],[88.45152974,23.03915036]],[[88.50300646,23.12963724],[88.50056183,23.12726212],[88.50429225,23.12651086],[88.50300646,23.12963724]],[[88.43751633,23.21662557],[88.44653606,23.22040403],[88.44639325,23.22117984],[88.43751633,23.21662557]],[[88.35504365,23.30082774],[88.34941864,23.30128706],[88.35041285,23.29589725],[88.35504365,23.30082774]],[[88.36947405,23.45875537],[88.37245965,23.45481718],[88.37123406,23.46009028],[88.36947405,23.45875537]],[[88.33722222,23.35527766],[88.3366667,23.35388875],[88.33888876,23.3544445],[88.33722222,23.35527766]],[[87.93611097,22.40638876],[87.93499994,22.40583324],[87.93805552,22.39666665],[87.93611097,22.40638876]],[[87.9233793,22.42791116],[87.9192121,22.42911732],[87.92567837,22.42482924],[87.9233793,22.42791116]],[[87.91416657,22.42861116],[87.91111112,22.43305552],[87.90805554,22.43166661],[87.91416657,22.42861116]],[[87.89612496,22.49600637],[87.88700676,22.49121094],[87.90135765,22.48375356],[87.89612496,22.49600637]],[[88.03153825,22.06022167],[88.02792871,22.05952895],[88.03101134,22.05899703],[88.03153825,22.06022167]],[[87.30513704,21.58677447],[87.30816913,21.571738],[87.31715131,21.57378077],[87.30513704,21.58677447]],[[87.30362988,21.58238947],[87.29961991,21.59045875],[87.30119526,21.57896006],[87.30362988,21.58238947]],[[87.31655598,21.60262978],[87.31083334,21.6044445],[87.30674601,21.59846067],[87.31655598,21.60262978]],[[87.17549026,21.75636327],[87.17316687,21.75226188],[87.17775786,21.75157392],[87.17549026,21.75636327]],[[87.17694438,21.79305553],[87.16888893,21.79111111],[87.16583335,21.78694427],[87.17694438,21.79305553]],[[87.2159667,21.80712557],[87.2114377,21.80662441],[87.2107588,21.79899836],[87.2159667,21.80712557]],[[87.21880352,21.98842073],[87.2165699,21.98300731],[87.21792078,21.98281896],[87.21880352,21.98842073]],[[87.20750344,22.00701714],[87.20922685,21.99515116],[87.21193814,21.99339592],[87.20750344,22.00701714]],[[87.12361097,21.51444435],[87.12243891,21.52082455],[87.11888015,21.51722205],[87.12361097,21.51444435]],[[86.70513117,20.68267262],[86.73038995,20.67640805],[86.74015427,20.67142951],[86.72815466,20.68158305],[86.70513117,20.68267262]],[[86.72597468,20.67654657],[86.72948813,20.67472601],[86.72988951,20.67494404],[86.72597468,20.67654657]],[[86.66325355,20.70144975],[86.65129566,20.69749284],[86.66453397,20.7000972],[86.66325355,20.70144975]],[[86.59369957,20.71621203],[86.57769978,20.69993472],[86.58375144,20.69137704],[86.59526432,20.70209801],[86.60559142,20.69763255],[86.59369957,20.71621203]],[[85.89601386,20.84465575],[85.89483821,20.840433],[85.90027738,20.84083855],[85.89601386,20.84465575]],[[85.7025547,20.83398557],[85.7016021,20.83520532],[85.70180142,20.83405447],[85.7025547,20.83398557]],[[85.68475485,20.82596517],[85.68283415,20.82352245],[85.68476462,20.8235476],[85.68475485,20.82596517]],[[85.68544781,20.82424152],[85.68586743,20.82530272],[85.68508995,20.82482004],[85.68544781,20.82424152]],[[85.61517656,20.79890323],[85.62229943,20.80010462],[85.62097454,20.80357385],[85.61517656,20.79890323]],[[85.43645501,20.77935612],[85.4296875,20.78320312],[85.42598724,20.78766465],[85.42692435,20.7832396],[85.43645501,20.77935612]],[[85.29509103,20.86911273],[85.28747153,20.85637915],[85.29425883,20.84961045],[85.29509103,20.86911273]],[[85.19109142,21.035537],[85.19326806,21.03498554],[85.19299614,21.03581941],[85.19109142,21.035537]],[[85.14992583,21.1302464],[85.14634538,21.13523591],[85.14550054,21.12883425],[85.14992583,21.1302464]],[[85.15468252,21.14966822],[85.15418124,21.14773154],[85.15525544,21.14798713],[85.15468252,21.14966822]],[[85.14599955,21.15841246],[85.14915192,21.15695465],[85.14553773,21.16517854],[85.14599955,21.15841246]],[[85.11026597,21.07053602],[85.11079586,21.07247245],[85.10912025,21.07220364],[85.11026597,21.07053602]],[[86.66786623,20.61741376],[86.66944444,20.60805547],[86.67053187,20.61882734],[86.66786623,20.61741376]],[[86.56666672,20.61694443],[86.56833327,20.61611116],[86.56710374,20.61806715],[86.56666672,20.61694443]],[[86.43753803,20.60806406],[86.4405359,20.60610735],[86.44003606,20.60759175],[86.43753803,20.60806406]],[[86.28514373,20.65136123],[86.28400147,20.64812255],[86.28764176,20.64555848],[86.28514373,20.65136123]],[[86.60305548,20.34083331],[86.59031236,20.33825541],[86.60388875,20.34000003],[86.60305548,20.34083331]],[[86.59380543,20.38295436],[86.59283996,20.37732935],[86.59377396,20.37718308],[86.59380543,20.38295436]],[[86.59573805,20.38091111],[86.59970713,20.38429856],[86.59758151,20.38766944],[86.59573805,20.38091111]],[[86.59511185,20.39808404],[86.59703886,20.39342844],[86.5974673,20.39369834],[86.59511185,20.39808404]],[[86.57247174,20.40603971],[86.51399434,20.41573656],[86.49482131,20.39183366],[86.56340635,20.39388895],[86.57247174,20.40603971]],[[86.41613936,20.45214164],[86.36886275,20.46585345],[86.35281241,20.46236873],[86.34518182,20.46931911],[86.30717373,20.46594214],[86.33381426,20.45431852],[86.34153342,20.46337461],[86.34506965,20.46317852],[86.35215521,20.45641923],[86.36077726,20.46242344],[86.38699293,20.44398463],[86.39631283,20.45086062],[86.41613936,20.45214164]],[[86.06139493,20.46298742],[86.06678855,20.45877707],[86.06703055,20.46305692],[86.06139493,20.46298742]],[[85.99559045,20.45374668],[85.99333501,20.45293713],[85.99560475,20.45292366],[85.99559045,20.45374668]],[[85.94620001,20.47398472],[85.93066347,20.48230612],[85.9358139,20.47595203],[85.94620001,20.47398472]],[[86.49856532,20.17666984],[86.49586678,20.16160858],[86.50782192,20.17296004],[86.49856532,20.17666984]],[[86.48949373,20.1463021],[86.49445164,20.14899325],[86.48911452,20.14862204],[86.48949373,20.1463021]],[[86.32075596,19.99143148],[86.31837416,19.99480486],[86.32101452,19.98808241],[86.32075596,19.99143148]],[[86.31573784,19.99893236],[86.32076085,20.00071681],[86.31884766,20.00232696],[86.31573784,19.99893236]],[[86.33509707,19.9884305],[86.33689535,19.99928522],[86.32931375,20.01044226],[86.3272078,19.99877095],[86.33509707,19.9884305]],[[86.31573892,20.0084635],[86.30988741,20.01599908],[86.31287265,20.00819814],[86.31573892,20.0084635]],[[86.32166076,20.01038837],[86.31573916,20.03113222],[86.30130327,20.02680385],[86.31607354,20.02133453],[86.32166076,20.01038837]],[[86.27277768,20.02499986],[86.26472223,20.02277768],[86.26472223,20.02222216],[86.27277768,20.02499986]],[[86.25520706,20.02480245],[86.25389504,20.02246654],[86.25768185,20.02139294],[86.25520706,20.02480245]],[[86.26677287,20.03536677],[86.30775583,20.03426194],[86.26964855,20.05820966],[86.24469101,20.03411496],[86.24743366,20.02901721],[86.26677287,20.03536677]],[[86.26833332,20.03250003],[86.26250005,20.03222215],[86.26833332,20.03138876],[86.26833332,20.03250003]],[[86.25529838,20.05266786],[86.25649035,20.05714047],[86.25042975,20.05158031],[86.25529838,20.05266786]],[[86.29166663,20.04722226],[86.29694438,20.04972208],[86.29083335,20.04888892],[86.29166663,20.04722226]],[[86.30057657,20.0390625],[86.30073774,20.04223228],[86.29870045,20.04155695],[86.30057657,20.0390625]],[[86.31334054,20.03822541],[86.30987775,20.04056787],[86.30874205,20.0390625],[86.31334054,20.03822541]],[[86.3223505,20.02278733],[86.32215393,20.028988],[86.32012403,20.02954602],[86.3223505,20.02278733]],[[86.14679158,20.21484375],[86.12331486,20.21811354],[86.1328125,20.17382813],[86.14647114,20.1775949],[86.14679158,20.21484375]],[[86.11942816,20.21484375],[86.06950057,20.24348497],[86.02981305,20.28819597],[86.01421535,20.25421405],[86.03835046,20.20678437],[86.12663627,20.17033851],[86.11942816,20.21484375]],[[84.76296115,19.10216355],[84.76309133,19.10699451],[84.76096535,19.10247385],[84.76296115,19.10216355]],[[84.76692665,19.10459352],[84.76708543,19.10166597],[84.76990855,19.10548914],[84.76692665,19.10459352]],[[83.26985431,17.71003985],[83.26908076,17.70823717],[83.26992977,17.70824897],[83.26985431,17.71003985]],[[82.19480073,16.72665417],[82.19545317,16.72347605],[82.19681346,16.72344625],[82.19480073,16.72665417]],[[81.75817835,17.01052666],[81.75436366,17.00696456],[81.76087105,17.00271595],[81.75817835,17.01052666]],[[81.75014985,17.02127743],[81.75090635,17.01341784],[81.75398493,17.01869905],[81.75014985,17.02127743]],[[81.73430073,17.02045774],[81.7463417,17.02611864],[81.73533475,17.0294795],[81.73430073,17.02045774]],[[81.74375391,17.02966642],[81.74936557,17.03386915],[81.74093556,17.03359222],[81.74375391,17.02966642]],[[81.76441491,17.02942467],[81.75130355,17.03964245],[81.74018145,17.06149721],[81.73528242,17.06109524],[81.74072444,17.03681636],[81.76441491,17.02942467]],[[81.72614026,17.06820536],[81.72041202,17.07022107],[81.72060287,17.06510222],[81.72614026,17.06820536]],[[81.71280146,17.07575166],[81.70761406,17.07723618],[81.71291566,17.07145262],[81.71280146,17.07575166]],[[81.70944858,17.08316338],[81.71484995,17.08169806],[81.70907974,17.08593035],[81.70944858,17.08316338]],[[81.72935545,17.07665062],[81.73401988,17.09657025],[81.7237643,17.11332798],[81.71603048,17.09756231],[81.72935545,17.07665062]],[[81.71620285,17.09232545],[81.71218491,17.08690321],[81.71676302,17.09021306],[81.71620285,17.09232545]],[[81.653741,17.24357414],[81.64163935,17.22442865],[81.65809298,17.18802583],[81.66536784,17.2265625],[81.653741,17.24357414]],[[81.67790306,17.29625857],[81.65783286,17.30557156],[81.66061485,17.28235984],[81.67790306,17.29625857]],[[81.2856456,17.53419948],[81.28435493,17.53049707],[81.29099822,17.52520394],[81.2856456,17.53419948]],[[81.54746222,16.35049176],[81.52542436,16.35075486],[81.52097785,16.35429156],[81.51348674,16.35044932],[81.54746222,16.35049176]],[[81.49179006,16.35210192],[81.5408715,16.35873675],[81.55446696,16.35125744],[81.55229116,16.36980045],[81.52291346,16.3819046],[81.49270022,16.37086976],[81.47773576,16.39121127],[81.49179006,16.35210192]],[[80.89363873,15.88423526],[80.89645755,15.88543975],[80.89618754,15.88989544],[80.89363873,15.88423526]],[[80.9035207,15.90470874],[80.89972794,15.90606701],[80.90060318,15.90138245],[80.9035207,15.90470874]],[[80.90506268,15.91166735],[80.90520895,15.9182682],[80.90866721,15.93326807],[80.90324736,15.92226934],[80.90506268,15.91166735]],[[80.90885675,15.92041898],[80.91214156,15.92332602],[80.91179025,15.92660534],[80.90885675,15.92041898]],[[80.90216875,15.93618906],[80.89566576,15.92216086],[80.89955854,15.91326976],[80.90169418,15.91763794],[80.90216875,15.93618906]],[[80.90390122,15.93396688],[80.90802085,15.93933046],[80.90785956,15.93941271],[80.90390122,15.93396688]],[[80.90315866,15.94572401],[80.90822506,15.96461475],[80.88939702,15.98995531],[80.90315866,15.94572401]],[[80.8934381,15.98666644],[80.89853406,15.99511707],[80.89075875,16.00511622],[80.88914347,16.01292205],[80.8934381,15.98666644]],[[80.89878213,15.98848951],[80.90925634,15.98228347],[80.9016335,15.99362385],[80.89878213,15.98848951]],[[80.88621116,16.04524684],[80.8829205,16.02218187],[80.88685691,16.01342154],[80.89474893,16.03734267],[80.88621116,16.04524684]],[[80.89145386,16.04547977],[80.89002764,16.04505014],[80.89330876,16.04290366],[80.89145386,16.04547977]],[[80.88217676,16.08365941],[80.89098775,16.05832195],[80.88801825,16.04840171],[80.89389086,16.0475105],[80.89691675,16.06101322],[80.88217676,16.08365941]],[[80.87664461,16.08053791],[80.88139963,16.1157124],[80.86412513,16.13371754],[80.86219823,16.12435174],[80.87009835,16.11453974],[80.86958253,16.1061424],[80.87427175,16.10316086],[80.87664461,16.08053791]],[[80.68283534,16.43799293],[80.68392301,16.43925977],[80.68106687,16.4407562],[80.68283534,16.43799293]],[[80.59804845,16.50648177],[80.59849334,16.50771666],[80.58444452,16.51334226],[80.58891785,16.50841236],[80.59804845,16.50648177]],[[80.57788312,16.51323032],[80.57005966,16.50944543],[80.57925963,16.51116872],[80.57788312,16.51323032]],[[80.56634533,16.51826262],[80.59311807,16.51370466],[80.56466937,16.52859342],[80.56634533,16.51826262]],[[80.55170596,16.54168725],[80.53902805,16.54339755],[80.54986966,16.53322864],[80.56085944,16.51738882],[80.55170596,16.54168725]],[[80.54889214,16.52725434],[80.55721927,16.52055788],[80.54351366,16.5361526],[80.54889214,16.52725434]],[[80.55902672,16.53258455],[80.56267953,16.53609383],[80.5570116,16.53835774],[80.55902672,16.53258455]],[[80.54693532,16.54654396],[80.54998553,16.54669118],[80.54211605,16.54994333],[80.54693532,16.54654396]],[[80.53802395,16.55730653],[80.53867805,16.55423272],[80.53946257,16.55427134],[80.53802395,16.55730653]],[[80.53001106,16.56294656],[80.52773964,16.56143653],[80.530375,16.56206262],[80.53001106,16.56294656]],[[80.52731335,16.56620514],[80.52139842,16.57066906],[80.51938105,16.56838512],[80.52082241,16.56488538],[80.52731335,16.56620514]],[[80.47078645,16.56878924],[80.51997352,16.57112014],[80.50230646,16.57972646],[80.47078645,16.56878924]],[[80.45496786,16.57546031],[80.45587873,16.57370925],[80.45745897,16.57412756],[80.45496786,16.57546031]],[[80.41861451,16.58249295],[80.38790965,16.58596694],[80.36437654,16.58271146],[80.39982724,16.56533635],[80.41861451,16.58249295]],[[80.40767217,16.58908927],[80.41160047,16.5876193],[80.41318548,16.58858132],[80.40767217,16.58908927]],[[80.14347684,16.69301474],[80.14422333,16.69027138],[80.14452791,16.69354117],[80.14347684,16.69301474]],[[80.78218663,15.83741975],[80.78949893,15.82440042],[80.79136181,15.82383132],[80.79126525,15.83083606],[80.78218663,15.83741975]],[[80.79059792,15.84146261],[80.78813541,15.83782446],[80.78885853,15.83767366],[80.79059792,15.84146261]],[[80.78012824,15.84769762],[80.77310526,15.86165774],[80.78000796,15.84354591],[80.78012824,15.84769762]],[[80.78402615,15.85284102],[80.78805256,15.85444498],[80.78584754,15.85656595],[80.78402615,15.85284102]],[[80.0601387,15.19957054],[80.05939674,15.19907916],[80.06249964,15.19715095],[80.0601387,15.19957054]],[[80.18806946,14.59072506],[80.19016504,14.5911715],[80.18843794,14.59272754],[80.18806946,14.59072506]],[[80.18773675,14.57686162],[80.18979955,14.58181524],[80.18520725,14.57798755],[80.18773675,14.57686162]],[[80.10526288,14.25357628],[80.10200345,14.24363375],[80.1080904,14.24178541],[80.10526288,14.25357628]],[[80.10207498,14.24201155],[80.09298825,14.23392618],[80.09714937,14.23164833],[80.10207498,14.24201155]],[[80.12446165,14.06856501],[80.12618578,14.06529021],[80.12923038,14.06532753],[80.12446165,14.06856501]],[[79.83675182,13.87958956],[79.8404808,13.88123453],[79.83509231,13.88049531],[79.83675182,13.87958956]],[[80.32153487,13.43519533],[80.32495165,13.43595791],[80.32251823,13.43837261],[80.32153487,13.43519533]],[[80.28516364,13.45218945],[80.27585077,13.45526695],[80.28642535,13.44851375],[80.28516364,13.45218945]],[[80.22721291,13.49093497],[80.22722387,13.49388754],[80.22443116,13.49005044],[80.22721291,13.49093497]],[[80.23068261,13.49046505],[80.23435164,13.4932667],[80.22956765,13.49289453],[80.23068261,13.49046505]],[[80.26801074,13.50948691],[80.26503325,13.51960051],[80.26587296,13.4994117],[80.26801074,13.50948691]],[[80.19456995,13.51917946],[80.18869376,13.51539874],[80.19692445,13.51287925],[80.19456995,13.51917946]],[[80.18360567,13.53263307],[80.18009984,13.53384543],[80.18024874,13.53343594],[80.18360567,13.53263307]],[[80.1471194,13.61031091],[80.12073672,13.60503125],[80.12675297,13.58859682],[80.12512445,13.60153353],[80.15808415,13.59111273],[80.12688625,13.58492815],[80.14245164,13.5447067],[80.1676563,13.59014034],[80.1471194,13.61031091]],[[80.05565548,13.58852768],[80.05508685,13.58643246],[80.05701411,13.58717883],[80.05565548,13.58852768]],[[80.09488583,13.63666391],[80.09625995,13.64157248],[80.09152687,13.63655305],[80.09488583,13.63666391]],[[80.10033095,13.63903534],[80.10827386,13.64721906],[80.10650802,13.65295064],[80.10033095,13.63903534]],[[79.98514664,12.24514687],[79.99085081,12.24889028],[79.99165225,12.25053775],[79.98514664,12.24514687]],[[79.75180662,11.35980237],[79.75473964,11.36215198],[79.75164831,11.36099386],[79.75180662,11.35980237]],[[79.83749783,11.23306322],[79.83981657,11.23583817],[79.83742261,11.23519027],[79.83749783,11.23306322]],[[79.82801998,11.23570395],[79.82642686,11.23719883],[79.8237313,11.23468626],[79.82801998,11.23570395]],[[79.70681906,10.28817046],[79.70658457,10.28530085],[79.70794272,10.28640115],[79.70681906,10.28817046]],[[79.70078671,10.28931212],[79.69787741,10.28853345],[79.70080411,10.28863525],[79.70078671,10.28931212]],[[79.69383192,10.29132021],[79.69378138,10.28964186],[79.69648623,10.29013252],[79.69383192,10.29132021]],[[79.69056356,10.29779994],[79.69171464,10.29341626],[79.6928097,10.29612458],[79.69056356,10.29779994]],[[79.68635774,10.297508],[79.68359852,10.29699957],[79.68550813,10.29524136],[79.68635774,10.297508]],[[79.6077162,10.30231786],[79.60643077,10.30093396],[79.60899198,10.30110228],[79.6077162,10.30231786]],[[79.71056974,10.30743516],[79.70471811,10.30654371],[79.69888485,10.3091104],[79.71056974,10.30743516]],[[79.69244361,10.30803633],[79.68869841,10.31002891],[79.6917392,10.30424833],[79.69244361,10.30803633]],[[79.67627037,10.30973935],[79.67956674,10.3048774],[79.68346107,10.30744886],[79.67627037,10.30973935]],[[79.62371016,10.30865777],[79.62099755,10.30587018],[79.62312245,10.30617595],[79.62371016,10.30865777]],[[79.60586834,10.30621684],[79.60573447,10.31015897],[79.60491717,10.30683482],[79.60586834,10.30621684]],[[79.68884337,10.31845307],[79.71641946,10.31509101],[79.69566631,10.32118726],[79.68884337,10.31845307]],[[79.61667454,10.30649745],[79.62120473,10.30735385],[79.61610544,10.3074851],[79.61667454,10.30649745]],[[79.62834954,10.30669725],[79.63143456,10.30842721],[79.62818694,10.30797017],[79.62834954,10.30669725]],[[79.63369215,10.33211732],[79.62817991,10.33003235],[79.62793684,10.32603574],[79.63369215,10.33211732]],[[79.62530553,10.34363461],[79.62907624,10.33743525],[79.62610042,10.34353888],[79.62530553,10.34363461]],[[79.62249637,10.29721415],[79.62943065,10.29854333],[79.62017405,10.29888165],[79.62249637,10.29721415]],[[78.48778951,9.13474715],[78.48471463,9.13113427],[78.48624766,9.1307106],[78.48778951,9.13474715]],[[78.11954057,8.63790357],[78.11825323,8.61741185],[78.12298274,8.62931693],[78.11954057,8.63790357]],[[78.12027407,8.61733615],[78.12033415,8.61554647],[78.12161934,8.61758494],[78.12027407,8.61733615]],[[78.11536837,8.61639714],[78.11753941,8.61011732],[78.12066257,8.61407328],[78.11536837,8.61639714]],[[78.12735832,8.59632826],[78.12686574,8.59518576],[78.12789524,8.59596241],[78.12735832,8.59632826]],[[76.56527507,8.95119548],[76.56456125,8.94975436],[76.56540704,8.95073044],[76.56527507,8.95119548]],[[76.60731316,8.96042311],[76.60724235,8.96297514],[76.60587394,8.96185136],[76.60731316,8.96042311]],[[76.55207515,8.95578504],[76.54993737,8.95559907],[76.55044126,8.95462704],[76.55207515,8.95578504]],[[76.54458702,8.95652986],[76.54509115,8.96124876],[76.54345608,8.96033466],[76.54458702,8.95652986]],[[76.3177309,9.88675785],[76.31688607,9.90285516],[76.30795777,9.92138755],[76.30443382,9.90317941],[76.3177309,9.88675785]],[[76.28769743,9.84535265],[76.29044354,9.84663606],[76.28852832,9.84736514],[76.28769743,9.84535265]],[[76.34926975,9.86640656],[76.34908915,9.83870578],[76.37184894,9.83104277],[76.36625445,9.85531521],[76.34926975,9.86640656]],[[76.3745259,9.83786953],[76.37730455,9.84150755],[76.37293434,9.84066141],[76.3745259,9.83786953]],[[76.37720525,9.83890402],[76.37920141,9.83709276],[76.37832355,9.83953214],[76.37720525,9.83890402]],[[76.32310104,9.8093549],[76.3284353,9.82306111],[76.32374215,9.82563901],[76.32310104,9.8093549]],[[76.37006366,9.82429206],[76.36952352,9.82634485],[76.36677432,9.8264966],[76.37006366,9.82429206]],[[76.37355363,9.82434714],[76.37174642,9.8256247],[76.37314403,9.82144904],[76.37355363,9.82434714]],[[76.37063015,9.75557804],[76.37178898,9.75792694],[76.37121224,9.75822258],[76.37063015,9.75557804]],[[76.38083267,9.7149471],[76.38185871,9.71662545],[76.38152981,9.71712065],[76.38083267,9.7149471]],[[76.38190675,9.61725998],[76.38792503,9.61899316],[76.38536632,9.62049651],[76.38190675,9.61725998]],[[76.42572284,9.54972625],[76.41348505,9.56312454],[76.38331366,9.53495491],[76.42572284,9.54972625]],[[76.43887782,9.52799344],[76.46391594,9.52987003],[76.46452355,9.54153144],[76.43632305,9.55137634],[76.43887782,9.52799344]],[[76.46608126,9.52999282],[76.47910202,9.53692555],[76.46660066,9.54104495],[76.46608126,9.52999282]],[[76.40602314,9.54227054],[76.40653706,9.52780461],[76.43415618,9.52859926],[76.43458045,9.55133915],[76.40602314,9.54227054]],[[76.40360761,9.54170263],[76.383322,9.52732372],[76.40488303,9.52762282],[76.40360761,9.54170263]],[[76.36956978,10.11369765],[76.37399507,10.11465585],[76.37458646,10.11799705],[76.36956978,10.11369765]],[[76.19851172,10.19394743],[76.19818425,10.19885314],[76.1939404,10.19429362],[76.19851172,10.19394743]],[[76.22170663,10.207165],[76.2262398,10.2116816],[76.21983385,10.21673906],[76.22170663,10.207165]],[[76.2200278,10.22212756],[76.22020185,10.21918213],[76.22300291,10.22044516],[76.2200278,10.22212756]],[[76.22870636,10.22195554],[76.2317425,10.22337425],[76.23087883,10.22411394],[76.22870636,10.22195554]],[[76.23524082,10.22755587],[76.23248506,10.22656906],[76.23546517,10.22718775],[76.23524082,10.22755587]],[[76.24448085,10.22868025],[76.24130416,10.23072517],[76.23897791,10.22755456],[76.24448085,10.22868025]],[[76.05213416,10.53482628],[76.04974365,10.53447735],[76.04962075,10.53403783],[76.05213416,10.53482628]],[[76.07447731,10.50928354],[76.07304561,10.51252925],[76.07360697,10.50823414],[76.07447731,10.50928354]],[[76.04958534,10.53631723],[76.05152655,10.53782284],[76.04988956,10.53914714],[76.04958534,10.53631723]],[[75.95075774,10.80508435],[75.93598926,10.79869807],[75.93338895,10.79377663],[75.95075774,10.80508435]],[[75.92833173,10.79601216],[75.93013,10.79536045],[75.93167603,10.79714036],[75.92833173,10.79601216]],[[75.83621764,11.12817144],[75.83031905,11.12951374],[75.83096921,11.12674975],[75.83621764,11.12817144]],[[75.81022477,11.15958405],[75.81158376,11.1609205],[75.81075513,11.16161692],[75.81022477,11.15958405]],[[75.86784565,11.20932436],[75.86649084,11.20631385],[75.87232304,11.2135725],[75.86784565,11.20932436]],[[75.60358822,11.56268013],[75.60388172,11.56443596],[75.60158014,11.56428397],[75.60358822,11.56268013]],[[75.36586261,11.93609381],[75.36512315,11.93340445],[75.36825216,11.94101906],[75.36586261,11.93609381]],[[75.36741054,11.94043624],[75.36521947,11.93853712],[75.36447978,11.93602085],[75.36741054,11.94043624]],[[75.38881552,11.96433783],[75.37999606,11.96194994],[75.37748766,11.95675826],[75.38881552,11.96433783]],[[75.38407171,11.9647181],[75.38277686,11.96641445],[75.38092685,11.96467674],[75.38407171,11.9647181]],[[75.42712235,12.01471615],[75.42675066,12.01614666],[75.42290056,12.01628661],[75.42712235,12.01471615]],[[75.30087435,11.95796716],[75.30236566,11.95649946],[75.3001461,11.96039331],[75.30087435,11.95796716]],[[75.28801417,11.98249114],[75.28909552,11.97234452],[75.29921496,11.96169186],[75.28801417,11.98249114]],[[75.29812431,12.01448131],[75.28821266,12.01163542],[75.29537773,12.01007354],[75.29812431,12.01448131]],[[75.29616785,12.02099824],[75.2972548,12.01856625],[75.30000246,12.01994026],[75.29616785,12.02099824]],[[75.19460785,12.11536515],[75.19197238,12.11375666],[75.1940217,12.11350834],[75.19460785,12.11536515]],[[74.87301385,12.83627295],[74.87169492,12.83970964],[74.86899698,12.83685696],[74.87301385,12.83627295]],[[74.90469074,12.85607731],[74.90010655,12.85451245],[74.90512228,12.85504174],[74.90469074,12.85607731]],[[74.9116981,12.85715473],[74.90712714,12.86314166],[74.90143526,12.85677016],[74.9116981,12.85715473]],[[74.83033013,12.86231995],[74.82966793,12.85890532],[74.83093727,12.85729575],[74.83033013,12.86231995]],[[74.82928717,12.86796248],[74.8293035,12.86303484],[74.82991183,12.86309695],[74.82928717,12.86796248]],[[74.82230783,12.87272108],[74.82473588,12.87203562],[74.82231176,12.87583697],[74.82230783,12.87272108]],[[74.83648765,12.94345117],[74.83604872,12.94026506],[74.84087968,12.94553173],[74.83648765,12.94345117]],[[74.86225843,12.94566762],[74.85801792,12.94899964],[74.85360718,12.94963455],[74.86225843,12.94566762]],[[74.72448301,13.28554118],[74.72862446,13.28691125],[74.72258532,13.2892369],[74.72448301,13.28554118]],[[74.7251749,13.28001404],[74.72757435,13.28083444],[74.72827506,13.2829988],[74.7251749,13.28001404]],[[74.69959021,13.42267203],[74.70085931,13.42395854],[74.69985735,13.42535961],[74.69959021,13.42267203]],[[74.70543492,13.421875],[74.70540142,13.41749108],[74.70827746,13.4177922],[74.70543492,13.421875]],[[74.70064795,13.42089391],[74.69948721,13.41833341],[74.7005465,13.41742182],[74.70064795,13.42089391]],[[74.72766626,13.41160333],[74.72500682,13.41281772],[74.72681308,13.4114598],[74.72766626,13.41160333]],[[74.73039532,13.40810442],[74.73252141,13.40891027],[74.72965896,13.40917563],[74.73039532,13.40810442]],[[74.73783314,13.40414357],[74.73996782,13.4063462],[74.7356528,13.40736628],[74.73783314,13.40414357]],[[74.67367196,13.62187004],[74.67509115,13.62236714],[74.67550826,13.62519288],[74.67367196,13.62187004]],[[74.71440101,13.63937354],[74.71632338,13.64058805],[74.71288073,13.64127374],[74.71440101,13.63937354]],[[74.71084881,13.64270163],[74.69612884,13.65153623],[74.68980861,13.64809465],[74.70075536,13.64024794],[74.71084881,13.64270163]],[[74.70995653,13.64015293],[74.71115673,13.64092386],[74.70964694,13.64072657],[74.70995653,13.64015293]],[[74.68417287,13.64508247],[74.68437934,13.64187312],[74.68807685,13.64373136],[74.68417287,13.64508247]],[[74.72856832,13.63437235],[74.73208833,13.63603032],[74.72798145,13.63643956],[74.72856832,13.63437235]],[[74.67956805,13.66860521],[74.67836118,13.67698455],[74.67610443,13.6636039],[74.67956805,13.66860521]],[[74.45155907,14.26788771],[74.45830405,14.26760721],[74.45278156,14.26929045],[74.45155907,14.26788771]],[[74.46550536,14.26487744],[74.46665955,14.26591015],[74.46511698,14.26674807],[74.46550536,14.26487744]],[[74.45405901,14.26436341],[74.4477967,14.26760614],[74.44369352,14.26341271],[74.45405901,14.26436341]],[[74.47530115,14.26398075],[74.47092855,14.25852275],[74.48275971,14.26024914],[74.47530115,14.26398075]],[[74.44244564,14.26771831],[74.43900335,14.26765418],[74.44474375,14.26575983],[74.44244564,14.26771831]],[[74.47776353,14.25634944],[74.47581875,14.25685513],[74.47577381,14.25653446],[74.47776353,14.25634944]],[[74.38316286,14.48731208],[74.39624262,14.47742796],[74.41125107,14.48141325],[74.39411414,14.49135864],[74.39824295,14.49323833],[74.38620234,14.50003815],[74.38327944,14.50955844],[74.38316286,14.48731208]],[[74.38934922,14.50173378],[74.38705242,14.50451016],[74.38756478,14.50207555],[74.38934922,14.50173378]],[[74.38528001,14.48165584],[74.38673365,14.47770774],[74.39135754,14.47776175],[74.38528001,14.48165584]],[[74.37272978,14.55215764],[74.36704183,14.54114866],[74.37820876,14.54539025],[74.37272978,14.55215764]],[[74.33080804,14.60862756],[74.32118845,14.60648966],[74.32047653,14.60495257],[74.33080804,14.60862756]],[[74.15728354,14.85564137],[74.15487301,14.85197365],[74.16014457,14.85711157],[74.15728354,14.85564137]],[[74.17230797,14.86304855],[74.17169476,14.85920107],[74.17372763,14.86205387],[74.17230797,14.86304855]],[[74.23150766,14.87365627],[74.23216593,14.86564386],[74.24118745,14.86989653],[74.23150766,14.87365627]],[[74.2880125,14.89186227],[74.29257786,14.89180565],[74.30005455,14.89636683],[74.2880125,14.89186227]],[[73.94862771,15.17242372],[73.94628084,15.16897428],[73.95073605,15.16438115],[73.94862771,15.17242372]],[[73.86146486,15.40534675],[73.86558735,15.40762675],[73.86287594,15.40850735],[73.86146486,15.40534675]],[[73.9780246,15.36325955],[73.97984707,15.36308956],[73.97813666,15.36528301],[73.9780246,15.36325955]],[[73.98189807,15.35877156],[73.98941874,15.35334671],[73.97985625,15.35382903],[73.98189807,15.35877156]],[[74.01029134,15.31098366],[74.00740397,15.31794155],[74.00758648,15.31537116],[74.01029134,15.31098366]],[[73.87476492,15.50791967],[73.91699576,15.51213717],[73.92755055,15.5356189],[73.91485715,15.54547977],[73.89262164,15.53013361],[73.87476492,15.50791967]],[[73.91324496,15.54697084],[73.90001595,15.54443932],[73.89956474,15.53833377],[73.90181661,15.53750658],[73.91324496,15.54697084]],[[73.493981,15.99609375],[73.49387836,15.99502754],[73.49434876,15.99944687],[73.493981,15.99609375]],[[73.49642074,16.00743353],[73.49523973,16.00572956],[73.49949956,16.00897372],[73.49642074,16.00743353]],[[73.51894414,16.01584554],[73.50862777,16.01195061],[73.50880074,16.01077294],[73.51894414,16.01584554]],[[73.46380973,16.13865685],[73.46350825,16.12967885],[73.46757543,16.13211215],[73.46380973,16.13865685]],[[73.47841716,16.16118026],[73.47726512,16.15850925],[73.48068535,16.16177452],[73.47841716,16.16118026]],[[73.45053864,16.49556506],[73.45124173,16.49756086],[73.44866765,16.49780774],[73.45053864,16.49556506]],[[73.38207853,16.62118423],[73.38776076,16.62728274],[73.3795495,16.63117671],[73.38207853,16.62118423]],[[73.44038546,17.58132064],[73.4411689,17.5834558],[73.43879581,17.5823065],[73.44038546,17.58132064]],[[73.45370841,17.58331347],[73.44547284,17.58652496],[73.44827187,17.58223104],[73.45370841,17.58331347]],[[73.44059896,17.58629084],[73.44537044,17.58376825],[73.44479108,17.58585],[73.44059896,17.58629084]],[[73.43771172,17.58673835],[73.43613994,17.59411454],[73.43651211,17.58385706],[73.43771172,17.58673835]],[[73.45317328,17.58206081],[73.45364094,17.57926965],[73.45953333,17.57964694],[73.45317328,17.58206081]],[[73.03844607,18.05121124],[73.03682721,18.05069745],[73.03846002,18.04998004],[73.03844607,18.05121124]],[[73.07869184,18.31035221],[73.07723677,18.30488121],[73.07991207,18.30902672],[73.07869184,18.31035221]],[[73.08065796,18.31907475],[73.08199012,18.31941175],[73.08194625,18.3220402],[73.08065796,18.31907475]],[[73.0469681,18.48369825],[73.05104685,18.48663545],[73.04617882,18.48408091],[73.0469681,18.48369825]],[[73.08020413,18.47135377],[73.07733071,18.47313976],[73.08042085,18.46946466],[73.08020413,18.47135377]],[[72.90371752,18.95632815],[72.90070605,18.96431506],[72.89914131,18.94087994],[72.90371752,18.95632815]],[[72.92432427,18.96328628],[72.93516946,18.95212615],[72.93943727,18.97207606],[72.92432427,18.96328628]],[[73.02826345,18.99800575],[73.02646005,18.99622393],[73.02826846,18.99277341],[73.02826345,18.99800575]],[[73.04698563,19.00613403],[73.06577706,19.00342727],[73.05648625,19.01676655],[73.04698563,19.00613403]],[[73.06542468,19.02097321],[73.06266534,19.02114284],[73.06241596,19.02084482],[73.06542468,19.02097321]],[[72.99724865,19.2567867],[72.99816024,19.2598803],[72.99466133,19.26259255],[72.99724865,19.2567867]],[[72.87546635,19.52622175],[72.87081051,19.52489364],[72.87460434,19.52359486],[72.87546635,19.52622175]],[[72.86623907,19.52414656],[72.85018396,19.53742611],[72.84330988,19.52558851],[72.86623907,19.52414656]],[[72.88704753,19.56121898],[72.88429427,19.55789053],[72.88881135,19.55567384],[72.88704753,19.56121898]],[[72.8879081,20.74180877],[72.89987051,20.74469066],[72.89183772,20.74993777],[72.8879081,20.74180877]],[[72.85354996,20.76112604],[72.84727895,20.75365675],[72.85746658,20.75233674],[72.85354996,20.76112604]],[[71.38631737,20.86509788],[71.38772345,20.86346161],[71.38773775,20.86697185],[71.38631737,20.86509788]],[[71.50968111,20.90233505],[71.51633286,20.91397631],[71.50660312,20.90410125],[71.50968111,20.90233505]],[[72.83941746,20.94533277],[72.84403205,20.95051384],[72.83856785,20.95360172],[72.83941746,20.94533277]],[[71.64825106,20.97771573],[71.64825606,20.97439241],[71.64931226,20.97730231],[71.64825106,20.97771573]],[[71.68156254,20.99162936],[71.67646885,20.99420893],[71.67380154,20.98494256],[71.68156254,20.99162936]],[[71.69762528,20.99629307],[71.70372868,20.99967587],[71.69547606,20.99707735],[71.69762528,20.99629307]],[[71.70812786,20.99655151],[71.70892525,20.99974763],[71.70590746,20.99796486],[71.70812786,20.99655151]],[[72.65439963,21.07376754],[72.64843345,21.06763101],[72.65787506,21.06571746],[72.65439963,21.07376754]],[[72.68802154,21.08999515],[72.69691575,21.11841965],[72.71061432,21.14042401],[72.675107,21.15572155],[72.66508758,21.14847481],[72.67601216,21.10470462],[72.68802154,21.08999515]],[[72.67891514,21.09885335],[72.67890763,21.097808],[72.68059027,21.09544992],[72.67891514,21.09885335]],[[72.67626357,21.09724247],[72.67168117,21.11501944],[72.6695739,21.10490835],[72.67626357,21.09724247]],[[72.69792354,21.11638868],[72.70323718,21.11402941],[72.70218384,21.12206781],[72.69792354,21.11638868]],[[72.75597465,21.15706551],[72.74520385,21.15078115],[72.74538183,21.14959192],[72.75597465,21.15706551]],[[72.10312533,21.27412546],[72.09950185,21.26681554],[72.09958458,21.2655884],[72.10265374,21.26953125],[72.10312533,21.27412546]],[[72.58759534,21.33660388],[72.58580124,21.33715606],[72.58631766,21.33631074],[72.58759534,21.33660388]],[[72.58373916,21.36493707],[72.57919395,21.36082912],[72.57940721,21.36023402],[72.58373916,21.36493707]],[[72.60007191,21.37824595],[72.59202814,21.37179482],[72.58767092,21.36723483],[72.60007191,21.37824595]],[[72.62162745,21.40314221],[72.62805498,21.41743481],[72.61269116,21.39585102],[72.62162745,21.40314221]],[[72.63187134,21.4120599],[72.63711691,21.41664362],[72.63551796,21.41771412],[72.63187134,21.4120599]],[[72.67272115,21.44020176],[72.67138553,21.44614947],[72.66387391,21.43986881],[72.67272115,21.44020176]],[[72.36541092,21.58992851],[72.3472718,21.61015046],[72.35869133,21.57976294],[72.36541092,21.58992851]],[[72.59066093,21.62061846],[72.60175657,21.62649131],[72.61155724,21.63536263],[72.59629798,21.63017023],[72.59296298,21.63828456],[72.59066093,21.62061846]],[[72.5813266,21.6267209],[72.58419943,21.62609816],[72.5839473,21.62906265],[72.5813266,21.6267209]],[[72.59937418,21.63700855],[72.60279095,21.64103484],[72.59581041,21.64065134],[72.59937418,21.63700855]],[[72.62023354,21.63909614],[72.61739922,21.63943493],[72.61789727,21.63842761],[72.62023354,21.63909614]],[[72.61493194,21.63682342],[72.61459506,21.63543665],[72.61729658,21.63851285],[72.61493194,21.63682342]],[[72.61029971,21.6307348],[72.61177874,21.63150036],[72.61175764,21.63195586],[72.61029971,21.6307348]],[[72.60508907,21.62268901],[72.60771382,21.62109375],[72.60940826,21.62887442],[72.60508907,21.62268901]],[[72.72724915,21.64389765],[72.74388456,21.64558375],[72.75093853,21.65534568],[72.71504486,21.66403413],[72.72724915,21.64389765]],[[72.84278452,21.67748594],[72.90088713,21.66610563],[72.91328847,21.67829263],[72.84278452,21.67748594]],[[72.86216605,21.66808546],[72.85967517,21.66443062],[72.86308718,21.66483831],[72.86216605,21.66808546]],[[73.09013545,21.72917104],[73.07291114,21.73493302],[73.05122006,21.71872056],[73.06129706,21.72119105],[73.08015001,21.71666062],[73.09013545,21.72917104]],[[73.06035912,21.71908724],[73.05992544,21.71768081],[73.06262565,21.71839237],[73.06035912,21.71908724]],[[73.16635311,21.78184712],[73.15146351,21.79832006],[73.14152813,21.75495756],[73.15961587,21.76705074],[73.16635311,21.78184712]],[[73.1715579,21.78398323],[73.1732763,21.78957236],[73.17110336,21.79377317],[73.1715579,21.78398323]],[[73.16722012,21.77688813],[73.17081952,21.78006375],[73.17077684,21.78064895],[73.16722012,21.77688813]],[[73.28008294,21.90475881],[73.28036976,21.90650463],[73.27920616,21.90604866],[73.28008294,21.90475881]],[[73.28558743,21.89965701],[73.28678644,21.90187454],[73.2833178,21.90243292],[73.28558743,21.89965701]],[[73.29631722,21.89527392],[73.29696965,21.89731216],[73.29511535,21.89492333],[73.29631722,21.89527392]],[[73.59397316,21.94404686],[73.59208596,21.94651365],[73.59305036,21.94364154],[73.59397316,21.94404686]],[[73.59394181,21.93839288],[73.59569597,21.9396857],[73.59409285,21.94061875],[73.59394181,21.93839288]],[[73.14500594,21.86323714],[73.14269125,21.85748804],[73.15559471,21.85492825],[73.14500594,21.86323714]],[[72.28740454,21.70744038],[72.28276122,21.73360455],[72.27400315,21.74957263],[72.26850855,21.73478735],[72.28740454,21.70744038]],[[72.55832815,21.83464253],[72.57494593,21.83399153],[72.58081818,21.84171307],[72.57898366,21.84238875],[72.55832815,21.83464253]],[[72.52869594,21.86969864],[72.53160846,21.86834455],[72.53152895,21.86952615],[72.52869594,21.86969864]],[[72.34783316,21.92816865],[72.35693944,21.93903482],[72.35442925,21.94314253],[72.34783316,21.92816865]],[[72.46791053,22.20235956],[72.4732089,22.20784354],[72.46791553,22.20526981],[72.46791053,22.20235956]],[[72.37624204,22.20374358],[72.37006974,22.23501623],[72.363765,22.21330905],[72.37624204,22.20374358]],[[72.38787723,22.21001267],[72.39013505,22.21333802],[72.38268387,22.21553767],[72.38787723,22.21001267]],[[72.21369123,22.00134182],[72.21372485,22.00528014],[72.2107594,22.0035938],[72.21369123,22.00134182]],[[69.72191346,21.55423844],[69.71882904,21.55794835],[69.71933627,21.55440366],[69.72191346,21.55423844]],[[69.73756123,21.59204745],[69.73509073,21.60896277],[69.72516787,21.61022091],[69.73756123,21.59204745]],[[69.09263313,22.45183921],[69.08567512,22.42084122],[69.10836554,22.43725455],[69.11108637,22.46389234],[69.15054595,22.46905911],[69.12580073,22.47565103],[69.09263313,22.45183921]],[[69.29889917,22.45640945],[69.32149065,22.45145655],[69.32809675,22.46324468],[69.30146623,22.47409976],[69.29889917,22.45640945]],[[69.62857223,22.45906866],[69.58832931,22.43817151],[69.60814762,22.41746581],[69.63631833,22.40681481],[69.65724277,22.42662716],[69.62857223,22.45906866]],[[69.14090013,22.45489836],[69.14207733,22.45302463],[69.14193404,22.45763016],[69.14090013,22.45489836]],[[69.27760506,22.41809475],[69.27759123,22.41959095],[69.2756654,22.4186455],[69.27760506,22.41809475]],[[69.27840853,22.41564226],[69.27980292,22.41748178],[69.27801406,22.41730702],[69.27840853,22.41564226]],[[69.4803549,22.39013088],[69.48902202,22.39246404],[69.48288906,22.39874578],[69.4803549,22.39013088]],[[69.34040988,22.38160765],[69.32266498,22.38068914],[69.33310592,22.37250948],[69.34040988,22.38160765]],[[69.19445336,22.37263191],[69.19006705,22.36911917],[69.1949743,22.36780226],[69.19445336,22.37263191]],[[69.21516097,22.38369465],[69.21254635,22.38435912],[69.21384835,22.38229156],[69.21516097,22.38369465]],[[69.20049715,22.38476038],[69.19963467,22.38675976],[69.19949496,22.38446236],[69.20049715,22.38476038]],[[69.1827054,22.36704683],[69.18549347,22.36684501],[69.18329775,22.36749172],[69.1827054,22.36704683]],[[69.43987346,22.35645807],[69.45005667,22.35075486],[69.45853603,22.35289884],[69.45311701,22.35765851],[69.43987346,22.35645807]],[[69.31036115,22.30616796],[69.30952156,22.30421615],[69.31196237,22.30331898],[69.31036115,22.30616796]],[[70.42590547,22.89710855],[70.42863286,22.90579903],[70.42531681,22.89732635],[70.42590547,22.89710855]],[[70.38118327,22.94310963],[70.39664865,23.02433991],[70.36576176,23.03783357],[70.3683207,23.04971397],[70.37653768,23.05627501],[70.37103415,23.06847715],[70.38005185,23.08300698],[70.36323416,23.10488105],[70.30455625,23.09826982],[70.29322231,23.10159183],[70.28925514,23.10594726],[70.23048365,23.07887423],[70.23653245,22.97954631],[70.34024155,22.93129802],[70.38118327,22.94310963]],[[70.27278495,23.10259116],[70.26957226,23.11651647],[70.26140726,23.10380125],[70.24839985,23.09674525],[70.22112405,23.08897722],[70.21499217,23.07372701],[70.27278495,23.10259116]],[[70.21226025,23.08629465],[70.21954584,23.09957755],[70.21055734,23.08743191],[70.21226025,23.08629465]],[[70.22137487,23.09668005],[70.22592151,23.09914637],[70.22541761,23.10089016],[70.22137487,23.09668005]],[[70.29386282,23.10247195],[70.29613864,23.10903835],[70.29086781,23.10618091],[70.29386282,23.10247195]],[[70.30307066,23.09971845],[70.34599614,23.10490561],[70.34943402,23.11516201],[70.31396222,23.11516631],[70.30307066,23.09971845]],[[70.36480415,23.10543931],[70.38247645,23.08579862],[70.37501216,23.06231618],[70.39809275,23.06414485],[70.40248024,23.06094635],[70.40503335,23.05209672],[70.40248013,23.04252493],[70.39789355,23.03635836],[70.40224504,23.02916431],[70.43742585,23.06207573],[70.48119605,23.07209277],[70.50348318,23.11531675],[70.55276895,23.16447961],[70.50643897,23.16903186],[70.49176455,23.14934456],[70.46267736,23.15713942],[70.44377923,23.16961515],[70.37389553,23.15412748],[70.35167193,23.11344063],[70.35344446,23.10815644],[70.36480415,23.10543931]],[[70.46144474,23.15885496],[70.46390176,23.15881145],[70.45686853,23.16726983],[70.46144474,23.15885496]],[[70.48225057,23.06526995],[70.45336902,23.04281962],[70.44641948,23.02525234],[70.48225057,23.06526995]],[[70.41396165,22.98992872],[70.44847775,23.05171406],[70.41446924,23.01880932],[70.41396165,22.98992872]],[[70.43576026,22.98331976],[70.45097995,22.98579144],[70.45507753,22.99516952],[70.43576026,22.98331976]],[[70.44143307,23.04932475],[70.42011094,23.03718054],[70.41483152,23.02264655],[70.44143307,23.04932475]],[[70.45091581,23.05130458],[70.45168197,23.05079007],[70.45331383,23.05282521],[70.45091581,23.05130458]],[[70.45670021,23.05489683],[70.45891237,23.05744684],[70.44978452,23.05234158],[70.45670021,23.05489683]],[[70.46151173,23.05762517],[70.46823442,23.05880141],[70.46943355,23.06095123],[70.46151173,23.05762517]],[[70.45213103,23.06043005],[70.44923365,23.05792773],[70.45239615,23.06015921],[70.45213103,23.06043005]],[[70.39361811,23.03386223],[70.39266562,23.05049014],[70.39864504,23.05886698],[70.39690947,23.06310785],[70.36763036,23.03775215],[70.39361811,23.03386223]],[[70.39376914,23.05035365],[70.40395594,23.05241871],[70.40054595,23.05829346],[70.39376914,23.05035365]],[[70.43211782,22.92635334],[70.44749284,22.93020535],[70.45705283,22.91873991],[70.44592392,22.89036882],[70.46956253,22.89350581],[70.48043895,22.91611373],[70.47299898,22.92176306],[70.47090173,22.93276918],[70.47119606,22.94094563],[70.43393922,22.96146405],[70.43211782,22.92635334]],[[70.47836566,22.92119968],[70.48095644,22.93397892],[70.47400415,22.93866146],[70.47182727,22.93234503],[70.47836566,22.92119968]],[[69.6369853,22.77933133],[69.63569462,22.77658248],[69.63771725,22.77584445],[69.6369853,22.77933133]],[[68.60380864,23.2252866],[68.61369205,23.2219125],[68.60422802,23.23021364],[68.60380864,23.2252866]],[[68.63642383,23.22945964],[68.63509464,23.22531748],[68.63753223,23.22893262],[68.63642383,23.22945964]],[[68.63206601,23.22937965],[68.63223875,23.22743583],[68.63360882,23.22871387],[68.63206601,23.22937965]],[[68.6586076,23.27109313],[68.65736914,23.26878881],[68.66032863,23.26800942],[68.6586076,23.27109313]],[[68.70825124,23.30634618],[68.70380294,23.31169117],[68.70008004,23.30944753],[68.70825124,23.30634618]],[[68.58673048,23.37569213],[68.58101201,23.3845396],[68.5782119,23.38478374],[68.58673048,23.37569213]],[[68.59374893,23.80287075],[68.60801256,23.80590308],[68.60500181,23.80936074],[68.59374893,23.80287075]],[[68.59384251,23.81184983],[68.59546065,23.81012201],[68.59636855,23.81249535],[68.59384251,23.81184983]],[[68.70549726,23.84840345],[68.70768106,23.85077643],[68.70297587,23.85075235],[68.70549726,23.84840345]],[[68.69939828,23.85050595],[68.69830513,23.85299933],[68.69496596,23.84937727],[68.69939828,23.85050595]],[[68.53273475,23.87601566],[68.54687011,23.87280297],[68.58765948,23.92124951],[68.5593183,23.92286086],[68.52998471,23.94433844],[68.53776777,23.91762507],[68.51424742,23.90412974],[68.52531636,23.89241481],[68.51330674,23.90321064],[68.48625934,23.88990796],[68.49111307,23.86610043],[68.50209737,23.87516105],[68.51487112,23.85717273],[68.53273475,23.87601566]],[[68.53477585,23.86494446],[68.52437973,23.85946393],[68.52455771,23.85831094],[68.53477585,23.86494446]]],[[[68.7585057,24.05859435],[68.79422784,24.02609074],[68.78794146,24.08203125],[68.79150307,24.08962917],[68.80233765,24.02427447],[68.82037711,24.03989243],[68.84964013,24.04076612],[68.88047171,24.06100082],[68.90908992,24.06793344],[68.80736434,24.01956058],[68.76844311,24.03715718],[68.7585057,24.05859435]]]]}},{"type":"Feature","properties":{"mrgid":8333,"name":"Indian Exclusive Economic Zone (Andaman and Nicobar Islands)","territory":"Andaman and Nicobar","sovereign":"India","pol_type":"200NM","is_india":true},"geometry":{"type":"Polygon","coordinates":[[[90.23361111,15.71388889],[93.13472222,13.81972222],[93.68305556,13.57166667],[93.83333333,13.8],[95.03333333,13.8],[95.68333333,12.90194444],[95.5,12.32861111],[95.43333333,11.72138889],[95.36666667,10.74805556],[95.26611111,10.46666667],[95.26722222,10.31166667],[95.60343096,9.58428691],[95.65444444,8.165],[95.69666667,7.95833333],[95.42916667,7.66833333],[94.92694444,7.04],[94.63333333,6.64166667],[94.40333333,6.27],[93.68666667,5.42222222],[92.72527778,4.30861111],[92.16011405,3.84065779],[91.92824374,3.98447772],[91.70571284,4.14926047],[91.50535953,4.32437111],[91.30962822,4.52569555],[91.00764114,4.91800328],[90.65683201,5.51840871],[90.00794767,6.91812373],[89.54800453,8.02095145],[89.45670604,8.31424813],[89.15919554,9.50860126],[88.97076768,10.00116026],[88.86199925,10.4608655],[88.8227863,10.8304251],[88.79964455,11.68193961],[88.83055778,12.06224248],[88.90622824,12.44014433],[89.0421166,12.84785187],[89.2619449,13.31563344],[89.32083639,13.69465078],[89.37750571,13.94879576],[89.6246035,14.6731505],[89.78199042,15.02844076],[89.90560121,15.26170673],[90.08576871,15.53798894],[90.23361111,15.71388889]],[[93.01416385,13.67390144],[92.97672641,13.65531755],[93.02799237,13.62701404],[93.02529824,13.66060114],[93.01416385,13.67390144]],[[93.02360988,13.6708641],[93.02424085,13.67251396],[93.02269864,13.67430127],[93.02360988,13.6708641]],[[93.04684365,13.62092996],[93.06644225,13.64882481],[93.06347263,13.65457594],[93.04234958,13.63674676],[93.04684365,13.62092996]],[[92.88550055,13.57425487],[92.90256095,13.59498155],[92.90222144,13.60064161],[92.88624024,13.59292984],[92.88550055,13.57425487]],[[93.02366364,13.57286465],[93.00980675,13.54185271],[92.9878813,13.57298315],[92.98848665,13.52782774],[92.96500254,13.54407883],[92.9176445,13.53644133],[92.9295969,13.50179517],[92.87189853,13.47168016],[92.88411784,13.42939568],[92.86772704,13.40227675],[92.84298623,13.40222371],[92.86692405,13.38568521],[92.83628166,13.36660147],[92.82168841,13.30956531],[92.84209478,13.30137515],[92.82247961,13.27734256],[92.85436237,13.25766182],[92.84984195,13.23911393],[92.82782102,13.23651671],[92.81880343,13.18359375],[92.83520401,13.17313898],[92.81529856,13.17412806],[92.80971527,13.15349364],[92.8471837,13.13922834],[92.8101474,13.12682521],[92.82218277,13.09646261],[92.80764413,13.09922695],[92.81028926,13.07540393],[92.79694724,13.08953702],[92.78854334,13.01774526],[92.82519054,13.01244354],[92.80881202,12.99758506],[92.81855714,12.98717201],[92.79323375,12.98171997],[92.7943269,12.91447127],[92.80255043,12.89886904],[92.82435942,12.89683437],[92.82907295,12.88643134],[92.83776641,12.89139974],[92.84305465,12.89173365],[92.84393585,12.88549387],[92.84142184,12.87927175],[92.84271395,12.87617064],[92.87300313,12.88289332],[92.86978877,12.89054728],[92.87638676,12.90785491],[92.85895503,12.90326977],[92.8545804,12.92754805],[92.85768712,12.93485355],[92.87708902,12.94405341],[92.88232374,12.98253107],[92.89759231,12.99485886],[92.90691924,12.98473251],[92.91270816,12.94639993],[92.93858373,12.97111821],[92.90830541,12.99975216],[92.90184915,13.02198231],[92.91617048,13.05421352],[92.88811374,13.04569328],[92.91295552,13.06629062],[92.89266682,13.09505594],[92.92282271,13.05642462],[92.93704021,13.08443356],[92.93505168,13.04231906],[92.9706068,13.01262927],[92.96613395,13.03530025],[93.00421751,13.02870536],[93.03496707,13.08111095],[93.03205311,13.17795694],[93.06638145,13.27259314],[93.04549074,13.25946736],[93.04592061,13.2821207],[93.01229584,13.27697647],[93.01261807,13.29480755],[93.02191591,13.29494464],[93.00692976,13.30889475],[93.00930584,13.32004642],[92.99126375,13.29271364],[92.99804807,13.31518555],[92.96357667,13.32498515],[92.95067251,13.34360504],[92.96933734,13.3604089],[92.98818386,13.3292917],[93.00392246,13.35357547],[93.03263915,13.3453896],[93.04138744,13.36717248],[93.04039645,13.32210374],[93.06009364,13.32907796],[93.06544352,13.30297255],[93.09025073,13.33537841],[93.05529475,13.38214755],[93.04872406,13.37356412],[93.02878761,13.37320936],[93.04851282,13.37460601],[93.07080114,13.40661025],[93.05980873,13.39904535],[93.06155133,13.42092645],[93.04547822,13.40420294],[93.04070151,13.42609525],[93.02090573,13.43143761],[93.03471863,13.43514431],[93.01869273,13.46452844],[93.03404224,13.46635985],[93.04498494,13.52532482],[93.02366364,13.57286465]],[[93.05213642,13.56459248],[93.05744481,13.56233954],[93.05690825,13.56684673],[93.05213642,13.56459248]],[[94.26781321,13.46267974],[94.24931395,13.44571686],[94.25570238,13.43029976],[94.27549815,13.44183445],[94.26781321,13.46267974]],[[93.1023581,13.43503594],[93.0980432,13.43170095],[93.10406947,13.43000901],[93.1023581,13.43503594]],[[93.07268548,13.43110275],[93.06735754,13.42230332],[93.06995165,13.41236675],[93.07191443,13.41364145],[93.07268548,13.43110275]],[[93.09014165,13.41914105],[93.09228456,13.41030371],[93.09473646,13.41877365],[93.09014165,13.41914105]],[[93.06170964,13.38496792],[93.06333685,13.38400805],[93.06364083,13.38702631],[93.06170964,13.38496792]],[[93.08097351,13.36805546],[93.08346832,13.36882007],[93.08194435,13.37],[93.08097351,13.36805546]],[[93.07449198,13.36438024],[93.07617462,13.36678624],[93.07386124,13.3657552],[93.07449198,13.36438024]],[[93.07366335,13.30333054],[93.07500446,13.29790318],[93.0790627,13.30086744],[93.07366335,13.30333054]],[[93.02394843,13.30828762],[93.02590823,13.32731187],[93.0163027,13.33128285],[93.00943828,13.31074202],[93.02394843,13.30828762]],[[93.01646042,13.33784068],[93.01465797,13.33963728],[93.01491725,13.33739865],[93.01646042,13.33784068]],[[93.0383898,13.34330666],[93.03662097,13.34262896],[93.03714013,13.34070134],[93.0383898,13.34330666]],[[92.96833324,13.33305538],[92.96611094,13.33555555],[92.96749985,13.33249986],[92.96833324,13.33305538]],[[93.01430416,13.28436434],[93.01611114,13.28499985],[93.01437426,13.28463936],[93.01430416,13.28436434]],[[93.05932736,13.22182524],[93.06028211,13.22505355],[93.05830205,13.22691333],[93.05932736,13.22182524]],[[92.94255304,13.01799333],[92.92184472,13.02762055],[92.92158341,13.00048852],[92.94404483,12.99710727],[92.94255304,13.01799333]],[[92.98660111,12.99984622],[92.98919952,13.00044644],[92.98889267,13.00059545],[92.98660111,12.99984622]],[[93.00395036,12.99611807],[92.97235405,12.96944916],[92.96040702,12.98947263],[92.95411825,12.96236634],[92.97394645,12.94566715],[92.96030092,12.94937718],[92.95176983,12.94077146],[92.98263848,12.93413317],[92.97958946,12.96695805],[93.00395036,12.99611807]],[[92.88634086,12.92307532],[92.85988092,12.93274164],[92.86492264,12.91710007],[92.88634086,12.92307532]],[[92.89871883,12.92695165],[92.89592755,12.89861083],[92.87392092,12.88116801],[92.84174585,12.8755902],[92.84031606,12.87856293],[92.84208465,12.89111447],[92.82927465,12.88493645],[92.81018305,12.89753234],[92.79220974,12.88987982],[92.78155828,12.84853327],[92.7693758,12.8613404],[92.78367233,12.82435596],[92.78243816,12.80766904],[92.76055396,12.85941625],[92.73799455,12.81044126],[92.73188984,12.83482516],[92.72386992,12.82664847],[92.72099245,12.78787172],[92.74614,12.72232676],[92.73287511,12.67421782],[92.76862383,12.67172003],[92.77974665,12.71289062],[92.78840125,12.67405462],[92.78033567,12.65277684],[92.78035617,12.63061333],[92.78676724,12.62517714],[92.78545284,12.61898041],[92.7771039,12.63282347],[92.77710426,12.6671648],[92.75323415,12.67072427],[92.72497773,12.62678242],[92.71550453,12.64342821],[92.70500851,12.608446],[92.68454027,12.60781252],[92.70747316,12.59694338],[92.69423008,12.51484263],[92.70839691,12.49336314],[92.69944644,12.32771361],[92.71963358,12.30039644],[92.73592103,12.30867803],[92.75452101,12.29572308],[92.77127862,12.31955302],[92.79453933,12.30620384],[92.80293155,12.3127495],[92.80959415,12.31466901],[92.83198571,12.30249643],[92.89471865,12.32018375],[92.87968934,12.33356392],[92.8816092,12.34408402],[92.89605617,12.33570683],[92.88980365,12.35063124],[92.85978782,12.36228037],[92.83852291,12.39504826],[92.84150505,12.40585816],[92.83406615,12.40908301],[92.82868922,12.42248046],[92.82994235,12.42779875],[92.79435515,12.43788266],[92.79105306,12.46967006],[92.79681003,12.43784428],[92.89880705,12.41560018],[92.84906554,12.45836306],[92.82918251,12.49642432],[92.83495891,12.49449301],[92.85290205,12.45878971],[92.88587451,12.45371962],[92.87808597,12.44480121],[92.90782166,12.42217505],[92.91309714,12.40572786],[92.91543031,12.4435842],[92.95802021,12.46748793],[92.93081152,12.4659301],[92.93187702,12.48046875],[92.94674826,12.49888265],[92.95869851,12.48663914],[92.96820855,12.49617624],[92.97534478,12.5423032],[92.95605695,12.60810888],[92.96317422,12.69846106],[92.98025715,12.70976937],[92.96271217,12.75220394],[92.93353164,12.77584875],[92.95367372,12.80824733],[92.92738986,12.8846544],[92.90508521,12.88466096],[92.92186832,12.91232514],[92.91027892,12.90895951],[92.89936817,12.91554987],[92.89871883,12.92695165]],[[92.93277597,12.91912293],[92.93436193,12.91340661],[92.93652833,12.91540074],[92.93277597,12.91912293]],[[92.91225576,12.91389537],[92.90869355,12.91443312],[92.90884686,12.91382551],[92.91225576,12.91389537]],[[92.95625377,12.4352684],[92.92609525,12.40388155],[92.91795945,12.36802387],[92.93112612,12.35884404],[92.95625377,12.4352684]],[[92.88203943,12.37404776],[92.88801408,12.4078418],[92.84370124,12.40044045],[92.88203943,12.37404776]],[[92.89908767,12.40770614],[92.89874852,12.41152334],[92.89765775,12.40942335],[92.89908767,12.40770614]],[[92.89576948,12.39241481],[92.89779484,12.39410913],[92.89636695,12.39512646],[92.89576948,12.39241481]],[[92.86231303,12.41269946],[92.86541235,12.42106307],[92.85868335,12.4155184],[92.86231303,12.41269946]],[[92.84583521,12.41787231],[92.82913995,12.42342985],[92.84632015,12.41490603],[92.84583521,12.41787231]],[[92.88830018,12.41381323],[92.88934982,12.41415775],[92.8885802,12.41415775],[92.88830018,12.41381323]],[[92.90465415,12.42309535],[92.89950216,12.42169142],[92.90355003,12.42036664],[92.90465415,12.42309535]],[[92.87522233,12.44492126],[92.87421095,12.44437623],[92.87588048,12.44415736],[92.87522233,12.44492126]],[[92.91018045,12.33807445],[92.91867936,12.35004234],[92.91530395,12.35539675],[92.90950942,12.34887505],[92.91018045,12.33807445]],[[92.90670943,12.33978558],[92.90466487,12.34027374],[92.90542495,12.33845997],[92.90670943,12.33978558]],[[92.91110086,12.33358586],[92.91354215,12.33273077],[92.91150045,12.33518434],[92.91110086,12.33358586]],[[93.06853545,12.31905782],[93.07294464,12.31539226],[93.07388914,12.31670106],[93.06853545,12.31905782]],[[92.92987776,12.3046875],[92.92763472,12.28101003],[92.90163922,12.28811896],[92.90143454,12.27133393],[92.92116606,12.26509404],[92.92221045,12.23115051],[92.9422518,12.27430928],[92.92987776,12.3046875]],[[93.84613597,12.27715731],[93.86249995,12.26583326],[93.87805545,12.28166664],[93.86267257,12.29593444],[93.84613597,12.27715731]],[[93.02699804,12.27352917],[93.02462995,12.27812135],[93.02208233,12.27476561],[93.02699804,12.27352917]],[[93.06333327,12.22916663],[93.09308696,12.22443473],[93.10074985,12.20394361],[93.10570538,12.26075482],[93.08861113,12.23722208],[93.07249987,12.25972223],[93.06333327,12.22916663]],[[93.06860483,12.21157443],[93.03718865,12.13353193],[93.07441223,12.08362734],[93.09081995,12.09998655],[93.0949831,12.14241755],[93.08662176,12.19304526],[93.06860483,12.21157443]],[[93.10947394,12.14393973],[93.12325788,12.13994455],[93.12052906,12.14834797],[93.10947394,12.14393973]],[[93.09856224,12.13660705],[93.09639323,12.13657248],[93.09789753,12.13350725],[93.09856224,12.13660705]],[[93.05382776,12.07598877],[93.02754605,12.16623378],[93.00668693,12.14561081],[93.00438225,12.11332572],[92.99162436,12.14394498],[92.95578074,12.14604366],[92.96599674,12.11893511],[92.98037577,12.11185646],[92.99707842,12.11345851],[93.00667286,12.10778964],[93.00713933,12.07541084],[93.04510462,12.04554081],[93.05382776,12.07598877]],[[92.99108136,12.04389191],[93.00469768,12.10377645],[92.95986736,12.10735762],[92.96223485,12.07157421],[92.97520781,12.06514037],[92.99108136,12.04389191]],[[92.96491563,12.04956198],[92.95025957,12.01264274],[92.9254446,11.99588275],[92.95985818,11.98091114],[92.97350192,11.94893312],[93.00025654,11.94998336],[93.02513266,11.88847721],[93.04315162,11.88244295],[93.05381215,11.90369642],[93.00892282,12.01994991],[92.98252165,12.04341424],[92.96907568,12.03388858],[92.96491563,12.04956198]],[[92.75566673,11.70192146],[92.78420782,11.93618596],[92.74692631,11.9321928],[92.71837771,11.82432044],[92.71021426,11.81451964],[92.69248486,11.80892277],[92.67983925,11.81889331],[92.70830536,11.81705546],[92.72607613,11.85646141],[92.71445584,11.93245757],[92.71915317,11.96172226],[92.73293233,11.96843314],[92.72819304,11.99450135],[92.74866354,11.97745943],[92.75707495,11.98792088],[92.74287212,11.99344695],[92.76865375,11.99871862],[92.73677361,12.01567447],[92.73938704,12.04091191],[92.76212084,12.02061784],[92.77843535,12.02406788],[92.78365147,12.04710758],[92.75199985,12.05503452],[92.75144041,12.07094204],[92.73523033,12.06515062],[92.73615253,12.1061542],[92.75738466,12.17610848],[92.72099245,12.1799736],[92.70393884,12.16522777],[92.71025991,12.21231258],[92.6947211,12.23903215],[92.68480754,12.20843756],[92.67431593,12.21785343],[92.65426266,12.18179035],[92.66190755,12.21527541],[92.63541973,12.11949062],[92.62346745,12.10277045],[92.61105537,11.87093735],[92.60462606,11.85804951],[92.60152745,11.89717412],[92.58670771,11.88745987],[92.56230021,11.94625485],[92.51371956,11.84722006],[92.52210724,11.82568336],[92.54646754,11.83502746],[92.56210804,11.69361293],[92.58781874,11.71805012],[92.60808885,11.63404763],[92.63134515,11.62831843],[92.63183546,11.65064013],[92.64434302,11.63622987],[92.6366235,11.61552584],[92.60843182,11.61975753],[92.60762405,11.59471178],[92.61882031,11.58377075],[92.62032044,11.57244635],[92.61795926,11.56259716],[92.63326228,11.57904792],[92.64703524,11.57242036],[92.64676833,11.52214575],[92.66717804,11.50393605],[92.6996119,11.50600851],[92.71145225,11.47708595],[92.75636005,11.66581917],[92.72158194,11.68640685],[92.71629858,11.66453373],[92.72974968,11.65910184],[92.71036243,11.64351535],[92.69511342,11.65301371],[92.69493151,11.62290716],[92.68771255,11.64054275],[92.67365158,11.62498295],[92.66625094,11.65393984],[92.70816183,11.66981542],[92.70213783,11.70724344],[92.74030352,11.69016254],[92.74433625,11.71338773],[92.75566673,11.70192146]],[[93.01554227,11.82859874],[93.05443084,11.81299198],[93.07208896,11.83823967],[93.01373994,11.84911847],[93.01554227,11.82859874]],[[93.07753456,11.78109491],[93.08591855,11.78466332],[93.08501732,11.78941762],[93.07753456,11.78109491]],[[92.72298026,11.68729782],[92.72663021,11.68833446],[92.72226155,11.68868864],[92.72298026,11.68729782]],[[92.69468403,11.65965271],[92.69872844,11.66440546],[92.69294214,11.6611799],[92.69468403,11.65965271]],[[92.7660073,11.68053818],[92.76115966,11.6694591],[92.76187825,11.66941845],[92.7660073,11.68053818]],[[92.66832721,11.48998487],[92.63629627,11.51706696],[92.62098873,11.49740934],[92.61115694,11.45819604],[92.62432921,11.40896165],[92.58733964,11.40078807],[92.59268224,11.34949756],[92.63828301,11.34637737],[92.69084775,11.37035501],[92.69378054,11.38717091],[92.64954877,11.40724444],[92.68522024,11.43351257],[92.66832721,11.48998487]],[[92.56300724,11.3937242],[92.55706251,11.39601707],[92.55589712,11.39064384],[92.56300724,11.3937242]],[[92.55081224,11.39447522],[92.54562986,11.39555085],[92.54745054,11.39308727],[92.55081224,11.39447522]],[[92.61142874,11.50454175],[92.61041892,11.50761485],[92.60989726,11.50412858],[92.61142874,11.50454175]],[[92.27331996,11.51616073],[92.27024996,11.51676643],[92.27029967,11.51615393],[92.27331996,11.51616073]],[[92.26636982,11.52040768],[92.27101743,11.58390295],[92.21557033,11.59439623],[92.21475041,11.52912557],[92.26636982,11.52040768]],[[92.53731596,11.60560048],[92.53048825,11.55408907],[92.56500268,11.57293022],[92.56643105,11.59230042],[92.53731596,11.60560048]],[[92.60087836,11.58527887],[92.60076416,11.56740224],[92.61517024,11.56294274],[92.61721253,11.58240926],[92.60087836,11.58527887]],[[92.62036324,11.55756664],[92.60176945,11.55311584],[92.6107552,11.53180635],[92.62036324,11.55756664]],[[92.62668407,11.54383075],[92.62970078,11.54792166],[92.62789142,11.54913175],[92.62668407,11.54383075]],[[92.60643137,11.53419602],[92.60178316,11.52413297],[92.60643685,11.52208924],[92.60643137,11.53419602]],[[92.56894684,11.52758515],[92.55193281,11.53755081],[92.56669438,11.51697695],[92.56894684,11.52758515]],[[92.58365941,11.53443646],[92.59637141,11.53625452],[92.59234488,11.5773282],[92.58792853,11.57042253],[92.58365941,11.53443646]],[[92.57545424,11.56433427],[92.5730412,11.56515276],[92.57386947,11.5625602],[92.57545424,11.56433427]],[[92.56702876,11.56890285],[92.56541312,11.57061875],[92.56558585,11.56791067],[92.56702876,11.56890285]],[[92.5795449,11.58389235],[92.57657194,11.58465087],[92.57814932,11.58192575],[92.5795449,11.58389235]],[[92.64377451,11.51325882],[92.64594364,11.5143193],[92.64505112,11.51544821],[92.64377451,11.51325882]],[[92.67058682,11.48707676],[92.67168403,11.48915946],[92.67028153,11.48863757],[92.67058682,11.48707676]],[[92.55057096,11.72364712],[92.54945338,11.72426808],[92.55071068,11.72123194],[92.55057096,11.72364712]],[[92.56306791,11.94724667],[92.56823885,11.94965875],[92.56492817,11.95015502],[92.56306791,11.94724667]],[[92.59312677,11.97655606],[92.59883666,11.92780232],[92.60923064,11.94223952],[92.59312677,11.97655606]],[[92.58130157,11.97627246],[92.58466518,11.98144221],[92.58353972,11.98248482],[92.58130157,11.97627246]],[[92.59554994,11.91475105],[92.60156775,11.91392601],[92.60079682,11.91882765],[92.59554994,11.91475105]],[[92.63018882,12.11305475],[92.62871945,12.11507988],[92.62821567,12.11218691],[92.63018882,12.11305475]],[[92.63164365,12.11979377],[92.63055205,12.11991775],[92.63019514,12.11799598],[92.63164365,12.11979377]],[[92.68023646,12.2188971],[92.68345547,12.22278607],[92.68229151,12.22448134],[92.68023646,12.2188971]],[[92.71098375,12.23048592],[92.72367501,12.29120791],[92.70607162,12.29856968],[92.70186746,12.26354373],[92.71098375,12.23048592]],[[92.69946682,12.24817824],[92.69589972,12.24674797],[92.69823885,12.2446841],[92.69946682,12.24817824]],[[92.77158356,12.31276286],[92.77815485,12.27913463],[92.76478767,12.26381683],[92.75040531,12.27362645],[92.74237895,12.24475205],[92.76990688,12.23647284],[92.76738012,12.18488991],[92.73929346,12.09490585],[92.76440537,12.06338966],[92.79273665,12.08092678],[92.78845227,12.10266924],[92.8125,12.10686386],[92.80230033,12.13049698],[92.81508112,12.13242865],[92.82307696,12.16581607],[92.85062444,12.15761995],[92.84875262,12.19984472],[92.88067174,12.19515395],[92.85886681,12.24564385],[92.86510217,12.25134885],[92.87827516,12.25115383],[92.88940334,12.26556504],[92.86638677,12.30541635],[92.82978046,12.30023861],[92.80954695,12.31272376],[92.79536915,12.30393624],[92.77158356,12.31276286]],[[92.76514792,12.29708505],[92.76374435,12.29774213],[92.76371384,12.29708445],[92.76514792,12.29708505]],[[92.87674308,12.2952497],[92.88070655,12.29562914],[92.87968433,12.29812002],[92.87674308,12.2952497]],[[92.89958334,12.25986016],[92.90109456,12.26224875],[92.90078998,12.26247215],[92.89958334,12.25986016]],[[92.90081871,12.25641727],[92.88449812,12.2391541],[92.87048733,12.24386263],[92.87917364,12.20842922],[92.89178026,12.2338798],[92.91334414,12.22272944],[92.90081871,12.25641727]],[[92.94146705,12.21980703],[92.92514002,12.20845711],[92.93303394,12.19582975],[92.94146705,12.21980703]],[[93.01953995,12.22495306],[93.02177894,12.22364426],[93.02170885,12.22495306],[93.01953995,12.22495306]],[[92.86748791,12.23654366],[92.86161184,12.24564815],[92.86539996,12.23591042],[92.86748791,12.23654366]],[[92.87944436,12.24805546],[92.88111114,12.24527764],[92.88194442,12.24888885],[92.87944436,12.24805546]],[[92.84426355,12.14918542],[92.847175,12.15018344],[92.84631586,12.15097177],[92.84426355,12.14918542]],[[92.94847405,12.11571836],[92.94967651,12.08832443],[92.95203233,12.08410704],[92.95763004,12.09974885],[92.94847405,12.11571836]],[[92.99257326,12.11076903],[92.99368787,12.11109865],[92.99261332,12.11201811],[92.99257326,12.11076903]],[[92.96947205,12.06495666],[92.97108841,12.06425405],[92.97089934,12.06528735],[92.96947205,12.06495666]],[[92.74216855,12.1120038],[92.73899138,12.11022532],[92.73882246,12.10698581],[92.74216855,12.1120038]],[[92.76363456,12.17838955],[92.75936472,12.1778475],[92.75906587,12.16673934],[92.76363456,12.17838955]],[[92.73089051,12.19298315],[92.76594675,12.18509007],[92.76227665,12.22921312],[92.74001586,12.23573136],[92.73799098,12.22809243],[92.74426341,12.22356725],[92.74429286,12.20955694],[92.7390058,12.22342086],[92.73308074,12.21038914],[92.72991931,12.24252033],[92.72309792,12.18931377],[92.73089051,12.19298315]],[[92.73255515,12.18236494],[92.72529626,12.18546557],[92.7285552,12.18145216],[92.73255515,12.18236494]],[[92.72029281,12.18043864],[92.71886528,12.18033516],[92.71918023,12.17928135],[92.72029281,12.18043864]],[[92.7428869,12.25511527],[92.74845016,12.28856194],[92.73477554,12.24835014],[92.7428869,12.25511527]],[[92.73846543,12.27247441],[92.73488343,12.26998806],[92.73531055,12.26931226],[92.73846543,12.27247441]],[[92.73662353,12.28194904],[92.73527718,12.28806353],[92.73614955,12.28168714],[92.73662353,12.28194904]],[[92.75277782,12.29416657],[92.75499988,12.29361105],[92.75499988,12.29444444],[92.75277782,12.29416657]],[[92.76974571,12.29447317],[92.77029943,12.29056573],[92.77049196,12.2950263],[92.76974571,12.29447317]],[[92.76256096,12.29410982],[92.75322354,12.27746904],[92.76367843,12.26616144],[92.76790905,12.28427112],[92.76256096,12.29410982]],[[92.77683163,12.01599026],[92.77093816,12.01710856],[92.77377653,12.01273882],[92.77683163,12.01599026]],[[92.76272714,11.96691346],[92.73654222,11.95118701],[92.76602006,11.9526726],[92.76272714,11.96691346]],[[92.73291075,11.95925403],[92.72352445,11.95363474],[92.72607374,11.94124091],[92.73150826,11.94382882],[92.73291075,11.95925403]],[[92.74459398,11.96521092],[92.74207807,11.96664655],[92.74236536,11.96463525],[92.74459398,11.96521092]],[[92.68463051,12.53934443],[92.66873801,12.53170907],[92.67828751,12.52232766],[92.68463051,12.53934443]],[[92.70315957,12.63989437],[92.70103955,12.63835967],[92.70288515,12.63797104],[92.70315957,12.63989437]],[[92.73227155,12.70332003],[92.73088098,12.70326126],[92.73087287,12.70253706],[92.73227155,12.70332003]],[[92.70799208,12.71999395],[92.72546625,12.74821234],[92.71216857,12.77714646],[92.7081151,12.82967293],[92.69443274,12.79680705],[92.7097311,12.77240121],[92.70799208,12.71999395]],[[92.65730762,12.77275574],[92.65414882,12.77131522],[92.65527916,12.76900923],[92.65730762,12.77275574]],[[92.66803634,12.78265965],[92.68888974,12.81710744],[92.67527091,12.83531332],[92.70117247,12.84142745],[92.72268474,12.90165746],[92.7200402,12.97823977],[92.69466496,12.992136],[92.66963065,12.96202064],[92.67972386,12.94164395],[92.64837706,12.86165583],[92.66803634,12.78265965]],[[92.67055464,12.94954073],[92.67057085,12.94841146],[92.67244577,12.94916296],[92.67055464,12.94954073]],[[92.66966033,12.95261991],[92.66867185,12.95203805],[92.6693145,12.95182693],[92.66966033,12.95261991]],[[92.76079917,12.92978716],[92.76638997,12.92879176],[92.76272714,12.93504596],[92.76079917,12.92978716]],[[92.76990378,12.92849696],[92.77294958,12.91800296],[92.77530146,12.93050694],[92.76990378,12.92849696]],[[92.76723886,12.92025876],[92.76220298,12.92150903],[92.76488423,12.91787803],[92.76723886,12.92025876]],[[92.76800775,12.91662955],[92.76764894,12.91781545],[92.76669514,12.91779184],[92.76800775,12.91662955]],[[92.78734076,12.91259563],[92.77437973,12.90553093],[92.79319942,12.89187801],[92.80041933,12.89766037],[92.78734076,12.91259563]],[[92.79167783,12.89097691],[92.78190768,12.88438165],[92.78554893,12.88204777],[92.79167783,12.89097691]],[[92.75566554,12.89125896],[92.75405872,12.91329706],[92.74975085,12.89063263],[92.75566554,12.89125896]],[[92.75712383,12.87837827],[92.75761473,12.87613738],[92.76037025,12.87717283],[92.75712383,12.87837827]],[[92.76129556,12.86861825],[92.76599324,12.85508704],[92.76602042,12.87259805],[92.76129556,12.86861825]],[[92.77606273,12.86513054],[92.77774203,12.86665964],[92.77593684,12.86603975],[92.77606273,12.86513054]],[[92.72624075,12.8652662],[92.71769404,12.85879552],[92.71037507,12.83375251],[92.71897256,12.83582056],[92.72624075,12.8652662]],[[92.72922087,12.85585153],[92.7307384,12.85527945],[92.73150241,12.85640275],[92.72922087,12.85585153]],[[92.72585225,12.83679807],[92.72780645,12.83551228],[92.72719252,12.83830392],[92.72585225,12.83679807]],[[92.71603525,12.80278265],[92.71740067,12.80297506],[92.71661615,12.80424571],[92.71603525,12.80278265]],[[92.71556175,12.79934371],[92.71689713,12.7987504],[92.71627295,12.80084968],[92.71556175,12.79934371]],[[92.71533597,12.79615557],[92.71651244,12.79589605],[92.71618795,12.79729366],[92.71533597,12.79615557]],[[92.71995127,12.77784586],[92.72456443,12.76163328],[92.71753275,12.78800285],[92.71528328,12.77857363],[92.71995127,12.77784586]],[[92.71759403,12.77608812],[92.71579874,12.77543926],[92.7171936,12.77502394],[92.71759403,12.77608812]],[[92.72623801,12.75146747],[92.7264899,12.75367856],[92.7254194,12.75367856],[92.72623801,12.75146747]],[[92.72371447,12.73666835],[92.72630715,12.72802925],[92.72783744,12.72695136],[92.72371447,12.73666835]],[[92.89391375,12.89798617],[92.89166784,12.89939153],[92.8917309,12.89734554],[92.89391375,12.89798617]],[[92.86339295,12.91475427],[92.8633424,12.91347015],[92.86473322,12.91323805],[92.86339295,12.91475427]],[[92.89286006,12.93666291],[92.88948166,12.93592835],[92.88960636,12.93506646],[92.89286006,12.93666291]],[[92.90270615,12.93983901],[92.89968884,12.94097865],[92.90271497,12.93870425],[92.90270615,12.93983901]],[[92.91252601,13.00278854],[92.91078603,13.00468898],[92.91222537,13.00256801],[92.91252601,13.00278854]],[[92.94928324,13.02123666],[92.94933784,13.02464974],[92.94532716,13.02520943],[92.94928324,13.02123666]],[[92.91811883,13.04582608],[92.91479826,13.042135],[92.91897643,13.04034054],[92.91811883,13.04582608]],[[92.93450296,13.0512377],[92.93185234,13.05221474],[92.93287027,13.04951286],[92.93450296,13.0512377]],[[92.91682804,13.06256521],[92.91325247,13.06153405],[92.91717851,13.05795932],[92.91682804,13.06256521]],[[92.71918952,13.09313583],[92.69623113,13.09518993],[92.7009474,13.07106686],[92.70659041,13.07029951],[92.71918952,13.09313583]],[[92.72836733,13.09339964],[92.73188996,13.09399712],[92.73075545,13.09586358],[92.72836733,13.09339964]],[[92.79634726,13.17044985],[92.79420996,13.16775191],[92.797508,13.16781986],[92.79634726,13.17044985]],[[92.81611407,13.40429294],[92.81166661,13.41916656],[92.81444442,13.40305555],[92.81611407,13.40429294]],[[92.83194435,13.41861105],[92.84638894,13.43083334],[92.84249985,13.44472206],[92.82138884,13.43638885],[92.83194435,13.41861105]],[[92.86500001,13.41250002],[92.86751437,13.41160166],[92.86583316,13.41361105],[92.86500001,13.41250002]],[[92.87472224,13.50444436],[92.86666656,13.50916672],[92.87111115,13.50194442],[92.87472224,13.50444436]],[[92.91518772,13.51360178],[92.92146707,13.51269531],[92.92012286,13.51503694],[92.91518772,13.51360178]],[[92.91250002,13.5333333],[92.90472221,13.53388894],[92.90611112,13.53027773],[92.91250002,13.5333333]],[[92.8786298,13.53775573],[92.87489176,13.54061365],[92.87506366,13.53515625],[92.8786298,13.53775573]],[[93.00555551,13.55694437],[93.00777781,13.55638885],[93.00618505,13.55997753],[93.00555551,13.55694437]],[[92.71236014,11.31062448],[92.72400248,11.31780624],[92.72344124,11.33277953],[92.71735871,11.32847655],[92.71236014,11.31062448]],[[92.70950627,11.30114555],[92.70028996,11.31138384],[92.69780087,11.30927443],[92.70950627,11.30114555]],[[92.69019258,11.25],[92.70580137,11.26313055],[92.70537496,11.28925824],[92.6927675,11.28141367],[92.69019258,11.25]],[[92.67305553,11.18555546],[92.68111098,11.18111098],[92.67472208,11.18944442],[92.67305553,11.18555546]],[[92.72703183,11.14550781],[92.73485756,11.14578223],[92.73132396,11.14989841],[92.72703183,11.14550781]],[[92.72527766,11.14111114],[92.72333336,11.14388883],[92.72416663,11.14027774],[92.72527766,11.14111114]],[[92.65931451,10.99062383],[92.66922772,10.98532486],[92.6682657,10.99132085],[92.65931451,10.99062383]],[[92.22833848,10.97617781],[92.21526122,10.97875798],[92.21829677,10.9727416],[92.22833848,10.97617781]],[[92.60648143,10.93396854],[92.62085664,10.92955935],[92.60882175,10.93860805],[92.60648143,10.93396854]],[[92.50704134,10.88980126],[92.51289713,10.87707055],[92.51053965,10.86906827],[92.50087261,10.89083135],[92.45699465,10.86118674],[92.45676243,10.83881867],[92.42688417,10.82321095],[92.3981328,10.76105821],[92.38489222,10.79043806],[92.37608254,10.77319884],[92.38043082,10.66696262],[92.40167475,10.65842736],[92.42057061,10.61427176],[92.38350356,10.53392863],[92.43469202,10.54824054],[92.50505066,10.51087427],[92.53122008,10.51815367],[92.56826365,10.57631731],[92.54438913,10.59333146],[92.54096127,10.61700416],[92.58292556,10.65726972],[92.57592475,10.67006314],[92.59663355,10.67812693],[92.59836161,10.69865906],[92.58279276,10.74233556],[92.58786237,10.78682601],[92.56051588,10.80138242],[92.55831134,10.86314273],[92.53178382,10.88490868],[92.537081,10.86551404],[92.53006315,10.86526418],[92.52082813,10.89706087],[92.50704134,10.88980126]],[[92.77472222,9.25694442],[92.76666665,9.21527767],[92.7208333,9.21361113],[92.73166656,9.12437606],[92.78944445,9.11694443],[92.78233385,9.12018216],[92.83054757,9.13869357],[92.81916451,9.21324384],[92.77472222,9.25694442]],[[92.81166661,9.12555552],[92.81472206,9.12583327],[92.81416655,9.12694442],[92.81166661,9.12555552]],[[92.80380285,9.12058616],[92.80386257,9.11944902],[92.80389845,9.12084198],[92.80380285,9.12058616]],[[92.79444444,9.11833334],[92.79222214,9.11777782],[92.79861104,9.11833334],[92.79444444,9.11833334]],[[92.85267067,8.82817614],[92.86305738,8.82475162],[92.85923386,8.83733261],[92.85267067,8.82817614]],[[93.60688114,8.58120406],[93.60914171,8.57926846],[93.60897553,8.58203065],[93.60688114,8.58120406]],[[93.61273253,8.57584381],[93.61555517,8.45633554],[93.62280965,8.42167854],[93.62676787,8.46682346],[93.64251697,8.4674263],[93.63603055,8.52215886],[93.61273253,8.57584381]],[[93.05388165,8.43942344],[93.05732524,8.45726824],[93.04344213,8.47349334],[93.03458452,8.45021105],[93.05388165,8.43942344]],[[93.61338031,8.48499417],[93.61074674,8.48505521],[93.61131895,8.48449266],[93.61338031,8.48499417]],[[93.63383222,8.39512336],[93.63561773,8.39629185],[93.63336611,8.39824545],[93.63383222,8.39512336]],[[93.65129471,8.39476955],[93.65330386,8.38779664],[93.65698993,8.39040482],[93.65129471,8.39476955]],[[93.1425513,8.34761906],[93.09502757,8.3397361],[93.08815765,8.26769757],[93.12314534,8.22095895],[93.19947886,8.19389915],[93.20461845,8.21554124],[93.12647796,8.27606905],[93.1425513,8.34761906]],[[93.22317672,8.25862765],[93.22472286,8.2361474],[93.24884403,8.22377312],[93.23877311,8.26171875],[93.22317672,8.25862765]],[[93.51316166,8.22794342],[93.45402706,8.17341602],[93.45983315,8.12151158],[93.48943567,8.09155238],[93.48515916,8.0514667],[93.51453042,8.08393645],[93.52980471,8.07849062],[93.51801944,8.046875],[93.51203156,8.06846654],[93.50559068,8.0403949],[93.48538101,8.04450238],[93.50069225,7.99735641],[93.50834847,8.03373265],[93.52502954,8.03193223],[93.53061104,8.04852533],[93.54998171,8.03558445],[93.55304015,8.06637204],[93.50326014,8.14846528],[93.54451656,8.19609773],[93.54547954,8.22165775],[93.51316166,8.22794342]],[[93.56170976,8.11952651],[93.58149326,8.07680821],[93.57171321,8.06627405],[93.59395194,8.03782845],[93.58016622,8.12481892],[93.56170976,8.11952651]],[[93.54327178,8.02512646],[93.55107093,7.99629164],[93.5329504,8.025141],[93.50736356,7.98448694],[93.57744336,7.92828858],[93.58269942,7.99143708],[93.56461108,8.02362263],[93.54327178,8.02512646]],[[93.46515203,7.92927885],[93.43012881,7.96763384],[93.41227055,7.96191478],[93.40974581,8.00659525],[93.37945116,8.02478552],[93.33673155,8.01215041],[93.31059051,7.9616214],[93.32254636,7.92655444],[93.35772026,7.9418298],[93.34448767,7.90170622],[93.37709343,7.88165545],[93.42262101,7.90717661],[93.46164024,7.87218034],[93.47483861,7.89259315],[93.46515203,7.92927885]],[[93.34260416,7.90468776],[93.34070778,7.90504158],[93.34241712,7.90437377],[93.34260416,7.90468776]],[[93.34046125,7.90973282],[93.33878887,7.91015625],[93.33937764,7.90865016],[93.34046125,7.90973282]],[[93.53978205,7.51941764],[93.54998183,7.51629066],[93.54332805,7.52511156],[93.53978205,7.51941764]],[[93.63025951,7.47806215],[93.63429415,7.47808874],[93.63051546,7.47991073],[93.63025951,7.47806215]],[[93.64986181,7.47625351],[93.64426124,7.47075713],[93.65256417,7.47078514],[93.64986181,7.47625351]],[[93.70834255,7.44342041],[93.70310557,7.40208876],[93.71433055,7.39315855],[93.63237393,7.37039626],[93.63596976,7.32128894],[93.62115097,7.30837464],[93.6482352,7.24261045],[93.67943025,7.28484762],[93.72484517,7.30987954],[93.75553036,7.35992563],[93.70834255,7.44342041]],[[93.76258135,7.39708161],[93.77227056,7.39839745],[93.76719177,7.40410256],[93.76258135,7.39708161]],[[93.84421766,7.28815818],[93.84621394,7.28619182],[93.84839773,7.29005837],[93.84421766,7.28815818]],[[93.84568822,7.24026716],[93.80666435,7.23289895],[93.80282593,7.20156753],[93.76083756,7.2145133],[93.73345196,7.18726921],[93.68607664,7.1899091],[93.67298961,7.17556918],[93.67669594,7.14162242],[93.65564847,7.1252284],[93.67461097,7.11224234],[93.65734625,7.09931517],[93.67416692,7.0236088],[93.66299593,7.00656021],[93.69460225,7.01465452],[93.74529338,6.96166015],[93.74188066,6.92480266],[93.78063953,6.89026034],[93.77169144,6.87652493],[93.79421973,6.85057485],[93.78665054,6.83069515],[93.81527364,6.81624281],[93.80472887,6.76524174],[93.82629597,6.75421464],[93.84725344,6.77912021],[93.85094738,6.81594765],[93.88190854,6.79302263],[93.90200102,6.81271446],[93.89733231,6.90213442],[93.9164505,6.91252303],[93.91843557,6.94713247],[93.94562328,6.95484495],[93.91386795,6.99983156],[93.92649674,7.01107836],[93.9478718,6.99793875],[93.91611695,7.02516282],[93.88807774,7.08593154],[93.88247526,7.20356691],[93.84614432,7.21803164],[93.84568822,7.24026716]],[[93.79038274,6.85052836],[93.78427386,6.84909916],[93.78444922,6.84878135],[93.79038274,6.85052836]],[[93.72153664,7.21309638],[93.70898497,7.23084354],[93.71976435,7.20656467],[93.72153664,7.21309638]],[[93.69499803,7.39930665],[93.68358767,7.40250921],[93.69123817,7.39695227],[93.69499803,7.39930665]]]}},{"type":"Feature","properties":{"mrgid":8359,"name":"Pakistani Exclusive Economic Zone","territory":"Pakistan","sovereign":"Pakistan","pol_type":"200NM","is_india":false},"geometry":{"type":"MultiPolygon","coordinates":[[[[66.35672903,25.59416235],[66.39917636,25.57678294],[66.41022885,25.55900276],[66.39417911,25.53547573],[66.43594492,25.54620111],[66.42619514,25.52103758],[66.43858075,25.51138115],[66.47177768,25.51737845],[66.46563125,25.52320015],[66.46544325,25.52795875],[66.46790326,25.53498316],[66.47280824,25.53891552],[66.47062397,25.52038646],[66.54260635,25.51134825],[66.56218302,25.4797734],[66.55922163,25.44999063],[66.58572745,25.43036413],[66.56920564,25.41338062],[66.56331325,25.41969323],[66.55526113,25.39950407],[66.56862867,25.40699732],[66.57358325,25.38403845],[66.54857051,25.38357782],[66.54939067,25.36260021],[66.68800545,25.25687134],[66.7463932,25.18565941],[66.73557794,25.12681007],[66.70144212,25.08691394],[66.71249211,25.05050194],[66.70219111,24.95722234],[66.67703187,24.93615258],[66.69354475,24.88762391],[66.69465721,24.89442503],[66.71031904,24.9006983],[66.72046971,24.91805673],[66.72638834,24.92034936],[66.70681655,24.88896322],[66.72007656,24.88571537],[66.68504453,24.88063514],[66.65831101,24.85549545],[66.66555047,24.82510126],[66.75154591,24.85209024],[66.82252836,24.83795464],[66.85383332,24.86101961],[66.91233373,24.83999801],[66.98201275,24.78470278],[66.95386755,24.81951392],[66.96327817,24.82528055],[66.93940282,24.83924377],[66.92265594,24.83383393],[66.91405272,24.84188342],[66.91459286,24.86558473],[66.92966855,24.85324085],[66.96586907,24.87031734],[66.96920812,24.8523916],[66.98175204,24.85480165],[66.96864796,24.82555461],[66.98052847,24.84204745],[66.98914671,24.84442234],[66.97322953,24.82164764],[66.98371351,24.79778826],[66.98633146,24.81417406],[67.02291214,24.80670178],[67.08113325,24.74766922],[67.10484326,24.76186955],[67.0818094,24.79264295],[67.07871056,24.80365896],[67.08213973,24.81271565],[67.0877341,24.79367673],[67.12436485,24.77713513],[67.15100181,24.79341602],[67.18250024,24.78922856],[67.19042766,24.80178225],[67.17188871,24.80231905],[67.19949532,24.80468142],[67.20020938,24.79801905],[67.21771181,24.81494296],[67.24821317,24.81392777],[67.21357727,24.80700803],[67.22874224,24.78910005],[67.25987196,24.79218304],[67.29334354,24.78298461],[67.29177415,24.79887724],[67.32834172,24.76430666],[67.37502193,24.78258693],[67.40716076,24.77960527],[67.42214561,24.7665956],[67.43164361,24.77463675],[67.44566298,24.77780855],[67.49707603,24.74075317],[67.50546157,24.74870265],[67.52830815,24.74865985],[67.49707377,24.73948395],[67.46719491,24.75195324],[67.48930883,24.71808624],[67.46607876,24.72909772],[67.46491766,24.75966418],[67.43334866,24.77193916],[67.4240123,24.74278891],[67.38301623,24.73377466],[67.39239562,24.72417486],[67.37915123,24.71523166],[67.41959286,24.71237123],[67.38759506,24.70190573],[67.42909348,24.69650924],[67.43733883,24.68088031],[67.41711426,24.67392945],[67.43904114,24.64770401],[67.45696795,24.66299653],[67.46889591,24.65885413],[67.47514272,24.64454436],[67.47372496,24.61939371],[67.45945084,24.6609174],[67.44187534,24.63620734],[67.37892115,24.63155484],[67.38304305,24.60445178],[67.34224224,24.61161363],[67.34013188,24.58981228],[67.35529923,24.5815984],[67.32329297,24.58870685],[67.31669807,24.57203531],[67.29713976,24.57541502],[67.30637145,24.56295276],[67.30213428,24.55430424],[67.34811282,24.54647684],[67.41211104,24.59955645],[67.42946911,24.59344816],[67.44930744,24.57607305],[67.46438158,24.5471729],[67.46539175,24.56066096],[67.4777019,24.56332004],[67.46295345,24.54535925],[67.44172204,24.57688832],[67.43731833,24.56476045],[67.4236443,24.56553256],[67.41946948,24.58874178],[67.37842548,24.56936133],[67.35510492,24.54199731],[67.37046075,24.52790046],[67.37613916,24.53757095],[67.38062251,24.53818142],[67.35927701,24.48799777],[67.34194446,24.46865773],[67.32888985,24.48100436],[67.33005226,24.46012485],[67.37107396,24.46711111],[67.37918747,24.48160756],[67.40369785,24.49073386],[67.38985801,24.50879371],[67.39317012,24.51532912],[67.42051065,24.51655126],[67.39801192,24.50447845],[67.41334236,24.46933436],[67.43156815,24.47810745],[67.42938221,24.46773613],[67.41294706,24.46622264],[67.39916623,24.48347807],[67.37934041,24.46753716],[67.41510451,24.44740975],[67.40875304,24.43528593],[67.42837763,24.43885136],[67.45102477,24.42557144],[67.47084308,24.42711973],[67.45380855,24.44650245],[67.46705186,24.45801425],[67.47198618,24.45794475],[67.48759556,24.44779182],[67.46733761,24.45728695],[67.45592308,24.44620538],[67.47483563,24.43101466],[67.4741652,24.40591466],[67.48661292,24.39410985],[67.50958538,24.41600704],[67.51415324,24.40929174],[67.48948288,24.39014852],[67.46762347,24.4047724],[67.47180414,24.37677777],[67.45798767,24.36327171],[67.45564187,24.37548113],[67.44171143,24.36303437],[67.43760872,24.36255193],[67.43454862,24.35037601],[67.41794264,24.33833051],[67.42460406,24.32597637],[67.439731,24.32148826],[67.44434345,24.34581876],[67.44940984,24.35376215],[67.44618654,24.33887815],[67.46527135,24.3446964],[67.45872772,24.3329457],[67.48172104,24.32392633],[67.50888908,24.36176443],[67.51304197,24.36525953],[67.53114617,24.37144005],[67.50998676,24.36120856],[67.51875353,24.33828294],[67.52961564,24.34444225],[67.55694342,24.34739101],[67.56972861,24.34361756],[67.57582796,24.33628345],[67.52450871,24.33911657],[67.53059721,24.33217072],[67.52908504,24.3207072],[67.53776026,24.31507075],[67.52197695,24.31317866],[67.52840447,24.30031013],[67.51882064,24.28299451],[67.51993191,24.31199682],[67.52942967,24.33100641],[67.51218724,24.33851492],[67.46793067,24.31494713],[67.48606741,24.28826654],[67.5,24.29352665],[67.50328922,24.30484486],[67.50773036,24.30577672],[67.50043893,24.29010057],[67.48851132,24.28563857],[67.43767774,24.30110037],[67.43970764,24.29385555],[67.43156505,24.28995836],[67.43441308,24.28069854],[67.46078992,24.27907526],[67.47434223,24.26569593],[67.48338211,24.27091944],[67.49110281,24.25534105],[67.50966704,24.27182341],[67.51326454,24.27164805],[67.48875642,24.24993455],[67.50480032,24.23482346],[67.48452926,24.23611498],[67.47929537,24.23944533],[67.47664142,24.24803436],[67.47110856,24.24054468],[67.46191466,24.24279642],[67.46754086,24.23570871],[67.46835113,24.23082948],[67.45545363,24.25076675],[67.4296689,24.2402364],[67.42996085,24.22032857],[67.41788471,24.20212913],[67.42928815,24.2018373],[67.4344449,24.19506395],[67.43802297,24.21172798],[67.44370794,24.21498942],[67.46041203,24.18990266],[67.44473934,24.20194244],[67.43298733,24.19146824],[67.41526592,24.20104384],[67.41240835,24.22971141],[67.35754073,24.23507237],[67.37387621,24.22320592],[67.37407422,24.20966661],[67.38417852,24.21336198],[67.39001596,24.21095431],[67.3673979,24.20431995],[67.37935865,24.18590987],[67.38853073,24.19002223],[67.41120934,24.18563736],[67.42099035,24.17562675],[67.4241786,24.16879594],[67.42993414,24.17402923],[67.45062137,24.17208707],[67.42325973,24.16800666],[67.41773403,24.17628884],[67.43199158,24.14966536],[67.43742824,24.15617621],[67.44422364,24.15436006],[67.44627237,24.15077925],[67.46120155,24.16304767],[67.47848141,24.15643036],[67.47023058,24.17747545],[67.47378087,24.18489814],[67.49833345,24.19191027],[67.51479244,24.18495464],[67.50622785,24.20030534],[67.51813757,24.18907511],[67.51851273,24.18516564],[67.51141596,24.18217313],[67.49776554,24.18902278],[67.48859763,24.17837775],[67.47568536,24.18373001],[67.48212016,24.15625834],[67.47084034,24.15137243],[67.45971835,24.15808642],[67.44273424,24.13321078],[67.44802976,24.12346542],[67.44595015,24.11750186],[67.46119225,24.12302995],[67.48705411,24.11990631],[67.53379393,24.10125995],[67.43845522,24.11588991],[67.43177998,24.08926451],[67.40722644,24.08203125],[67.40995395,24.0643506],[67.46043527,24.08457744],[67.48643148,24.03746176],[67.54737473,24.08003473],[67.64099598,24.06523955],[67.64943314,24.10646164],[67.62781763,24.14877248],[67.62966013,24.16028964],[67.64300525,24.17067754],[67.62303603,24.1741749],[67.62240756,24.1862905],[67.64016664,24.19305003],[67.64917445,24.18548131],[67.62911618,24.18472135],[67.64512634,24.17106986],[67.63281083,24.1565932],[67.66024733,24.15677524],[67.68326914,24.18328536],[67.69985294,24.18852854],[67.73163354,24.17428184],[67.72875655,24.21694887],[67.74633992,24.2626183],[67.7818886,24.26681626],[67.80025625,24.24895811],[67.80926454,24.25987518],[67.76356244,24.33613014],[67.80591905,24.36235857],[67.83054221,24.36183774],[67.85603571,24.348966],[67.84247875,24.4054234],[67.85293162,24.43468177],[67.87134302,24.44910038],[67.88543785,24.4522264],[67.94296455,24.43708241],[67.98318315,24.44647956],[67.97502995,24.48755085],[67.93382442,24.49924111],[67.93442273,24.50825357],[67.95066237,24.52478266],[67.94431806,24.54360175],[67.94849563,24.54810596],[67.95472443,24.55169725],[67.98573911,24.55912173],[68.02282321,24.55947435],[68.02550852,24.57482028],[68.02773845,24.56431174],[68.02121151,24.55639315],[67.94567728,24.544119],[67.95263815,24.52751756],[67.93671823,24.50127161],[67.97719753,24.48787796],[67.98880124,24.45999587],[67.98194695,24.44116366],[67.95065665,24.43263447],[67.87283576,24.44695032],[67.84726226,24.40217447],[67.86118197,24.36324334],[67.85570455,24.34568357],[67.81288242,24.36013925],[67.77486861,24.33462083],[67.81246078,24.27049315],[67.81025982,24.24981546],[67.79784536,24.24623084],[67.77704477,24.26268876],[67.7482506,24.2587713],[67.73841095,24.17136216],[67.68997025,24.18124485],[67.67306125,24.15340507],[67.63222861,24.14383304],[67.64945805,24.13015377],[67.65706825,24.08081365],[67.66878855,24.08849776],[67.67962468,24.08815706],[67.71402502,24.04248226],[67.75291026,24.08467138],[67.77402806,24.07825851],[67.79130936,24.06252944],[67.81002462,24.07323515],[67.83396804,24.0765959],[67.84050727,24.082708],[67.8351382,24.1007297],[67.84139526,24.11450887],[67.82629526,24.12658072],[67.82674134,24.13807881],[67.83037746,24.14524233],[67.82787466,24.12793255],[67.84306455,24.11733496],[67.84778833,24.09336603],[67.86365294,24.10957825],[67.84949994,24.12683105],[67.85402405,24.15203154],[67.86501348,24.16319752],[67.85069728,24.1257019],[67.86697686,24.11100495],[67.8515625,24.09347093],[67.93175948,24.05841827],[67.91598201,24.08525956],[67.91248202,24.10944402],[67.91523004,24.1186105],[67.92923665,24.13360775],[67.91843164,24.08597755],[67.93503082,24.07144356],[67.94649756,24.02394581],[67.98702824,24.03083146],[67.98638046,24.05452347],[67.99571455,24.08366585],[68.00298834,24.08650804],[67.9883604,24.05053616],[67.99876738,24.02077985],[68.03257835,24.00587356],[68.05234456,24.04487002],[68.05327153,24.02417851],[68.07390034,24.0129286],[68.06215978,24.06163585],[68.06986403,24.06189954],[68.09767234,23.9693706],[68.11277926,24.00762868],[68.13683367,24.03024101],[68.12406731,24.05479336],[68.14374173,24.03444636],[68.11205697,23.98025465],[68.14854157,24.00916004],[68.13369346,23.98854375],[68.15598667,23.98988175],[68.17287231,23.98001277],[68.13313925,23.98625958],[68.10797894,23.97070324],[68.1184082,23.97056365],[68.10854912,23.96052396],[68.12022388,23.95084286],[68.12313664,23.94684696],[68.12651718,23.90354896],[68.11411893,23.85790992],[68.13429785,23.84966326],[68.14758205,23.85224235],[68.14295363,23.87018275],[68.15581024,23.9031955],[68.15081584,23.85346436],[68.19726086,23.86546791],[68.18849063,23.92903817],[68.21710002,23.98392391],[68.18545604,24.02720332],[68.21609867,24.04209232],[68.22240233,24.07547784],[68.203125,24.08454227],[68.18452382,24.12810385],[68.18394434,24.13971734],[68.18879676,24.15484345],[68.20967782,24.17415512],[68.18642175,24.13132107],[68.20416367,24.08769345],[68.22426307,24.07632506],[68.23290992,24.03840125],[68.19156313,24.02190113],[68.2252568,23.98976231],[68.27481353,24.00857365],[68.22329891,23.98368955],[68.19552875,23.91658604],[68.20413673,23.88707626],[68.24568725,23.90495563],[68.28962946,23.95829964],[68.30053866,23.93794525],[68.32896626,23.93053198],[68.33689141,23.97336316],[68.39501095,24.00958514],[68.35481966,24.02926624],[68.38127947,24.05340326],[68.37464797,24.06716013],[68.4025985,24.10878694],[68.42356062,24.10439825],[68.40094936,24.10477054],[68.39565861,24.07271361],[68.37784195,24.06646466],[68.38438725,24.05092394],[68.36403227,24.03215337],[68.40969002,24.02003384],[68.38298976,23.99083591],[68.39156783,23.96850455],[68.42912507,24.00441587],[68.44128311,23.99123526],[68.50818074,24.02130842],[68.48793292,24.06524515],[68.49882841,24.08925307],[68.53129435,24.09414577],[68.52721906,24.12258875],[68.53607714,24.13777184],[68.53924644,24.08228564],[68.58523166,24.1227355],[68.55854702,24.08376515],[68.49674106,24.07077408],[68.52226067,24.02817845],[68.49739397,23.99729955],[68.50887954,23.99610221],[68.50901728,23.96942377],[68.4863981,23.99187863],[68.4343722,23.96831014],[68.42992604,23.99528623],[68.3919903,23.96656797],[68.36698744,23.98759034],[68.34045088,23.96516913],[68.33207344,23.92435084],[68.28109532,23.93005781],[68.25036452,23.89268927],[68.20883788,23.87581283],[68.20598738,23.78462716],[68.17882379,23.72985269],[68.1826982,23.6785452],[68.11152128,23.6363393],[67.71381102,23.23003541],[67.47056478,22.71384825],[67.16814325,22.25108157],[65.6391495,20.98033993],[65.33119559,21.17044626],[65.0756029,21.35836437],[64.84069106,21.56490901],[64.61918825,21.79798885],[64.01157041,21.76176203],[63.36343611,21.75263729],[63.36953733,21.79092399],[63.13972222,22.08361111],[62.42138889,22.67694444],[61.41666667,23.34666667],[61.51057958,24.09874525],[61.61229694,25.17633915],[61.66714215,25.17134595],[61.66093993,25.18862271],[61.66355491,25.19229436],[61.67817044,25.19083953],[61.68347454,25.181391],[61.68902814,25.18828714],[61.70049286,25.19365072],[61.69479108,25.20776486],[61.69580102,25.21137786],[61.73169255,25.24091816],[61.7289139,25.25572395],[61.73534465,25.25193775],[61.7336477,25.24336684],[61.72857773,25.23529935],[61.69548237,25.20835114],[61.70224905,25.19362772],[61.68306875,25.17872036],[61.66280866,25.19042516],[61.66997957,25.16577208],[61.7439208,25.14172637],[61.72168911,25.15891743],[61.73066056,25.15661407],[61.74590576,25.14556813],[61.74493027,25.13501883],[61.77613235,25.14299405],[61.77151477,25.16094291],[61.78151095,25.1692723],[61.77969921,25.14238644],[61.74456441,25.12736797],[61.76906717,25.09140027],[61.73648417,25.07279766],[61.74240625,25.04964757],[61.72508144,25.03093755],[61.77904725,25.01427758],[61.85379004,25.03685534],[61.86444736,25.09110141],[61.89583814,25.10571825],[62.09397304,25.10029054],[62.05301785,25.15276837],[62.06040776,25.17787576],[62.10006452,25.20585763],[62.16786587,25.22070312],[62.25057352,25.21106803],[62.30661774,25.17401075],[62.31709445,25.12001586],[62.25769818,25.10484552],[62.37477672,25.09416676],[62.38474286,25.10476887],[62.34019935,25.10400105],[62.32859206,25.11868286],[62.34668446,25.17405236],[62.39053822,25.20511591],[62.4732542,25.22191203],[62.4583472,25.23511767],[62.47442544,25.25732911],[62.53421807,25.26813614],[62.79232144,25.25164413],[63.00482035,25.21040893],[63.12518835,25.2578125],[63.49487495,25.205392],[63.50587428,25.22594833],[63.47787154,25.24237025],[63.47772193,25.28220296],[63.46563017,25.28293955],[63.45094645,25.29820287],[63.47816861,25.28672862],[63.49971187,25.32867718],[63.57308531,25.36770666],[63.69228911,25.38591123],[63.89048684,25.34154725],[64.05411875,25.32638395],[64.07225764,25.35069776],[64.03386664,25.36653435],[64.05686235,25.37296271],[64.04216135,25.37741196],[64.04159713,25.40875268],[63.9940207,25.38733351],[63.98143482,25.41355968],[63.95767951,25.40357137],[63.96909642,25.41796875],[64.00294888,25.41635096],[63.98103332,25.41977775],[64.01637077,25.43603373],[63.99718428,25.45982134],[64.08014214,25.45143545],[64.12006784,25.47667146],[64.18215811,25.45971012],[64.15729535,25.44964671],[64.17871332,25.44186831],[64.13853943,25.43314552],[64.15976203,25.43002474],[64.14292157,25.4108603],[64.14996874,25.39660442],[64.13082766,25.39472783],[64.12530434,25.40767276],[64.10382605,25.39913487],[64.12002325,25.38981497],[64.07117236,25.39550793],[64.11829937,25.35979426],[64.09008682,25.36386466],[64.08919036,25.32619631],[64.09215665,25.32457507],[64.1025362,25.32693624],[64.1495651,25.32446826],[64.22494376,25.31275105],[64.40182161,25.23622346],[64.47258794,25.24361122],[64.47696614,25.26000643],[64.51233494,25.27455354],[64.57146394,25.26308417],[64.61802697,25.21951985],[64.57805133,25.17730725],[64.59210217,25.15454626],[64.69449031,25.18342757],[64.68578064,25.19912434],[64.67181826,25.19323587],[64.67652476,25.20529294],[64.64189875,25.20237601],[64.64687455,25.26520014],[64.69165635,25.30399001],[64.76697958,25.31975436],[64.92007434,25.32589281],[65.19198835,25.3032577],[65.22654974,25.31505847],[65.24709284,25.37018204],[65.27022183,25.37902606],[65.41739702,25.37318301],[65.45936728,25.39149117],[65.64222884,25.35410321],[65.77257967,25.38364673],[65.82694113,25.41955996],[65.97493005,25.41632414],[66.28527284,25.46819186],[66.37147057,25.45653772],[66.52154005,25.40501988],[66.5233649,25.42029965],[66.48875105,25.43681204],[66.52612031,25.44005644],[66.52388155,25.49078453],[66.48611546,25.49800861],[66.4319663,25.48300946],[66.38462114,25.52729332],[66.35331213,25.52771735],[66.34588075,25.54778492],[66.24616277,25.54843771],[66.26373386,25.56012821],[66.258394,25.57336295],[66.29101694,25.59390187],[66.35672903,25.59416235]],[[66.36911082,25.58546126],[66.36972356,25.58797586],[66.36939847,25.58815956],[66.36911082,25.58546126]],[[66.26336884,25.57097602],[66.26377463,25.56642485],[66.26590323,25.56765747],[66.26336884,25.57097602]],[[66.36271274,25.54396522],[66.36404395,25.54663515],[66.36094761,25.54404664],[66.36271274,25.54396522]],[[66.55791116,25.43484902],[66.5670166,25.42540705],[66.56813157,25.42590225],[66.55791116,25.43484902]],[[66.5688107,25.42117274],[66.57075715,25.42117441],[66.56946743,25.42605364],[66.5688107,25.42117274]],[[64.09336162,25.32271695],[64.09313726,25.32155395],[64.09577417,25.32242274],[64.09336162,25.32271695]],[[64.08384395,25.32812476],[64.08650565,25.33218574],[64.08562934,25.33262944],[64.08384395,25.32812476]],[[64.09706545,25.32324338],[64.10053456,25.32469404],[64.10346437,25.32572162],[64.10047793,25.32590234],[64.09706545,25.32324338]],[[64.13799572,25.39773381],[64.140293,25.39906466],[64.13620555,25.39997077],[64.13799572,25.39773381]],[[63.84515667,25.12638795],[63.82628775,25.11723566],[63.86626935,25.12523174],[63.84515667,25.12638795]],[[61.74062204,25.13287485],[61.74326634,25.13976824],[61.74025965,25.1329354],[61.74062204,25.13287485]],[[66.60609591,24.89151907],[66.60657036,24.90140665],[66.5977931,24.89823914],[66.60609591,24.89151907]],[[67.15145135,24.73475707],[67.13233936,24.7517246],[67.11859953,24.74987853],[67.12069595,24.74418044],[67.15145135,24.73475707]],[[67.23569202,24.75802457],[67.17428815,24.72265267],[67.18681598,24.70302975],[67.20023346,24.72544932],[67.25215924,24.73867154],[67.23569202,24.75802457]],[[67.18174684,24.75788295],[67.16487765,24.76211226],[67.16919124,24.77246726],[67.16103852,24.77101314],[67.16105425,24.75756335],[67.18174684,24.75788295]],[[67.15539646,24.76013804],[67.15349734,24.75803375],[67.15631115,24.75801897],[67.15539646,24.76013804]],[[67.2147907,24.79311573],[67.17243814,24.76447666],[67.22803795,24.78277624],[67.2147907,24.79311573]],[[67.24136293,24.77910185],[67.26239431,24.74728096],[67.29226351,24.77700603],[67.26151395,24.78702295],[67.24136293,24.77910185]],[[67.27104068,24.74230635],[67.23391223,24.72904777],[67.23774612,24.70750201],[67.24954164,24.70509231],[67.27422547,24.73334205],[67.30905736,24.74522841],[67.32743573,24.72907364],[67.34390974,24.75554013],[67.30161762,24.77126086],[67.27104068,24.74230635]],[[67.3488301,24.76587045],[67.35817552,24.75089562],[67.35522175,24.75650382],[67.36401677,24.76646638],[67.3488301,24.76587045]],[[67.37279785,24.77629674],[67.35907221,24.75010133],[67.34376335,24.74427664],[67.37662792,24.72483075],[67.37533915,24.74174786],[67.39285111,24.76697767],[67.37279785,24.77629674]],[[67.40639865,24.77419651],[67.38837886,24.75266504],[67.39919853,24.75361717],[67.4060024,24.74990535],[67.40873015,24.74500382],[67.42916501,24.76125062],[67.40639865,24.77419651]],[[67.40542436,24.74171758],[67.38002873,24.74577928],[67.37885678,24.72665632],[67.38136566,24.73592496],[67.40542436,24.74171758]],[[67.36948645,24.72748244],[67.36848235,24.72130573],[67.37410176,24.72230935],[67.36948645,24.72748244]],[[67.34749126,24.73529065],[67.33175814,24.72701526],[67.33115697,24.70204461],[67.33136153,24.72531402],[67.31360495,24.73455346],[67.30834305,24.70270813],[67.30350685,24.69695652],[67.29419506,24.69568646],[67.29308104,24.69103944],[67.30320454,24.68886566],[67.31061685,24.67707205],[67.31789851,24.67927897],[67.32547235,24.66955614],[67.33964241,24.69949806],[67.33974016,24.68601823],[67.38088656,24.69931817],[67.34749126,24.73529065]],[[67.36813235,24.69003701],[67.39393234,24.69506717],[67.38539612,24.70124924],[67.38734257,24.70936751],[67.38272512,24.69792533],[67.36813235,24.69003701]],[[67.42425632,24.69634461],[67.34224141,24.67265856],[67.36761951,24.66919518],[67.38243926,24.65490365],[67.38731158,24.6629405],[67.39246571,24.66479135],[67.38669038,24.64616156],[67.40947533,24.65535665],[67.43389034,24.64118302],[67.41337454,24.67265761],[67.43309915,24.68370211],[67.42425632,24.69634461]],[[67.34452784,24.64113045],[67.3286308,24.62093484],[67.35504997,24.62827623],[67.36794806,24.61283433],[67.3716284,24.63188732],[67.34452784,24.64113045]],[[67.31526184,24.62902224],[67.29001796,24.609375],[67.29450834,24.59668314],[67.30941296,24.61476302],[67.3154006,24.60977435],[67.29899764,24.59809744],[67.30129075,24.58595586],[67.30478787,24.5983175],[67.31674194,24.60316586],[67.30421865,24.5903244],[67.31406403,24.57386684],[67.31756866,24.59233236],[67.33559227,24.58910131],[67.34024835,24.60271144],[67.33613634,24.60418904],[67.31526184,24.62902224]],[[67.33623958,24.60531414],[67.33841038,24.60490167],[67.33657515,24.60746074],[67.33623958,24.60531414]],[[67.29893196,24.58524001],[67.29311645,24.58914578],[67.29592025,24.5832113],[67.29893196,24.58524001]],[[67.26085675,24.59617531],[67.2858721,24.62597644],[67.27473605,24.63143158],[67.26504433,24.64869165],[67.25982165,24.6356523],[67.23741174,24.63439393],[67.25202811,24.62683284],[67.2344557,24.61084235],[67.26085675,24.59617531]],[[67.24454343,24.62369871],[67.23626804,24.63155413],[67.23418057,24.64146197],[67.2227118,24.63626266],[67.23031116,24.62956154],[67.22988474,24.61352992],[67.24454343,24.62369871]],[[67.22819054,24.62956905],[67.21414316,24.62559164],[67.22384346,24.61664426],[67.22819054,24.62956905]],[[67.18512881,24.64602804],[67.23419094,24.64260602],[67.23900712,24.63729692],[67.25273263,24.64120448],[67.25817776,24.63682008],[67.26620615,24.66576743],[67.24242294,24.65889215],[67.20080912,24.67887855],[67.17720175,24.66380978],[67.18512881,24.64602804]],[[67.19056034,24.69114351],[67.24550092,24.66060865],[67.24085486,24.67638135],[67.24498606,24.67993891],[67.28002417,24.69780886],[67.30355191,24.69794011],[67.31123424,24.73846698],[67.27928436,24.73157144],[67.24708974,24.70080411],[67.23465252,24.70361853],[67.22448027,24.72304487],[67.20030355,24.71681893],[67.19056034,24.69114351]],[[67.29273796,24.69461834],[67.27719045,24.68432975],[67.24356103,24.67403305],[67.27590156,24.67815864],[67.30221295,24.66857135],[67.28940022,24.67581046],[67.28314352,24.68317521],[67.28414464,24.68821347],[67.29273796,24.69461834]],[[67.28590405,24.68781233],[67.31710911,24.65614104],[67.31927907,24.67670465],[67.31764865,24.67826176],[67.31246054,24.67613411],[67.30830157,24.67725456],[67.30036366,24.68792427],[67.28590405,24.68781233]],[[67.31928015,24.65364242],[67.30487895,24.66222465],[67.31760168,24.63791215],[67.34622586,24.65865803],[67.33541596,24.67271197],[67.31928015,24.65364242]],[[67.34840894,24.64540255],[67.36674655,24.64942765],[67.36705482,24.66609025],[67.35128641,24.66294086],[67.34840894,24.64540255]],[[67.36873341,24.6510998],[67.38357806,24.65199113],[67.37017584,24.66270792],[67.36873341,24.6510998]],[[67.30869675,24.63989663],[67.27597904,24.66475785],[67.28027046,24.64950788],[67.27680755,24.6324445],[67.30869675,24.63989663]],[[67.27417827,24.66463888],[67.26529813,24.65019548],[67.27660453,24.64610314],[67.27417827,24.66463888]],[[67.27618885,24.67387605],[67.26052594,24.67288136],[67.27733421,24.66785145],[67.27618885,24.67387605]],[[67.33579087,24.68080115],[67.33459938,24.68493891],[67.33345962,24.67983675],[67.33579087,24.68080115]],[[67.17069674,24.76168954],[67.16871667,24.766644],[67.16780722,24.76167464],[67.17069674,24.76168954]],[[67.29544425,24.5751574],[67.22587526,24.57225156],[67.21944654,24.55494416],[67.24237812,24.52763915],[67.24615991,24.52836835],[67.24354374,24.53470516],[67.24578547,24.54014897],[67.25112975,24.54129434],[67.26414347,24.5311048],[67.27596664,24.54948425],[67.28577113,24.54790008],[67.28848004,24.56077313],[67.30485415,24.56116521],[67.29544425,24.5751574]],[[67.2882086,24.55932498],[67.28694582,24.54797125],[67.26711822,24.53522801],[67.27615547,24.52076983],[67.29139757,24.53691065],[67.30630875,24.53612185],[67.2882086,24.55932498]],[[67.30126333,24.53104246],[67.29012001,24.52956486],[67.3010776,24.52483225],[67.30407214,24.50650096],[67.31529868,24.52874064],[67.32475924,24.52905536],[67.34225666,24.52468574],[67.34314752,24.51154625],[67.34501612,24.52303505],[67.35829914,24.52781904],[67.34516501,24.50983846],[67.32876086,24.51024377],[67.33616865,24.50750506],[67.35163331,24.49490607],[67.36676502,24.52080476],[67.36255741,24.53149974],[67.31054914,24.55074096],[67.30203617,24.55008233],[67.30957556,24.53868055],[67.30126333,24.53104246]],[[67.33101416,24.51224792],[67.32343638,24.52783406],[67.30876267,24.51464236],[67.31971765,24.49288261],[67.31568062,24.48086226],[67.30505562,24.47738016],[67.32339156,24.46331656],[67.32296157,24.48457265],[67.34075344,24.47448075],[67.35079896,24.49283373],[67.32792735,24.50933182],[67.32831955,24.51095176],[67.33101416,24.51224792]],[[67.30655873,24.47071922],[67.28653443,24.48677588],[67.28362286,24.49013448],[67.28364706,24.49434304],[67.27229094,24.49556994],[67.26598263,24.50055802],[67.27132785,24.48895633],[67.2536633,24.4838618],[67.29421794,24.46196115],[67.28252316,24.43725038],[67.30655873,24.47071922]],[[67.32028043,24.45084453],[67.31391084,24.46096611],[67.30939305,24.45766735],[67.32028043,24.45084453]],[[67.36448622,24.45611048],[67.29808795,24.43757927],[67.39024544,24.43869841],[67.38717675,24.44885516],[67.37017655,24.45358956],[67.36895025,24.46062601],[67.36448622,24.45611048]],[[67.36400807,24.45716393],[67.36033177,24.46167314],[67.35817134,24.45826352],[67.36400807,24.45716393]],[[67.37389433,24.45799625],[67.38702404,24.45035803],[67.39380836,24.43302333],[67.41295624,24.44443822],[67.37389433,24.45799625]],[[67.46461487,24.42314518],[67.40624166,24.42278922],[67.36760867,24.40308952],[67.38569725,24.40255845],[67.4114114,24.38850272],[67.41034996,24.39969313],[67.43748081,24.41841304],[67.41322863,24.38825047],[67.42242003,24.39165962],[67.42759657,24.39092255],[67.43794751,24.37787485],[67.4496839,24.39165127],[67.43756235,24.36450446],[67.45410991,24.37665844],[67.47009671,24.37769091],[67.46461487,24.42314518]],[[67.43145824,24.37913942],[67.38965094,24.39366472],[67.37063813,24.38438845],[67.38999605,24.37956286],[67.39101303,24.37539935],[67.39509475,24.37629986],[67.40685165,24.37024271],[67.40725195,24.36735797],[67.36883676,24.38361716],[67.36147058,24.36963356],[67.37225676,24.35214663],[67.38568938,24.35960793],[67.36975884,24.34687757],[67.40714025,24.32435334],[67.42166877,24.32729077],[67.41679144,24.33963776],[67.43400395,24.35196745],[67.43145824,24.37913942]],[[67.36304653,24.33668065],[67.31515324,24.33006203],[67.32261252,24.31842577],[67.29656005,24.30229402],[67.30963445,24.30883992],[67.29962754,24.28194761],[67.31769323,24.25101244],[67.33609211,24.25164485],[67.37005246,24.28988647],[67.37509668,24.27368796],[67.39630783,24.29673302],[67.40745378,24.28686786],[67.41508055,24.30015945],[67.43828726,24.29476607],[67.36304653,24.33668065]],[[67.41519058,24.31595874],[67.4701246,24.30024385],[67.45057487,24.33546364],[67.4389503,24.31523836],[67.41519058,24.31595874]],[[67.41313505,24.29645503],[67.40992355,24.28441465],[67.39826357,24.28146756],[67.40120316,24.2723937],[67.42794514,24.26423442],[67.42989278,24.25169313],[67.43173575,24.28500903],[67.41313505,24.29645503]],[[67.42921817,24.24498415],[67.45568764,24.25258458],[67.46468675,24.24264598],[67.47657645,24.24920273],[67.48979735,24.24169517],[67.48223472,24.26771486],[67.47112513,24.2642976],[67.45395112,24.27755535],[67.43528914,24.27497137],[67.42921817,24.24498415]],[[67.4265666,24.2578125],[67.41046345,24.26069677],[67.40992844,24.26866293],[67.40313125,24.26900542],[67.39464974,24.28287494],[67.37788451,24.27069426],[67.36513341,24.2785536],[67.34823763,24.2578125],[67.41793942,24.23876822],[67.42246234,24.21689165],[67.4265666,24.2578125]],[[67.40797663,24.2843914],[67.39583588,24.29470754],[67.39050365,24.28885198],[67.39737034,24.28293133],[67.40797663,24.2843914]],[[67.29529965,24.32315612],[67.29292417,24.32764745],[67.2928555,24.3249284],[67.29529965,24.32315612]],[[67.36295354,24.35225451],[67.35979736,24.38661456],[67.35330451,24.38230312],[67.34191871,24.38581944],[67.33647323,24.38037515],[67.32421875,24.38551605],[67.3088932,24.37963402],[67.3094635,24.36117816],[67.36295354,24.35225451]],[[67.30680954,24.38260758],[67.32807386,24.38668883],[67.33767355,24.38203847],[67.34086335,24.39767575],[67.35539472,24.40364933],[67.30813706,24.41541195],[67.31450415,24.40621305],[67.30680954,24.38260758]],[[67.30401444,24.40333641],[67.30949867,24.40842593],[67.30313635,24.40479422],[67.30401444,24.40333641]],[[67.30694056,24.42391396],[67.35445642,24.40772843],[67.3879441,24.42103255],[67.33601391,24.43713856],[67.30694056,24.42391396]],[[67.38934696,24.42401075],[67.39202166,24.42444444],[67.39198363,24.42503262],[67.38934696,24.42401075]],[[67.38109624,24.41421115],[67.3842566,24.41557515],[67.38446534,24.41619325],[67.38109624,24.41421115]],[[67.37682354,24.4093765],[67.38010526,24.41203225],[67.37541664,24.40939212],[67.37682354,24.4093765]],[[67.35712087,24.40366435],[67.34198773,24.38760757],[67.38702714,24.40033233],[67.35712087,24.40366435]],[[67.26104033,24.46532714],[67.27017045,24.46680796],[67.26582944,24.46908736],[67.26104033,24.46532714]],[[67.26580965,24.47359025],[67.26746607,24.47048855],[67.26672161,24.47358143],[67.26580965,24.47359025]],[[67.25967526,24.47942615],[67.25247383,24.48386848],[67.25972486,24.47320986],[67.25967526,24.47942615]],[[67.26338637,24.50862205],[67.28114605,24.49860597],[67.28095055,24.49569178],[67.28406131,24.49513948],[67.28717124,24.48761642],[67.31310105,24.48107457],[67.31817543,24.49523854],[67.30199695,24.50683594],[67.30117667,24.51596391],[67.29186475,24.51696885],[67.28817785,24.52582431],[67.28320062,24.51043284],[67.26338637,24.50862205]],[[67.24407303,24.51067734],[67.24241138,24.50756836],[67.24515724,24.51019525],[67.24407303,24.51067734]],[[67.27101231,24.51064801],[67.26726735,24.51816416],[67.26402605,24.51301253],[67.27101231,24.51064801]],[[67.24879456,24.52347982],[67.26250625,24.52945995],[67.24601817,24.53923094],[67.24879456,24.52347982]],[[67.34826672,24.22828364],[67.35079503,24.20532715],[67.33431876,24.21274746],[67.34094024,24.19417465],[67.38275826,24.17327285],[67.38990402,24.18146312],[67.37925935,24.18429351],[67.36460423,24.19656813],[67.36572015,24.20493567],[67.37360001,24.21839571],[67.34826672,24.22828364]],[[67.41207385,24.18276584],[67.38272011,24.17234516],[67.36832023,24.17738795],[67.36833096,24.16970181],[67.3624686,24.17615438],[67.35557413,24.15561783],[67.3881216,24.13172984],[67.40352464,24.14791954],[67.39769244,24.12809634],[67.42719924,24.13176346],[67.41537344,24.15253007],[67.41207385,24.18276584]],[[67.43725586,24.14052737],[67.44360721,24.15326381],[67.4312402,24.14810932],[67.41715336,24.15716946],[67.43725586,24.14052737]],[[67.44064331,24.14299595],[67.4424026,24.14740634],[67.44011283,24.14332151],[67.44064331,24.14299595]],[[67.43454075,24.13547635],[67.43752432,24.13713765],[67.43464458,24.13670325],[67.43454075,24.13547635]],[[67.43902397,24.13654757],[67.42926025,24.11773574],[67.44545996,24.12083125],[67.43902397,24.13654757]],[[67.42109275,24.12748075],[67.37019753,24.12797105],[67.38296497,24.08063614],[67.42926335,24.09494746],[67.42109275,24.12748075]],[[67.35041904,24.15229845],[67.35134804,24.16009307],[67.34790397,24.16270185],[67.35041904,24.15229845]],[[67.34238315,24.18579447],[67.35458493,24.16689753],[67.36361134,24.18105996],[67.34238315,24.18579447]],[[67.31870306,24.20657742],[67.32319737,24.22921765],[67.31693077,24.22730327],[67.31870306,24.20657742]],[[67.32055986,24.23138416],[67.31685567,24.23335898],[67.31851673,24.22947776],[67.32055986,24.23138416]],[[67.46514344,24.06387484],[67.40615428,24.03686285],[67.39821434,24.05008006],[67.40851474,24.02003121],[67.41818452,24.02601445],[67.40915072,24.00679135],[67.46825755,24.01656926],[67.46514344,24.06387484]],[[67.46737885,24.05427015],[67.47309828,24.05270422],[67.46733534,24.0578047],[67.46737885,24.05427015]],[[67.47693527,24.02419996],[67.47501647,24.00703704],[67.44784665,23.99260604],[67.46072102,23.97159398],[67.49845171,23.97418916],[67.49520433,24.00324345],[67.5134114,23.97354877],[67.50929081,23.98954904],[67.52204514,23.9750638],[67.52545655,23.97960222],[67.53291523,23.98176765],[67.53876972,23.99160016],[67.54522371,23.99288487],[67.52076197,23.97006965],[67.49634016,23.96727133],[67.48696613,23.92435431],[67.50682294,23.91860461],[67.54672635,23.95712066],[67.57784295,23.94005835],[67.58523631,23.95551574],[67.60034096,23.96626151],[67.59895527,23.9849838],[67.60790837,24.02159238],[67.60228932,23.96703768],[67.58304942,23.94128227],[67.59146881,23.93511856],[67.58192563,23.89703703],[67.60783362,23.88243771],[67.60865355,23.92061484],[67.61807251,23.92315853],[67.6134572,23.92937303],[67.67341804,23.96027911],[67.64880872,23.98302126],[67.65892506,23.9974668],[67.66370666,23.99944854],[67.67830765,23.99421287],[67.68140757,24.00248158],[67.72116911,24.02328098],[67.73628104,24.02370644],[67.73384356,24.0391469],[67.73892117,24.05796266],[67.72072327,24.03972793],[67.70798397,24.03899014],[67.6754806,24.08697546],[67.64590454,24.05874252],[67.54633844,24.07363105],[67.47693527,24.02419996]],[[67.7365905,24.03878033],[67.76171744,24.01972532],[67.76579165,24.01671386],[67.76118684,23.98049045],[67.75180066,23.97517347],[67.73301542,23.97986615],[67.72651446,23.9733603],[67.71804798,23.97126114],[67.73367536,23.95413804],[67.71575975,23.96259427],[67.69682574,23.93141127],[67.70620966,23.92302537],[67.71047795,23.93437815],[67.71433795,23.93574905],[67.71840334,23.93373334],[67.71300387,23.900527],[67.74981415,23.8724066],[67.74170935,23.85461581],[67.76891065,23.85207725],[67.75090551,23.84918666],[67.77556205,23.81472075],[67.82001042,23.81815743],[67.83446825,23.83860695],[67.82605076,23.85218477],[67.82409656,23.91838717],[67.83111072,23.89821506],[67.90174115,23.97493994],[67.86625934,23.99262381],[67.8515625,23.98493302],[67.83195865,23.98992252],[67.82584393,23.97497106],[67.79750133,23.97300541],[67.82932675,23.99086428],[67.86388981,23.9953829],[67.86258113,24.01108933],[67.87953985,24.02167857],[67.86751068,24.05907214],[67.87119114,24.07563615],[67.84634697,24.08754754],[67.8389765,24.07434106],[67.79220367,24.05894637],[67.75338376,24.08028686],[67.7365905,24.03878033]],[[67.88005126,24.07315481],[67.88352597,24.01865005],[67.86710584,23.99978542],[67.91262674,23.98536241],[67.95141876,23.99459183],[67.92653191,24.05135953],[67.88005126,24.07315481]],[[67.94889855,23.98340726],[67.91813946,23.97943902],[67.87571394,23.92735815],[67.92507041,23.91175056],[67.8767637,23.9221245],[67.86592805,23.89376974],[67.92684662,23.83383906],[67.92525685,23.85492027],[67.98414135,23.87550294],[67.9657582,23.85972178],[67.99606955,23.84134221],[67.95812893,23.85965395],[67.93036604,23.85307813],[67.96430087,23.81451201],[67.9384222,23.78759468],[67.98100126,23.77210581],[67.99988711,23.79450333],[68.00484216,23.77372563],[68.02605808,23.77294397],[68.0469532,23.82722521],[68.03784776,23.90385473],[68.01519322,23.92260242],[68.00240612,23.93964446],[68.02537274,23.9996922],[67.99174786,24.01668823],[67.96390152,24.00811398],[67.94889855,23.98340726]],[[68.01918185,23.93209004],[68.04624224,23.91053855],[68.06303334,23.92081523],[68.05488324,23.94500911],[68.08621037,23.99352682],[68.07513511,24.00938964],[68.04562235,24.02005506],[68.04743648,24.01645553],[68.04725301,24.01372993],[68.02432418,23.97133887],[68.01918185,23.93209004]],[[68.04653478,24.01659274],[68.04005694,24.01240373],[68.04506612,24.01212752],[68.04653478,24.01659274]],[[68.06994522,23.91959691],[68.09414494,23.94105268],[68.08890355,23.98779476],[68.05885065,23.94533455],[68.06994522,23.91959691]],[[68.09821355,23.92352665],[68.05283594,23.88992727],[68.07344186,23.84877825],[68.12315404,23.84974754],[68.11168385,23.85816336],[68.12222111,23.94684696],[68.10794985,23.95957422],[68.10684335,23.96743524],[68.09821355,23.92352665]],[[68.18646514,23.83758295],[68.09461618,23.81212986],[68.12620234,23.79475641],[68.08512604,23.80456674],[68.07893765,23.75986195],[68.08415341,23.75626981],[68.09108055,23.77303064],[68.09588325,23.77420926],[68.08478475,23.75063574],[68.05602086,23.73289478],[68.06494653,23.70831525],[68.07055092,23.72109115],[68.10818934,23.71711481],[68.10245085,23.72028255],[68.10695386,23.73248076],[68.13292491,23.7075448],[68.15817416,23.70761144],[68.1595633,23.72764075],[68.14833176,23.72956085],[68.14219165,23.73361838],[68.16470623,23.73046875],[68.19455516,23.79496443],[68.18646514,23.83758295]],[[68.08745575,23.70289731],[68.09124208,23.70797825],[68.08446693,23.70606124],[68.08745575,23.70289731]],[[68.07640803,23.70768166],[68.07262504,23.70507336],[68.07592428,23.70556676],[68.07640803,23.70768166]],[[68.09315896,23.70896172],[68.10085118,23.71074164],[68.10378945,23.71106422],[68.10063934,23.71179974],[68.09315896,23.70896172]],[[68.10591376,23.71098018],[68.10892391,23.71186447],[68.10562301,23.71291792],[68.10591376,23.71098018]],[[67.99429393,23.76394105],[67.99216628,23.75698602],[68.00019515,23.75761724],[67.99429393,23.76394105]],[[67.94161546,23.77050507],[67.93954337,23.77152467],[67.9406147,23.77003956],[67.94161546,23.77050507]],[[67.94009841,23.77520132],[67.93735623,23.77794552],[67.93988252,23.77327955],[67.94009841,23.77520132]],[[67.67537117,23.80844331],[67.69042885,23.84224916],[67.68641221,23.81457376],[67.72788811,23.81380248],[67.69300306,23.88800645],[67.66996014,23.87989545],[67.66022635,23.87949884],[67.65554595,23.86357045],[67.64078701,23.85477436],[67.66213262,23.83878088],[67.67241848,23.85170507],[67.66945875,23.84051645],[67.66200185,23.83769095],[67.65150595,23.84141254],[67.64923644,23.82997584],[67.67537117,23.80844331]],[[67.64387524,23.83694315],[67.64758837,23.83361495],[67.64768088,23.84094131],[67.64387524,23.83694315]],[[67.6307255,23.85194504],[67.62284982,23.86229706],[67.63937354,23.93249083],[67.62593472,23.93105042],[67.61901855,23.91810823],[67.61294413,23.91838467],[67.60893226,23.89639938],[67.62156546,23.87209606],[67.61255252,23.85867965],[67.6307255,23.85194504]],[[67.61603975,23.91908717],[67.61773074,23.92050421],[67.61415577,23.92072392],[67.61603975,23.91908717]],[[67.64283204,23.90791845],[67.65314341,23.86414325],[67.65411317,23.87704384],[67.66149998,23.88094687],[67.67697704,23.88312101],[67.68448925,23.88822544],[67.6933645,23.88902533],[67.70258164,23.87596822],[67.72370446,23.87968385],[67.70984983,23.89154351],[67.71009088,23.91592741],[67.67215574,23.93629575],[67.64283204,23.90791845]],[[67.69201255,23.9369266],[67.71090865,23.9797194],[67.73222792,23.98730004],[67.72028553,23.9962393],[67.71683431,24.0148375],[67.67809677,23.99208498],[67.65626645,23.99226093],[67.67721212,23.95929718],[67.64955151,23.93824863],[67.69201255,23.9369266]],[[67.71698952,23.98008335],[67.73314798,23.98095381],[67.75989616,23.98001945],[67.76313794,24.01758325],[67.72105741,24.02027535],[67.73460007,23.98792446],[67.71698952,23.98008335]],[[67.63649905,23.8755964],[67.63358402,23.87579155],[67.63493645,23.87260544],[67.63649905,23.8755964]],[[67.74073315,23.86858904],[67.70826662,23.87036037],[67.71898246,23.85056305],[67.74774015,23.84514511],[67.73939896,23.85420525],[67.74073315,23.86858904]],[[67.76094008,23.82571471],[67.76057208,23.82775044],[67.75995052,23.82818675],[67.76094008,23.82571471]],[[67.76644576,23.82398963],[67.76428235,23.8246814],[67.76710415,23.82118881],[67.76644576,23.82398963]],[[67.83038366,23.89291942],[67.82739234,23.88696074],[67.83098483,23.88306582],[67.83038366,23.89291942]],[[67.57179761,23.89168525],[67.59030044,23.93485403],[67.54834366,23.95225573],[67.53062606,23.90718734],[67.55788195,23.91734672],[67.57179761,23.89168525]],[[67.55683243,23.90184605],[67.55981934,23.89797175],[67.56023848,23.89830864],[67.55683243,23.90184605]],[[67.55561805,23.90209413],[67.55672646,23.90329945],[67.55319262,23.90371501],[67.55561805,23.90209413]],[[67.5547955,23.90376925],[67.55370355,23.90774775],[67.55248845,23.90705454],[67.5547955,23.90376925]],[[67.55136991,23.90438545],[67.55214643,23.90885341],[67.55086052,23.90923691],[67.55136991,23.90438545]],[[67.43831825,23.97079217],[67.43703437,23.96941948],[67.43853164,23.96889114],[67.43831825,23.97079217]],[[67.41026914,24.00386417],[67.40851724,24.00429678],[67.41171944,23.99954891],[67.41026914,24.00386417]],[[67.47573781,24.03685892],[67.47198796,24.02888513],[67.48036838,24.03470671],[67.47573781,24.03685892]],[[67.95075917,24.43479657],[67.95121086,24.43633044],[67.94773316,24.43595445],[67.95075917,24.43479657]],[[67.70713794,24.18513048],[67.70685255,24.18377435],[67.70722234,24.18378794],[67.70713794,24.18513048]],[[67.63029337,24.17459381],[67.63105226,24.17374313],[67.63258255,24.17366564],[67.63029337,24.17459381]],[[67.47035337,24.29371142],[67.4725424,24.29685485],[67.46784735,24.29810965],[67.47035337,24.29371142]],[[67.42618966,24.56991565],[67.4368273,24.57770658],[67.42780662,24.58849895],[67.42618966,24.56991565]],[[66.97597277,24.80740798],[66.97830796,24.80338228],[66.97724855,24.80776942],[66.97597277,24.80740798]],[[66.97190738,24.80714703],[66.97197735,24.80552888],[66.97226524,24.80564833],[66.97190738,24.80714703]],[[66.96999633,24.81029975],[66.97160542,24.80931091],[66.97010624,24.81426466],[66.96999633,24.81029975]],[[66.96908033,24.81932783],[66.96872246,24.81723046],[66.96892905,24.81691432],[66.96908033,24.81932783]],[[66.95336747,24.83578074],[66.95134866,24.83389485],[66.95344734,24.83272362],[66.95336747,24.83578074]],[[66.949422,24.83521903],[66.95061445,24.83373213],[66.94982481,24.83704841],[66.949422,24.83521903]],[[66.94490385,24.83836651],[66.94644463,24.83784056],[66.94731414,24.83869004],[66.94490385,24.83836651]],[[66.95486021,24.83328664],[66.95798636,24.83410311],[66.95621014,24.83562577],[66.95486021,24.83328664]],[[66.94050682,24.84312046],[66.94334686,24.83972836],[66.94527662,24.84120703],[66.94050682,24.84312046]],[[66.92235363,24.84154701],[66.92267811,24.85326576],[66.91695595,24.84102595],[66.92235363,24.84154701]]],[[[68.55675566,23.97022498],[68.54415524,23.97003674],[68.54725921,23.98678422],[68.54735315,23.97499287],[68.55361664,23.97356343],[68.55675566,23.97022498]],[[68.55203223,23.97026265],[68.55068815,23.97372735],[68.54843748,23.97254455],[68.55203223,23.97026265]]],[[[68.74990845,24.06209755],[68.71102548,24.03462756],[68.68661714,24.04980135],[68.65676522,24.01737142],[68.63692367,24.05855584],[68.62756932,24.00316453],[68.59158932,23.97057913],[68.62320888,24.01151454],[68.62226415,24.062711],[68.64613044,24.05931544],[68.66017556,24.02573335],[68.68321645,24.05447841],[68.71153736,24.03940213],[68.74651766,24.06733704],[68.75501704,24.06400144],[68.75805473,24.05036497],[68.74990845,24.06209755]]]]}},{"type":"Feature","properties":{"mrgid":8354,"name":"Omani Exclusive Economic Zone","territory":"Oman","sovereign":"Oman","pol_type":"200NM","is_india":false},"geometry":{"type":"Polygon","coordinates":[[[60.00664407,24.08362696],[60.26508608,23.92252612],[60.78576251,23.70069152],[61.27395486,23.4388844],[62.42138889,22.67694444],[63.13972222,22.08361111],[63.36953733,21.79092399],[63.27577596,21.37067301],[63.12264875,20.95726557],[62.9686733,20.65647724],[62.4383487,19.77777153],[62.36521607,19.52491121],[62.27430368,19.28444939],[62.16295882,19.04791478],[62.0341116,18.82183969],[61.82598118,18.52415759],[61.52137807,18.16416986],[61.09678072,17.74032471],[60.87555767,17.31730706],[60.59958967,16.93287899],[60.32023421,16.63368757],[60.0,16.363236867438243],[60.00664407,24.08362696]]]}},{"type":"Feature","properties":{"mrgid":8346,"name":"Sri Lankan Exclusive Economic Zone","territory":"Sri Lanka","sovereign":"Sri Lanka","pol_type":"200NM","is_india":false},"geometry":{"type":"Polygon","coordinates":[[[77.31769194,4.27270977],[77.02333333,4.79],[77.845,5.89833333],[78.20333333,6.51333333],[78.64666667,7.35],[78.76166667,7.58833333],[78.92333333,8.37],[79.07833333,8.52],[79.30333333,8.66666667],[79.48833333,8.89666667],[79.52166667,9.0],[79.53333333,9.21666667],[79.51166667,9.36333333],[79.37666667,9.66916667],[79.58333333,9.95],[80.08333333,10.09666667],[80.76666667,10.55],[81.04166667,10.695],[81.93333333,11.045],[82.40666667,11.26666667],[83.40247228,11.44882481],[83.57864946,11.22165941],[83.78901936,10.88336645],[84.0276947,10.56471372],[84.26119275,10.19665111],[84.3956716,9.94404576],[84.56630334,9.51147354],[84.79594758,9.10400196],[84.94800562,8.74412626],[85.12574517,8.13955518],[85.20595264,7.67125078],[85.23267333,7.07272612],[85.21753061,6.71186816],[85.16571221,6.36440711],[85.02607911,5.7723505],[84.84152005,5.28431451],[84.66824713,4.93661474],[84.3977844,4.51505919],[84.11965284,4.18076686],[83.7534089,3.83581427],[83.34290795,3.52309147],[82.9753371,3.28503784],[82.62184345,3.11041817],[81.85237323,2.80540492],[81.34955294,2.6539721],[81.08926821,2.60393748],[80.83835861,2.57565342],[80.32833379,2.57690516],[79.75337905,2.66404738],[79.20777369,2.81879522],[78.79360895,2.98572169],[78.40548784,3.20632821],[78.00863916,3.50478261],[77.80124189,3.6910171],[77.62351502,3.87666808],[77.31769194,4.27270977]],[[80.59466255,5.92181885],[80.65019381,5.95531535],[80.71758318,5.96022367],[80.80574822,6.03818774],[80.86139226,6.04282832],[80.88883376,6.06715846],[81.01517141,6.10828078],[81.13095546,6.12107801],[81.18397486,6.15850151],[81.17280257,6.17882371],[81.18597543,6.19338727],[81.20551741,6.17429066],[81.18924391,6.16002095],[81.32460105,6.19925833],[81.44022012,6.29704535],[81.48151231,6.31025505],[81.50984085,6.35493851],[81.56665754,6.37231481],[81.61918283,6.41727197],[81.59674597,6.42743456],[81.59521353,6.43395305],[81.61436427,6.42489612],[81.63345468,6.45535648],[81.62789965,6.43731773],[81.69327331,6.48729062],[81.76270807,6.60003042],[81.77246547,6.67063534],[81.82674861,6.76493526],[81.82205594,6.81452751],[81.83992136,6.83525705],[81.83277512,6.85503113],[81.87878954,7.0227797],[81.85799205,7.10207176],[81.86223483,7.18376565],[81.84287107,7.11937428],[81.82302523,7.15586543],[81.82480931,7.17372894],[81.86175454,7.18714583],[81.86519313,7.32891083],[81.82230985,7.43961978],[81.78339052,7.60833812],[81.70660603,7.74234915],[81.69179368,7.75602138],[81.71107507,7.72965992],[81.72100401,7.65687287],[81.74738085,7.64083755],[81.78049397,7.58327115],[81.78215265,7.51940584],[81.76897097,7.49804008],[81.79433906,7.47467804],[81.79984796,7.49634552],[81.80629694,7.49871802],[81.80952001,7.48981512],[81.81063247,7.45298552],[81.79632735,7.45853376],[81.79056561,7.43716431],[81.79738331,7.42089653],[81.78225875,7.43415093],[81.77691054,7.47775257],[81.772017,7.4547199],[81.75019181,7.45861304],[81.76863384,7.48300505],[81.74684167,7.50814402],[81.76631486,7.50147188],[81.78105223,7.52010107],[81.73913443,7.53866744],[81.77033353,7.54468274],[81.74463403,7.56256962],[81.77072072,7.57901311],[81.74916494,7.59048438],[81.74277902,7.62019384],[81.72842753,7.62380266],[81.72030926,7.64832914],[81.69825387,7.63054287],[81.70109296,7.61000776],[81.68561125,7.67842901],[81.66724575,7.67818546],[81.64666235,7.70784545],[81.65778697,7.72095227],[81.61663592,7.73393941],[81.60909295,7.71213377],[81.57890272,7.72514606],[81.60238504,7.77151167],[81.66692436,7.73337472],[81.67241514,7.69227266],[81.68788886,7.70191574],[81.67748904,7.72875011],[81.69997835,7.71380961],[81.70655,7.72563267],[81.64084911,7.78722227],[81.62055826,7.82810485],[81.60063767,7.8245393],[81.58109176,7.84416795],[81.56371331,7.90098822],[81.58331168,7.92024624],[81.55722916,7.94283283],[81.54124355,7.92737472],[81.51577055,7.92182171],[81.51955867,7.90737057],[81.51293111,7.90229964],[81.51855743,7.89626586],[81.52552092,7.86445212],[81.55076623,7.83189511],[81.54732811,7.80957353],[81.52935004,7.81971407],[81.51487684,7.80533278],[81.50981498,7.80336487],[81.50472152,7.80724514],[81.51310766,7.83070731],[81.54737151,7.82770395],[81.51753902,7.85853398],[81.51077151,7.90074205],[81.51823318,7.90936565],[81.51323211,7.92003918],[81.52101552,7.93217635],[81.54965341,7.94125593],[81.53918815,7.96434915],[81.55344903,7.98877704],[81.52784216,7.98448896],[81.48992181,8.01399767],[81.43991756,8.13616157],[81.44684207,8.11268306],[81.43749547,8.08768666],[81.40883112,8.10662091],[81.38196754,8.15277052],[81.38332605,8.18980145],[81.39787626,8.19410312],[81.41029954,8.13425863],[81.43996191,8.1007061],[81.43374145,8.17753994],[81.38795197,8.35705638],[81.37629032,8.35105598],[81.37208712,8.36417258],[81.37000036,8.37945485],[81.37881756,8.36058986],[81.39346826,8.3587023],[81.35394907,8.49569845],[81.31708324,8.52473855],[81.28078175,8.50688803],[81.27812076,8.46485007],[81.20414543,8.46902025],[81.20360804,8.46040273],[81.19993043,8.45673585],[81.18386066,8.45062327],[81.18868792,8.4476341],[81.18339956,8.42913794],[81.18280506,8.45082664],[81.20206404,8.46113002],[81.19077885,8.50569224],[81.1702404,8.5138154],[81.13734484,8.48861361],[81.12409806,8.49844694],[81.1538378,8.54495144],[81.17749405,8.52613294],[81.18647218,8.53402925],[81.19305575,8.50765347],[81.21295094,8.50944245],[81.21317422,8.53155911],[81.19283187,8.54492211],[81.20529735,8.55198431],[81.19258475,8.55453753],[81.19947398,8.57788265],[81.20314801,8.56810832],[81.22056031,8.58351314],[81.20874214,8.56492317],[81.22830987,8.572721],[81.23430574,8.56167865],[81.22734511,8.53524101],[81.24731874,8.54594922],[81.24580514,8.58259535],[81.23300385,8.58015144],[81.21991181,8.60802412],[81.22539353,8.65359366],[81.17558265,8.72994184],[81.16188705,8.71466875],[81.17466402,8.73351836],[81.11579597,8.79093266],[81.08032525,8.86828184],[81.07156265,8.85027194],[81.01745725,8.9176625],[81.01698208,8.90418243],[81.00496042,8.90476167],[81.0111953,8.93198538],[80.96720803,8.98467267],[80.95538402,8.96888936],[80.96131384,8.96484375],[80.96440887,8.95047736],[80.93994784,8.94214213],[80.94415593,8.92855275],[80.91257334,8.93903434],[80.90560615,8.96780515],[80.9264518,8.96378231],[80.91559315,8.97870672],[80.92818296,8.99305046],[80.91503882,8.99036527],[80.92006564,9.01155925],[80.90730786,8.99864197],[80.87663305,9.02459443],[80.89237154,9.04930568],[80.95046794,8.98826993],[80.96384013,8.99147546],[80.88469195,9.12555504],[80.87694907,9.10192585],[80.86294198,9.10859394],[80.87196147,9.11807513],[80.85765338,9.14354885],[80.87668824,9.12688303],[80.88303041,9.12891364],[80.81461275,9.28895962],[80.79414284,9.28546154],[80.80897152,9.24030375],[80.74198175,9.28211701],[80.73358142,9.29924476],[80.74727654,9.29806006],[80.75319397,9.32399344],[80.77788472,9.28999984],[80.8101958,9.29324591],[80.67175937,9.41684186],[80.70767391,9.37603772],[80.68345845,9.38544607],[80.66308832,9.40722644],[80.66770244,9.42187023],[80.6238476,9.45769191],[80.59135783,9.45944917],[80.57311654,9.44339573],[80.54743242,9.45384407],[80.55181265,9.47562242],[80.49890745,9.47757256],[80.46767235,9.50220132],[80.43509781,9.50348413],[80.43797457,9.51558816],[80.40733302,9.49867034],[80.41077626,9.51031387],[80.39084911,9.51504421],[80.39264297,9.48033404],[80.28739393,9.44989026],[80.25046766,9.46909845],[80.27764332,9.47341263],[80.25464106,9.48938704],[80.28239393,9.4921875],[80.26641262,9.51224828],[80.22078812,9.53916025],[80.21948695,9.5276221],[80.19552767,9.54649425],[80.17844343,9.53993702],[80.06113458,9.61088812],[80.05229986,9.59875226],[80.14750075,9.53518355],[80.18642986,9.48543596],[80.16587102,9.44875455],[80.05389535,9.39018536],[80.06368864,9.33069313],[80.0904808,9.32651126],[80.12184107,9.30028153],[80.11003923,9.2763499],[80.12096214,9.22465742],[80.04035318,9.01637065],[79.99112046,8.99507284],[79.94573534,8.94701612],[79.91664743,8.96152782],[79.90478742,8.94855285],[79.89576411,8.96842027],[79.90266633,8.97723043],[79.92725885,8.97603726],[79.92716992,8.98205554],[79.87269354,9.03334594],[79.92775345,9.01044893],[79.86379945,9.07157946],[79.74420905,9.10711324],[79.69070756,9.09035063],[79.81634593,9.03260803],[79.89375627,8.96278262],[79.9022752,8.94154274],[79.91339886,8.94124818],[79.91005123,8.93119395],[79.89339697,8.95017982],[79.93505538,8.87394154],[79.91571021,8.81516075],[79.92919981,8.80185986],[79.91793823,8.80160618],[79.95981991,8.72553074],[79.91844785,8.55231154],[79.86922896,8.53050625],[79.83217943,8.32351863],[79.84517074,8.28617632],[79.83376491,8.29552972],[79.81013966,8.23758495],[79.78954411,8.23282731],[79.82041621,8.20328581],[79.81912148,8.16266215],[79.83543301,8.13788652],[79.81173766,8.09445548],[79.78947556,8.0859375],[79.83517075,8.01418853],[79.83226454,7.98481595],[79.82266021,7.98230696],[79.82548273,7.96963072],[79.82222486,7.93549776],[79.82578826,7.92305982],[79.82053423,7.91376495],[79.82169247,7.96142972],[79.80837941,7.95041442],[79.82295132,7.97985065],[79.75412261,7.989326],[79.73630726,8.01599395],[79.75536156,8.06337416],[79.73151302,8.08464432],[79.72830927,8.13775504],[79.74936128,8.18387473],[79.73810744,8.20174491],[79.75663877,8.22422755],[79.76940405,8.21752644],[79.77741277,8.25995648],[79.69308245,8.20975316],[79.70640373,8.05680954],[79.79818368,7.69810545],[79.78886545,7.54142714],[79.84994137,7.27205765],[79.82870042,7.20765221],[79.83260441,7.20090127],[79.83312094,7.18838382],[79.8524425,7.19511294],[79.86999595,7.15259016],[79.87070811,7.11525607],[79.86249685,7.12555933],[79.85201836,7.10681331],[79.81920552,7.20727575],[79.86931872,6.98001492],[79.88096356,6.98155487],[79.8858304,6.97462726],[79.86949897,6.97848666],[79.83983707,6.93590164],[79.90139234,6.71643174],[79.90331233,6.72280908],[79.88630748,6.77092588],[79.88736093,6.77928436],[79.90523624,6.77469337],[79.90647066,6.79289591],[79.90948403,6.76825094],[79.93027782,6.75926554],[79.91689622,6.74819815],[79.88732445,6.77412891],[79.95928347,6.57287586],[79.95624435,6.58830547],[79.95795763,6.59110355],[79.96937323,6.59698033],[79.95888126,6.57055187],[79.98104727,6.51121366],[79.97752941,6.45170486],[79.99269712,6.44019032],[79.99789584,6.42738843],[80.01188707,6.43904757],[80.02397644,6.43145287],[80.03007936,6.42049515],[80.03821075,6.41998923],[80.04967821,6.41485858],[80.06375277,6.40670395],[80.0675292,6.39975286],[80.07436836,6.39774001],[80.06756651,6.39878964],[80.03810477,6.41896343],[80.02734315,6.41969538],[80.01452756,6.43436253],[79.99642801,6.42581058],[79.99053025,6.44030726],[79.98652351,6.44105065],[80.03325522,6.34345782],[80.02093875,6.34751105],[80.03634345,6.25989986],[80.10041523,6.1307199],[80.21704376,6.02401495],[80.23883176,6.03262556],[80.24306858,6.00552773],[80.41790152,5.95534432],[80.43861163,5.9725883],[80.45503855,5.96325695],[80.45465422,5.94114256],[80.54157805,5.94610548],[80.59466255,5.92181885]],[[79.97003555,6.46358204],[79.96791518,6.46241534],[79.96976805,6.46191716],[79.97003555,6.46358204]],[[79.96063006,6.58968127],[79.95830166,6.58943236],[79.95856166,6.58834636],[79.96063006,6.58968127]],[[79.90265644,6.76676035],[79.90641224,6.76739275],[79.90278542,6.76771212],[79.90265644,6.76676035]],[[79.82890153,7.19391084],[79.83215368,7.1930896],[79.82960916,7.19645774],[79.82890153,7.19391084]],[[79.82869995,7.18752992],[79.82773161,7.19126666],[79.82798755,7.18727064],[79.82869995,7.18752992]],[[79.73918498,8.24877775],[79.75922883,8.25905764],[79.75415766,8.29040635],[79.76617897,8.30274534],[79.74836016,8.28752792],[79.73918498,8.24877775]],[[79.79331744,8.30077243],[79.80238962,8.30347455],[79.79507005,8.3058331],[79.79331744,8.30077243]],[[79.83320224,8.30464756],[79.83418334,8.30171454],[79.83578825,8.3015722],[79.83320224,8.30464756]],[[79.83575582,8.29994178],[79.83355534,8.29871154],[79.83929575,8.29647124],[79.83575582,8.29994178]],[[79.79032028,8.28340745],[79.79564834,8.28358936],[79.79007864,8.28603125],[79.79032028,8.28340745]],[[79.76032054,8.27780724],[79.76886046,8.2764039],[79.76879537,8.27780974],[79.76032054,8.27780724]],[[79.77149534,8.27731585],[79.77411902,8.27297366],[79.77190006,8.2782104],[79.77149534,8.27731585]],[[79.77928472,8.27357817],[79.77867174,8.26313734],[79.7828747,8.26358497],[79.77928472,8.27357817]],[[79.77739787,8.23425043],[79.78036916,8.23472953],[79.77889585,8.23830485],[79.77739787,8.23425043]],[[79.78312016,8.21958697],[79.78463936,8.2160573],[79.78537178,8.21755695],[79.78312016,8.21958697]],[[79.76481652,8.21280193],[79.76788092,8.21199584],[79.7716068,8.21461356],[79.76481652,8.21280193]],[[79.77545154,8.18820095],[79.77984595,8.18819666],[79.77521038,8.19287944],[79.77545154,8.18820095]],[[79.76973772,8.18281758],[79.76853788,8.18006802],[79.7705543,8.18251312],[79.76973772,8.18281758]],[[79.76502442,8.17811275],[79.76360047,8.17845976],[79.76338565,8.1780318],[79.76502442,8.17811275]],[[79.75729644,8.17853165],[79.75461614,8.17950904],[79.75663757,8.17734385],[79.75729644,8.17853165]],[[79.75185847,8.17592466],[79.74810123,8.17354095],[79.74934721,8.17234135],[79.75185847,8.17592466]],[[79.75495243,8.17408073],[79.75919294,8.17477465],[79.76149941,8.17704952],[79.75495243,8.17408073]],[[79.81226253,8.16465986],[79.80913913,8.16351521],[79.81044686,8.16231835],[79.81226253,8.16465986]],[[79.79365706,8.16779125],[79.79390526,8.16527724],[79.79513276,8.16437054],[79.79365706,8.16779125]],[[79.75241911,8.16999722],[79.75057471,8.16963673],[79.75078773,8.16912925],[79.75241911,8.16999722]],[[79.73751342,8.12582004],[79.73973072,8.12479186],[79.73996592,8.12608326],[79.73751342,8.12582004]],[[79.77840221,8.06966925],[79.78059912,8.07041526],[79.77905095,8.07202744],[79.77840221,8.06966925]],[[79.82898295,8.00007856],[79.82999504,8.001001],[79.8296653,8.00236523],[79.82898295,8.00007856]],[[79.81983864,7.98520374],[79.82155693,7.98479581],[79.81891334,7.98716521],[79.81983864,7.98520374]],[[79.76017487,8.3115344],[79.78761506,8.36787975],[79.77832735,8.37723207],[79.76017487,8.3115344]],[[79.80933094,8.31755364],[79.80114794,8.33883965],[79.8046875,8.32338154],[79.80933094,8.31755364]],[[79.80785215,8.40351403],[79.80285156,8.40771556],[79.8046875,8.40485477],[79.80785215,8.40351403]],[[79.79745305,8.4296633],[79.79594672,8.42750311],[79.79702616,8.42717922],[79.79745305,8.4296633]],[[79.79618192,8.45105827],[79.79125905,8.4510262],[79.79225612,8.44731545],[79.79618192,8.45105827]],[[79.79065013,8.45463002],[79.78993285,8.45326173],[79.79097664,8.45258236],[79.79065013,8.45463002]],[[79.79053903,8.46518636],[79.78020716,8.49238241],[79.78495383,8.51206243],[79.7776736,8.49402225],[79.79053903,8.46518636]],[[79.64225793,9.06915212],[79.64104855,9.07059145],[79.6395421,9.06933403],[79.64225793,9.06915212]],[[79.64545202,9.07302546],[79.64735234,9.07077944],[79.64633834,9.07296395],[79.64545202,9.07302546]],[[79.64871335,9.07268405],[79.65177011,9.07294965],[79.64973891,9.07430196],[79.64871335,9.07268405]],[[79.67578197,9.07474518],[79.67973626,9.07284105],[79.68183184,9.07517397],[79.67578197,9.07474518]],[[79.90905821,8.97318602],[79.90553606,8.97416961],[79.90632784,8.97184896],[79.90905821,8.97318602]],[[80.00218618,9.27396441],[80.00512946,9.28640211],[79.98396385,9.30842006],[79.97117221,9.28470016],[80.00218618,9.27396441]],[[80.09058797,9.31163263],[80.08319426,9.32153761],[80.07293224,9.32113504],[80.09058797,9.31163263]],[[80.05903637,9.32976961],[80.05934918,9.34134662],[80.0568459,9.34854114],[80.05269754,9.33393824],[80.05903637,9.32976961]],[[79.52950871,9.38920188],[79.52290785,9.38639331],[79.52920854,9.38408971],[79.52950871,9.38920188]],[[79.88823056,9.4410181],[79.88707745,9.43708992],[79.88970137,9.43866014],[79.88823056,9.4410181]],[[80.01748216,9.48125756],[80.0046792,9.48002851],[80.01262856,9.46619737],[80.01748216,9.48125756]],[[79.72989833,9.48470056],[79.72401714,9.5274713],[79.65589547,9.55414557],[79.65700626,9.50251675],[79.70413005,9.47595525],[79.72989833,9.48470056]],[[79.80152404,9.57997465],[79.86219621,9.57072747],[79.86325455,9.60722101],[79.89046192,9.62216747],[79.90668654,9.61611044],[79.91860247,9.63308215],[79.96973383,9.61215782],[79.98168337,9.62134433],[79.96442151,9.60780466],[79.98659146,9.59745395],[80.00646901,9.63190675],[79.94958878,9.64296484],[79.9249953,9.66058481],[79.93637764,9.66509962],[79.93650615,9.67904782],[79.90211582,9.67115104],[79.90943944,9.66451538],[79.90909445,9.65695894],[79.89660871,9.67450285],[79.8912729,9.69643724],[79.84098554,9.70386732],[79.86843157,9.63906205],[79.89249778,9.62392962],[79.86227381,9.60769153],[79.82254171,9.61206436],[79.81215978,9.62698531],[79.80152404,9.57997465]],[[79.79880345,9.57737625],[79.79739022,9.59224284],[79.79415345,9.60083532],[79.79880345,9.57737625]],[[79.77382255,9.58428442],[79.76989186,9.62223935],[79.76241458,9.59055364],[79.77382255,9.58428442]],[[79.85440576,9.63564742],[79.85638094,9.61941278],[79.86147833,9.61648238],[79.85440576,9.63564742]],[[79.85457695,9.61762583],[79.85253525,9.61646152],[79.85557127,9.61653686],[79.85457695,9.61762583]],[[79.83913004,9.62446654],[79.83692574,9.624089],[79.83904994,9.62311411],[79.83913004,9.62446654]],[[79.86065233,9.64068592],[79.85591602,9.64069951],[79.85795248,9.63900721],[79.86065233,9.64068592]],[[79.77676475,9.65171564],[79.786255,9.66609776],[79.78252053,9.68773496],[79.76260877,9.65741551],[79.77676475,9.65171564]],[[79.79085875,9.68235397],[79.79378188,9.68736315],[79.79182172,9.68923831],[79.79085875,9.68235397]],[[79.80726492,9.69647372],[79.81423795,9.69384944],[79.81345904,9.71582425],[79.80726492,9.69647372]],[[79.8597368,9.70933354],[79.88084435,9.70484185],[79.91410172,9.74309707],[79.895576,9.7418493],[79.89953852,9.76744652],[79.85965371,9.75786996],[79.8597368,9.70933354]],[[79.90706813,9.76737273],[79.90698707,9.75557721],[79.93175626,9.72477031],[79.94272256,9.69099975],[79.96649265,9.70478666],[79.97984803,9.68501234],[79.99846375,9.68673885],[80.00518692,9.66336501],[79.99116182,9.64455795],[79.99665415,9.63963532],[80.0054152,9.66229367],[80.0192492,9.6500231],[80.05208766,9.64837134],[80.0983963,9.61780953],[80.12652326,9.60776901],[80.13518095,9.60888565],[80.07972884,9.64239502],[80.09151435,9.64157653],[80.07686293,9.65121424],[80.07779527,9.65943956],[80.20061958,9.58012092],[80.18098044,9.59294498],[80.19308054,9.60134792],[80.17072725,9.6083709],[80.19802427,9.61110997],[80.19377852,9.62391126],[80.18184245,9.61859608],[80.17906511,9.62399006],[80.17118406,9.61974776],[80.15948272,9.62461412],[80.17235064,9.62326777],[80.17168713,9.64277852],[80.16244161,9.63976431],[80.15576422,9.64619112],[80.16963911,9.65655851],[80.23360503,9.62862706],[80.29888785,9.59006631],[80.32295072,9.56702316],[80.33149552,9.56885827],[80.38287103,9.51691663],[80.3790307,9.5316931],[80.40928757,9.52334094],[80.40192974,9.53671682],[80.44167292,9.51660645],[80.43236983,9.53169155],[80.45043373,9.53832138],[80.51165235,9.51806796],[80.59162855,9.47252655],[80.34925747,9.67743528],[80.24800897,9.82783365],[80.14023924,9.82527542],[80.12707746,9.78060591],[80.13147104,9.82055843],[80.10053301,9.80894434],[80.03041387,9.82352996],[79.90706813,9.76737273]],[[80.59422755,9.47884607],[80.59362316,9.46390581],[80.61956668,9.45874035],[80.59422755,9.47884607]],[[80.58605015,9.46659207],[80.59208834,9.46923184],[80.59064674,9.47022593],[80.58605015,9.46659207]],[[80.58829272,9.46879971],[80.58603084,9.46870255],[80.58631766,9.46762061],[80.58829272,9.46879971]],[[80.51195002,9.48433804],[80.50870395,9.48364997],[80.51282132,9.48325872],[80.51195002,9.48433804]],[[80.4930011,9.48930013],[80.49139917,9.49264681],[80.48911524,9.49267316],[80.4930011,9.48930013]],[[80.49745965,9.49641764],[80.51116657,9.49103057],[80.49913061,9.49829304],[80.49745965,9.49641764]],[[80.4938637,9.49659967],[80.49339116,9.50008512],[80.49121654,9.49604428],[80.4938637,9.49659967]],[[80.52469838,9.50443292],[80.54219437,9.49758554],[80.5239315,9.50694084],[80.52469838,9.50443292]],[[80.47656822,9.5033133],[80.47565043,9.50658345],[80.47080374,9.50616097],[80.47656822,9.5033133]],[[80.46291912,9.50604522],[80.4644525,9.50983727],[80.46149373,9.50766754],[80.46291912,9.50604522]],[[80.46984124,9.51012301],[80.47336006,9.51070714],[80.46933663,9.51089942],[80.46984124,9.51012301]],[[80.49029005,9.51987267],[80.52325773,9.50683927],[80.50597405,9.51750684],[80.49029005,9.51987267]],[[80.47489214,9.51356995],[80.47225082,9.51455545],[80.47544825,9.51243651],[80.47489214,9.51356995]],[[80.47570574,9.51452565],[80.47802174,9.51530397],[80.47590351,9.51656985],[80.47570574,9.51452565]],[[80.45853436,9.51782358],[80.45758545,9.52040195],[80.45627356,9.51927686],[80.45853436,9.51782358]],[[80.45588923,9.52051616],[80.44516075,9.52628243],[80.44288242,9.52220297],[80.44594502,9.51810491],[80.45588923,9.52051616]],[[80.44123065,9.52299511],[80.43826854,9.52302682],[80.44075263,9.52200055],[80.44123065,9.52299511]],[[80.43842018,9.52458155],[80.43890917,9.52684092],[80.43712592,9.52482665],[80.43842018,9.52458155]],[[80.44871426,9.53126597],[80.45203805,9.53161895],[80.45136642,9.53283334],[80.44871426,9.53126597]],[[80.41495514,9.52637827],[80.41107833,9.52605856],[80.41133356,9.52502596],[80.41495514,9.52637827]],[[80.41014016,9.52972114],[80.40675068,9.52971005],[80.40726554,9.5280689],[80.41014016,9.52972114]],[[80.22684872,9.53806722],[80.22469044,9.53788877],[80.22707105,9.53603876],[80.22684872,9.53806722]],[[80.29578233,9.58726871],[80.29513073,9.59104097],[80.29444861,9.59020042],[80.29578233,9.58726871]],[[80.19974875,9.596367],[80.19532371,9.59389806],[80.20056283,9.59371626],[80.19974875,9.596367]],[[80.19577146,9.59861362],[80.19393051,9.60175073],[80.19429576,9.59878874],[80.19577146,9.59861362]],[[80.19678772,9.62768805],[80.20463705,9.62309384],[80.2053833,9.62740457],[80.19678772,9.62768805]],[[80.16314566,9.64558303],[80.16034853,9.64447963],[80.16600454,9.64578593],[80.16314566,9.64558303]],[[80.16317928,9.65011156],[80.16427958,9.64805818],[80.16550231,9.64885414],[80.16317928,9.65011156]],[[80.10445595,9.59472644],[80.09717727,9.59489965],[80.10466814,9.59416854],[80.10445595,9.59472644]],[[80.08699656,9.59888911],[80.07024956,9.60886812],[80.06689465,9.60915065],[80.08699656,9.59888911]],[[80.07868373,9.61025906],[80.07728314,9.61221528],[80.07612622,9.61203182],[80.07868373,9.61025906]],[[80.01355135,9.64122355],[80.00667202,9.64775991],[80.00246382,9.64818633],[80.01355135,9.64122355]],[[80.0152601,9.64623475],[80.01967466,9.64278901],[80.02011335,9.64466298],[80.0152601,9.64623475]],[[79.99322391,9.65396774],[79.98976874,9.65263307],[79.99334955,9.65275085],[79.99322391,9.65396774]],[[79.92864168,9.72124994],[79.92743111,9.72254622],[79.92741275,9.72059655],[79.92864168,9.72124994]],[[79.90473127,9.74640143],[79.90758395,9.75121164],[79.9032073,9.75126231],[79.90473127,9.74640143]],[[80.27739966,9.49983728],[80.27829266,9.50139511],[80.27695751,9.50063264],[80.27739966,9.49983728]],[[80.26512897,9.48380744],[80.26904345,9.48481452],[80.26728737,9.48721635],[80.26512897,9.48380744]],[[80.29378903,9.470209],[80.29190636,9.4711796],[80.29008043,9.46955204],[80.29378903,9.470209]],[[80.31296086,9.47113371],[80.31616592,9.46793461],[80.31612766,9.4711951],[80.31296086,9.47113371]],[[80.29353762,9.46587944],[80.28661025,9.4635843],[80.29127407,9.45983291],[80.29353762,9.46587944]],[[80.25885642,9.46724546],[80.26483607,9.46731496],[80.26223445,9.47081995],[80.25885642,9.46724546]],[[80.27380323,9.46777606],[80.27234006,9.46909165],[80.26658201,9.46866322],[80.26973271,9.46631026],[80.27380323,9.46777606]],[[80.88105392,9.12363052],[80.87387025,9.12206745],[80.87333643,9.11966574],[80.88105392,9.12363052]],[[80.95847595,8.98638976],[80.96092284,8.98586476],[80.96156085,8.98718548],[80.95847595,8.98638976]],[[80.95749116,8.96464968],[80.95921242,8.96081138],[80.96009707,8.96041071],[80.95749116,8.96464968]],[[81.20520127,8.72313225],[81.20694351,8.72103524],[81.20724523,8.7212553],[81.20520127,8.72313225]],[[81.24565434,8.54316974],[81.24835467,8.54272222],[81.24836683,8.54313767],[81.24565434,8.54316974]],[[81.20718074,8.53976321],[81.21360254,8.54696155],[81.20563614,8.54797637],[81.20718074,8.53976321]],[[81.21344531,8.54368997],[81.21590757,8.54328716],[81.21418726,8.54426026],[81.21344531,8.54368997]],[[81.22858095,8.55516684],[81.22619736,8.55505824],[81.22671807,8.55387926],[81.22858095,8.55516684]],[[81.2328372,8.53414643],[81.23336673,8.53183663],[81.23453248,8.53399026],[81.2328372,8.53414643]],[[81.22534525,8.51268136],[81.22700071,8.51283944],[81.22698975,8.51448214],[81.22534525,8.51268136]],[[81.38964725,8.14437497],[81.38732076,8.14380157],[81.38885462,8.14288855],[81.38964725,8.14437497]],[[81.46152496,8.11025906],[81.46469355,8.11067915],[81.46406031,8.11263776],[81.46152496,8.11025906]],[[81.52920651,7.92902434],[81.52197337,7.92827344],[81.52941215,7.92803812],[81.52920651,7.92902434]],[[81.50904262,7.80851936],[81.50991964,7.80531251],[81.51148355,7.80828845],[81.50904262,7.80851936]],[[81.70268142,7.71135736],[81.68535435,7.71070075],[81.69003272,7.70336103],[81.70268142,7.71135736]],[[81.69540596,7.70297492],[81.68980014,7.68899977],[81.69543695,7.67093945],[81.70935595,7.68749094],[81.69540596,7.70297492]],[[81.66616476,7.70148551],[81.65876722,7.70092475],[81.66199291,7.69624412],[81.66616476,7.70148551]],[[81.70290267,7.65675604],[81.69978237,7.64901054],[81.70438147,7.64865196],[81.70290267,7.65675604]],[[81.72582674,7.64109015],[81.72927475,7.64075124],[81.72770071,7.64264071],[81.72582674,7.64109015]],[[81.73155463,7.63602853],[81.73135471,7.63365912],[81.73294973,7.63393342],[81.73155463,7.63602853]],[[81.78253043,7.44851077],[81.78513885,7.43459725],[81.78834665,7.43458056],[81.78253043,7.44851077]],[[81.80236375,7.48434651],[81.80938375,7.48321807],[81.80400515,7.49584067],[81.80236375,7.48434651]],[[80.72016478,5.96029305],[80.72245264,5.96075296],[80.71941555,5.96129227],[80.72016478,5.96029305]]]}},{"type":"Feature","properties":{"mrgid":8332,"name":"Thailand Exclusive Economic Zone","territory":"Thailand","sovereign":"Thailand","pol_type":"200NM","is_india":false},"geometry":{"type":"MultiPolygon","coordinates":[[[[98.77295244,10.42395437],[98.74933135,10.31089807],[98.69025862,10.18148315],[98.70361841,10.18422246],[98.73533666,10.16244614],[98.75176251,10.16332221],[98.75737274,10.15699136],[98.74899697,10.14739716],[98.75440335,10.16003561],[98.73204744,10.15770733],[98.69816422,10.18039262],[98.59207022,9.97449374],[98.5916692,9.95512772],[98.59767604,9.95807254],[98.60463142,9.95513391],[98.59095585,9.93390417],[98.60479164,9.93911958],[98.60971534,9.93748772],[98.56962085,9.92245126],[98.57222295,9.91147923],[98.59853053,9.9171617],[98.60339224,9.91285384],[98.57889235,9.90747595],[98.58929038,9.89999413],[98.59029913,9.89199495],[98.57266176,9.90645123],[98.55774856,9.87254083],[98.56313801,9.86889386],[98.57392478,9.87991834],[98.59550011,9.88408625],[98.59378731,9.87784135],[98.56309915,9.86736727],[98.54168582,9.88666606],[98.52687442,9.8640753],[98.54512,9.85172045],[98.51578331,9.85382593],[98.53377104,9.80901146],[98.54984057,9.80979264],[98.53648055,9.79994941],[98.54746962,9.80307257],[98.56399107,9.82189727],[98.57453418,9.84855521],[98.57625413,9.82822645],[98.56068218,9.81181514],[98.57122862,9.82081056],[98.57765031,9.81311691],[98.54992092,9.79498172],[98.54933906,9.78366566],[98.55340886,9.77985811],[98.55300784,9.77617371],[98.54598904,9.78957844],[98.53708994,9.78163052],[98.54312575,9.76899755],[98.53494632,9.78092015],[98.53642356,9.7908324],[98.50687075,9.78274012],[98.50269246,9.73663616],[98.54720676,9.74482274],[98.56107283,9.75813556],[98.55744326,9.76284802],[98.5628916,9.76825798],[98.56526923,9.75706565],[98.55363107,9.74001074],[98.56817257,9.72457993],[98.55120325,9.72513366],[98.54616356,9.68850481],[98.52840424,9.68204105],[98.55277085,9.66987741],[98.54858506,9.66275156],[98.48507261,9.68550706],[98.49818265,9.65206397],[98.5153923,9.6615411],[98.51970661,9.65569901],[98.53458166,9.65824127],[98.54266477,9.65228856],[98.52714145,9.65464246],[98.53249145,9.64178765],[98.50994205,9.65378141],[98.50004864,9.63345921],[98.52175546,9.63555264],[98.51136518,9.62773621],[98.51952183,9.62123322],[98.52390003,9.61472297],[98.5265758,9.60866404],[98.5249629,9.59744024],[98.50948107,9.62524974],[98.50920606,9.60920477],[98.49888325,9.60380185],[98.47914708,9.63432777],[98.46329737,9.62798226],[98.46817386,9.59909201],[98.50649035,9.59553015],[98.57643747,9.55855513],[98.53980374,9.55290341],[98.54728365,9.56385744],[98.53475153,9.56886196],[98.51076198,9.55912888],[98.5197556,9.55853307],[98.51565635,9.54519486],[98.49865866,9.55233395],[98.50032401,9.5470525],[98.50893426,9.54152656],[98.51382244,9.53449655],[98.49840212,9.54671812],[98.50346768,9.51243675],[98.52855277,9.52260971],[98.52316225,9.50917184],[98.51629806,9.50444877],[98.50089026,9.50903583],[98.49825883,9.47993422],[98.48391461,9.49618304],[98.48816955,9.46108544],[98.48023784,9.49255288],[98.49739313,9.51258242],[98.48203838,9.53264832],[98.47712648,9.45463634],[98.46693897,9.45285702],[98.46006215,9.49538052],[98.47565258,9.52681935],[98.4607681,9.55608261],[98.46954036,9.56545532],[98.45582426,9.56331253],[98.42626011,9.42677605],[98.40947866,9.39637542],[98.39673436,9.40292215],[98.39103198,9.33518553],[98.37758625,9.2916702],[98.36070836,9.28309226],[98.38106644,9.27648795],[98.37979007,9.26574445],[98.36798835,9.27963817],[98.34432185,9.24293685],[98.37309384,9.22838545],[98.3802886,9.24940157],[98.38116074,9.23683023],[98.36593795,9.21237445],[98.37400198,9.20869231],[98.38735104,9.18056524],[98.34611177,9.22154546],[98.33805215,9.19416535],[98.35042775,9.18384492],[98.35180855,9.17762363],[98.33629501,9.17413545],[98.32939684,9.22315907],[98.31629157,9.19905055],[98.34622955,9.1507163],[98.34293044,9.11629605],[98.36086261,9.10985255],[98.351601,9.09553766],[98.36727762,9.11481321],[98.36831248,9.10090494],[98.38323736,9.10225236],[98.36663306,9.09521842],[98.36906123,9.07911241],[98.38846064,9.09504211],[98.39603031,9.09384334],[98.40092325,9.08343983],[98.37945592,9.08663475],[98.38551593,9.05482233],[98.36617267,9.06948555],[98.33711398,9.06274951],[98.31836641,9.03369558],[98.32699513,9.01620758],[98.35007691,9.00249875],[98.38790572,9.03431904],[98.40611458,9.04002511],[98.39600575,9.03058922],[98.40712702,9.02837873],[98.38153541,9.01924705],[98.39627254,9.00906813],[98.40223551,8.99862218],[98.38172293,9.01640594],[98.36004972,9.00000346],[98.38008428,8.99374688],[98.38814366,8.96648634],[98.38539648,8.95486295],[98.38120282,8.98595655],[98.35820961,8.98392713],[98.37260985,8.97074282],[98.38533831,8.94024122],[98.39116704,8.91113651],[98.38260591,8.92706001],[98.37989843,8.91046667],[98.36820388,8.94969237],[98.366997,8.94321275],[98.35648072,8.92750025],[98.36520445,8.94772935],[98.36024034,8.9595803],[98.34936643,8.94092965],[98.34973645,8.96637833],[98.32252824,8.97117507],[98.28753781,8.89594305],[98.30622697,8.90646136],[98.31317246,8.90633166],[98.31773317,8.90069616],[98.29951358,8.90219331],[98.26407731,8.85896051],[98.25256455,8.80929506],[98.26150107,8.76241851],[98.23879337,8.73590636],[98.21611762,8.73592961],[98.2347697,8.72086406],[98.24709296,8.65318644],[98.23019171,8.62114],[98.24020624,8.59083295],[98.22349036,8.56949902],[98.25866175,8.54058635],[98.25802457,8.50442302],[98.27350748,8.50935602],[98.25513697,8.49247205],[98.24331796,8.53834355],[98.2256397,8.53888917],[98.22312546,8.5242027],[98.23428094,8.50785077],[98.23683167,8.47097981],[98.2171458,8.52813411],[98.22835147,8.54634178],[98.21924138,8.58771336],[98.20563293,8.55142724],[98.26995003,8.31190705],[98.28228903,8.20463645],[98.31509292,8.19919252],[98.32917595,8.20807731],[98.34017456,8.20691514],[98.32692015,8.20436215],[98.32828164,8.18560064],[98.3600707,8.19192505],[98.38756371,8.12674153],[98.40388191,8.13699734],[98.40194702,8.14519095],[98.41213107,8.18054306],[98.43286586,8.13749826],[98.44440424,8.19152415],[98.46125293,8.22039235],[98.46826196,8.21917021],[98.45513225,8.2424947],[98.46170676,8.25128734],[98.4533354,8.27936232],[98.46027875,8.29279816],[98.43204784,8.31079733],[98.40893567,8.27985275],[98.39976394,8.30235207],[98.41536164,8.29860365],[98.44066954,8.32331264],[98.47319722,8.31818485],[98.44933391,8.34773088],[98.46684897,8.34650564],[98.45758283,8.35801744],[98.45646632,8.36680186],[98.46268415,8.38946092],[98.46444547,8.37401843],[98.47044492,8.37065792],[98.473158,8.36275578],[98.47864056,8.36079872],[98.47982836,8.34808087],[98.49787188,8.34042966],[98.48295403,8.35808635],[98.48597086,8.36649418],[98.49313366,8.36974323],[98.49085796,8.38106394],[98.49520993,8.38462317],[98.49764407,8.37039018],[98.48543441,8.35924137],[98.50371492,8.34228516],[98.51156032,8.40839016],[98.51694643,8.41406453],[98.50685394,8.34779573],[98.51688385,8.32536793],[98.51425171,8.34259856],[98.53738177,8.3373934],[98.53173316,8.34604084],[98.53612184,8.352548],[98.53208542,8.35393715],[98.53698945,8.35252762],[98.5336132,8.34506392],[98.55021417,8.3406682],[98.53680575,8.36770856],[98.53249204,8.39046061],[98.53651452,8.39327145],[98.55948055,8.35062695],[98.55624557,8.36753011],[98.56713855,8.38381851],[98.54793882,8.4032315],[98.54700243,8.41299665],[98.56451416,8.39446747],[98.57571065,8.40075362],[98.55999792,8.35647941],[98.57550025,8.37174785],[98.57886362,8.35846424],[98.59727788,8.36505163],[98.59374106,8.38069606],[98.61029124,8.40830743],[98.58791006,8.4334532],[98.60363972,8.42720866],[98.60692465,8.44416606],[98.6068387,8.42051005],[98.61962461,8.4375],[98.62503004,8.43618071],[98.61180377,8.41809297],[98.62195945,8.38130927],[98.65701854,8.38403165],[98.64305425,8.41099715],[98.65196466,8.42682791],[98.66477442,8.42736316],[98.66301215,8.44053638],[98.66480756,8.45399511],[98.66495812,8.42591703],[98.64507186,8.4100703],[98.68609703,8.38387156],[98.65331948,8.36943901],[98.63544214,8.36987972],[98.63430727,8.34265316],[98.64541292,8.34046567],[98.64748681,8.33754575],[98.63069725,8.3255434],[98.62636065,8.28644407],[98.63139367,8.28286564],[98.63551366,8.27598214],[98.64215732,8.29198635],[98.64924002,8.27305424],[98.68091297,8.31011403],[98.70719004,8.31482625],[98.69177127,8.33152246],[98.69475067,8.33727992],[98.71835625,8.34310925],[98.69722986,8.33020806],[98.71361935,8.30949581],[98.71918201,8.26429975],[98.70798016,8.22408438],[98.72288954,8.23139834],[98.71934056,8.27675176],[98.72450435,8.27952886],[98.72835577,8.24343681],[98.74362075,8.24313366],[98.74050796,8.21692491],[98.75679815,8.20351624],[98.73528183,8.13603246],[98.74324942,8.13476562],[98.75234115,8.15065265],[98.76065254,8.15115964],[98.75058055,8.13851011],[98.76477683,8.13020456],[98.74789846,8.12067401],[98.73786056,8.07605755],[98.76453435,8.02415991],[98.79021037,8.05576146],[98.84308755,8.00171363],[98.86035955,8.02781296],[98.88066435,8.02043891],[98.90253806,8.03908455],[98.89071608,8.05460775],[98.87758911,8.04509962],[98.88133013,8.07183695],[98.88083172,8.05668032],[98.88998032,8.06130624],[98.91315162,8.04492176],[98.92005432,8.07815266],[98.92157066,8.0630213],[98.93779325,8.06484044],[98.92305601,8.06106377],[98.91932535,8.03564894],[98.95203161,8.00476456],[98.95887792,8.02424502],[98.95025575,8.0308125],[98.95417225,8.04833901],[98.94437242,8.05504441],[98.94181716,8.05941212],[98.96345901,8.08220458],[98.94322753,8.05852616],[98.95476043,8.04976165],[98.9559201,8.03031218],[98.97159576,8.06032574],[98.97729015,8.06370676],[98.98142016,8.06363428],[98.95736694,7.99988258],[98.96433425,7.98681557],[98.97462094,7.99450624],[98.97939014,7.99343002],[98.98021054,7.99028003],[98.96380818,7.98510075],[98.95149136,7.99685085],[98.94264257,7.9864943],[98.97249115,7.93233812],[98.99740112,7.96011853],[98.99305105,7.94236565],[98.99966824,7.94168496],[99.0155797,7.92492902],[99.02740943,7.88930082],[99.05624294,7.90627885],[99.07495022,7.97740448],[99.08304465,7.94990051],[99.10218728,7.96840751],[99.1118257,7.96880293],[99.10316503,7.96718216],[99.10285556,7.95153213],[99.07021427,7.91886365],[99.07550216,7.91643906],[99.09654736,7.93691242],[99.10751533,7.93993914],[99.09536254,7.93225825],[99.11122072,7.93324196],[99.11491096,7.93092954],[99.08659542,7.92317712],[99.08021963,7.89467967],[99.09578502,7.89944947],[99.06500328,7.85537446],[99.10290003,7.84268355],[99.10239804,7.82000136],[99.11748683,7.82611644],[99.12830007,7.81835592],[99.13367414,7.78452921],[99.14868593,7.79878867],[99.15290213,7.79770923],[99.16076255,7.80476797],[99.17513716,7.80709732],[99.13832808,7.78197324],[99.13812137,7.75098455],[99.17886317,7.703287],[99.19497943,7.73017156],[99.18313551,7.70581984],[99.19658375,7.711272],[99.20413625,7.73713684],[99.21287012,7.74198854],[99.20437896,7.73593736],[99.20786715,7.72949195],[99.19896126,7.71220243],[99.18989897,7.70296896],[99.19584441,7.69118905],[99.20870912,7.70842934],[99.21123827,7.70206046],[99.19644403,7.67076123],[99.24450064,7.68396401],[99.23101115,7.69325125],[99.22813797,7.70381665],[99.23772013,7.70686567],[99.23189342,7.69415474],[99.24651396,7.68522048],[99.25448906,7.70596075],[99.25220334,7.66130733],[99.25869072,7.65991485],[99.27501512,7.67940664],[99.27870214,7.68092835],[99.28199315,7.68049502],[99.25380266,7.62891746],[99.23254061,7.63253975],[99.23563755,7.62660706],[99.27113175,7.62182462],[99.28805327,7.64558387],[99.28194022,7.66153586],[99.29448736,7.66698706],[99.27809191,7.60042441],[99.31142235,7.54061961],[99.31869078,7.551229],[99.33033252,7.5560503],[99.33237326,7.55346048],[99.2843585,7.51500654],[99.29618371,7.49748492],[99.30714202,7.51111793],[99.31892586,7.51613796],[99.32392943,7.51399875],[99.31112635,7.50827205],[99.34705651,7.44291127],[99.33807433,7.41012085],[99.35556924,7.40339386],[99.3378129,7.37932503],[99.37653196,7.35448074],[99.36063588,7.35304141],[99.39470005,7.30803716],[99.41543293,7.34647214],[99.40673184,7.31702495],[99.41413724,7.31506825],[99.41669774,7.31273794],[99.41970956,7.29830241],[99.46937084,7.28379703],[99.48613381,7.29438281],[99.48300672,7.37302887],[99.46903515,7.37286806],[99.48363948,7.39294004],[99.4921875,7.38058031],[99.50580323,7.42735398],[99.51821566,7.43603134],[99.52326083,7.43495941],[99.52811873,7.43137181],[99.53754294,7.45071578],[99.54335725,7.45565414],[99.52831972,7.42938244],[99.51315165,7.4291079],[99.51393366,7.42291355],[99.50771177,7.41111076],[99.5116235,7.38947105],[99.50802457,7.35833228],[99.50267434,7.34730566],[99.50876236,7.3365978],[99.51196587,7.32391095],[99.50876415,7.30735481],[99.52763557,7.29671955],[99.56171226,7.32070065],[99.57152975,7.3650949],[99.60317504,7.40300858],[99.59523106,7.40782034],[99.59099114,7.42227006],[99.60447967,7.40820551],[99.61763144,7.44039512],[99.60538387,7.40274596],[99.58650458,7.37265134],[99.60973191,7.38137376],[99.61480725,7.37899196],[99.58654904,7.36346173],[99.59812474,7.34989631],[99.61204946,7.35707414],[99.62178338,7.34335625],[99.61200333,7.35031486],[99.60433066,7.34621382],[99.58537495,7.35489595],[99.56306505,7.28587496],[99.53260052,7.28290451],[99.52123117,7.24976754],[99.58619893,7.14751005],[99.60356307,7.17561984],[99.59286475,7.18584251],[99.60886681,7.2522974],[99.60207653,7.19463897],[99.62304747,7.18488061],[99.62476945,7.17242217],[99.61706436,7.15913582],[99.60085261,7.15390396],[99.60751808,7.13646817],[99.63772655,7.16380215],[99.61074042,7.20804214],[99.64283586,7.28268731],[99.64906824,7.24095821],[99.61396873,7.20703125],[99.64608955,7.16693532],[99.67149246,7.18822253],[99.66724396,7.20145273],[99.65364861,7.20246923],[99.65084267,7.20941091],[99.65400243,7.21925604],[99.67047036,7.22502351],[99.65229237,7.21228576],[99.66670406,7.20703125],[99.67917895,7.18564594],[99.65907085,7.17514634],[99.66773415,7.1132009],[99.70320773,7.13323104],[99.70748687,7.16247916],[99.70077705,7.16905165],[99.7004559,7.17615473],[99.70252073,7.18016696],[99.72000051,7.16105044],[99.72283566,7.19390571],[99.73071456,7.177688],[99.72391582,7.16104484],[99.70551527,7.14847994],[99.72082543,7.12786293],[99.74900305,7.17154574],[99.739519,7.17773807],[99.73306704,7.18944383],[99.75124562,7.17354655],[99.74081433,7.13365447],[99.76656914,7.12503243],[99.73766112,7.12915528],[99.73848808,7.10248578],[99.71370387,7.10253584],[99.72033298,7.08578491],[99.70246387,7.06576645],[99.71594155,7.04871297],[99.71585906,7.04502416],[99.70177364,7.06427264],[99.69677508,7.07685792],[99.67010605,7.03975153],[99.68217885,7.01504076],[99.69628096,7.02513015],[99.70016205,7.01648498],[99.67014205,7.00095701],[99.69043982,6.97343028],[99.70398796,6.99173105],[99.68245232,6.96033645],[99.70231688,6.97702515],[99.71153712,6.97847903],[99.70685041,6.95595956],[99.7303338,6.93557632],[99.73388076,6.96105313],[99.75883126,6.95655346],[99.74340081,6.95416045],[99.73450744,6.92207015],[99.70663941,6.94542181],[99.72700334,6.90572274],[99.69196236,6.95514154],[99.67776704,6.90013695],[99.69674313,6.86911535],[99.72300041,6.87862074],[99.72309446,6.89561772],[99.73433995,6.89416444],[99.72333086,6.87642455],[99.69499421,6.86304855],[99.69713903,6.85647714],[99.73395288,6.86643624],[99.72178495,6.85546875],[99.75265646,6.83307564],[99.77650845,6.83944535],[99.81128895,6.76999331],[99.83812952,6.77832031],[99.82323778,6.78535652],[99.81541026,6.80836058],[99.83542871,6.78780997],[99.84375,6.80050206],[99.85178912,6.80514395],[99.83863831,6.81177712],[99.83483481,6.82084024],[99.84017146,6.82482314],[99.85351014,6.80566597],[99.84180975,6.77641857],[99.87647974,6.72102332],[99.90390205,6.72149766],[99.90440917,6.75654626],[99.91584754,6.76602376],[99.91136074,6.72463596],[99.92321324,6.74101162],[99.96232045,6.75178635],[99.92398751,6.73962474],[99.90423346,6.70529747],[99.90932298,6.6885519],[99.91490746,6.70641327],[99.93570781,6.6564362],[99.95386791,6.68897557],[99.96615303,6.68384588],[99.96961915,6.68010604],[99.95217514,6.67787147],[99.97459793,6.62966645],[99.9490118,6.61690176],[99.95091772,6.58409846],[99.98765147,6.60833204],[99.98953795,6.62267363],[100.0,6.6288165729119894],[100.0,6.594619816717715],[99.98926568,6.59416807],[100.0,6.449759364581438],[99.84919656,6.51725492],[99.6569536,6.47204446],[99.55666667,6.50333333],[99.51166667,6.48166667],[99.45833333,6.30666667],[99.32166667,6.27166667],[99.11166667,6.3],[98.025,5.95],[97.9,6.36333333],[96.60833333,7.09666667],[95.53,7.78333333],[95.69666667,7.95833333],[95.65444444,8.165],[95.60343096,9.58428691],[95.59027778,9.63333333],[96.49305556,9.75833333],[97.44333333,9.67638889],[97.72472222,9.60055556],[97.85333333,9.58166667],[98.04937084,9.48008881],[98.11589877,9.42939011],[98.24029661,9.60545379],[98.27216589,9.73221234],[98.35067787,9.92687641],[98.37652005,9.9527346],[98.49342042,9.95265538],[98.52812295,9.92149381],[98.56664489,9.94280348],[98.65189422,10.11819266],[98.64635348,10.14396589],[98.65436162,10.16691479],[98.70019708,10.21283146],[98.75385396,10.3903786],[98.77295244,10.42395437]],[[98.65707195,10.15707803],[98.66685116,10.16141593],[98.66427326,10.16573656],[98.65707195,10.15707803]],[[98.66904211,10.15829945],[98.68105996,10.16228974],[98.67309141,10.16522455],[98.66904211,10.15829945]],[[98.66704285,10.14998436],[98.65169835,10.14671195],[98.65717328,10.13546085],[98.66704285,10.14998436]],[[98.67142952,10.14334536],[98.6720196,10.1449064],[98.66896033,10.14273775],[98.67142952,10.14334536]],[[98.66975415,10.15464604],[98.66858304,10.15633965],[98.66944242,10.15333247],[98.66975415,10.15464604]],[[98.59048522,9.93724394],[98.58627057,9.94893372],[98.59018481,9.93719125],[98.59048522,9.93724394]],[[98.53423512,9.91969371],[98.53736615,9.91891408],[98.53600705,9.92165971],[98.53423512,9.91969371]],[[98.56172252,9.92075884],[98.55840266,9.89542484],[98.56822431,9.91851246],[98.56172252,9.92075884]],[[98.49052954,9.90607202],[98.47620177,9.91154587],[98.46841681,9.89221394],[98.48364794,9.89717245],[98.49052954,9.90607202]],[[98.51010787,9.90653896],[98.51934063,9.91445827],[98.52136815,9.92141473],[98.51332343,9.92029297],[98.51010787,9.90653896]],[[98.5269258,9.91365945],[98.52618897,9.91503441],[98.52579784,9.91343892],[98.5269258,9.91365945]],[[98.51338291,9.89988172],[98.51394248,9.90610421],[98.50805151,9.89972627],[98.51338291,9.89988172]],[[98.51493502,9.92439616],[98.51300967,9.92511153],[98.51327252,9.92414773],[98.51493502,9.92439616]],[[98.48500752,9.93441641],[98.48303378,9.92734087],[98.48754334,9.93081713],[98.48500752,9.93441641]],[[98.44266236,9.87574422],[98.44327211,9.87776315],[98.44161952,9.87869763],[98.44266236,9.87574422]],[[98.45118678,9.87330294],[98.43305337,9.80477572],[98.4523344,9.78995895],[98.46965885,9.86244595],[98.45118678,9.87330294]],[[98.47323406,9.86148572],[98.47135305,9.86997771],[98.46976495,9.86314404],[98.47323406,9.86148572]],[[98.44554067,9.77877736],[98.44832027,9.78227544],[98.44871664,9.78634095],[98.44554067,9.77877736]],[[98.47596025,9.77839851],[98.47771001,9.77885091],[98.47777176,9.77981925],[98.47596025,9.77839851]],[[98.4147402,9.77631843],[98.40534985,9.74640667],[98.38797557,9.74917865],[98.37995064,9.73142648],[98.39586008,9.71893203],[98.39024675,9.70399797],[98.42766094,9.73406005],[98.4147402,9.77631843]],[[98.45937645,9.76618803],[98.46610546,9.76953554],[98.46555304,9.77357686],[98.45937645,9.76618803]],[[98.48342705,9.73508024],[98.48725212,9.73474348],[98.48574293,9.73917186],[98.48342705,9.73508024]],[[98.50724053,9.73326623],[98.50582814,9.73418522],[98.50531435,9.73190606],[98.50724053,9.73326623]],[[98.5008651,9.73413086],[98.50059533,9.73043954],[98.50194097,9.73390341],[98.5008651,9.73413086]],[[98.42393208,9.71310413],[98.42186475,9.71797287],[98.41984844,9.71729755],[98.42393208,9.71310413]],[[98.50151885,9.70959413],[98.50777948,9.69342256],[98.51555526,9.70083415],[98.50151885,9.70959413]],[[98.46877325,9.59351385],[98.47069025,9.59553897],[98.46875381,9.59684455],[98.46877325,9.59351385]],[[98.46131456,9.57953894],[98.47306764,9.58508754],[98.46734703,9.59240627],[98.46131456,9.57953894]],[[98.51527774,9.58194435],[98.51333332,9.58611095],[98.51111114,9.58472216],[98.51527774,9.58194435]],[[98.48114586,9.58180916],[98.48227716,9.57115614],[98.48902476,9.57618904],[98.48114586,9.58180916]],[[98.52503347,9.57314885],[98.51534224,9.57759643],[98.51149023,9.57330716],[98.51327932,9.57167757],[98.52503347,9.57314885]],[[98.51537275,9.57017553],[98.51786435,9.57120764],[98.51527667,9.57045937],[98.51537275,9.57017553]],[[98.38767755,9.57174087],[98.38161612,9.56807625],[98.38149095,9.56420267],[98.38767755,9.57174087]],[[98.35769045,9.5124228],[98.36011052,9.51269352],[98.35830533,9.51838565],[98.35769045,9.5124228]],[[98.33117175,9.46806145],[98.35225368,9.49115884],[98.35391092,9.50695384],[98.33117175,9.46806145]],[[98.37104511,9.50464845],[98.37076664,9.50679445],[98.36972225,9.50464845],[98.37104511,9.50464845]],[[98.36975038,9.50092101],[98.36660326,9.49987078],[98.36661184,9.49918652],[98.36975038,9.50092101]],[[98.37355173,9.49897218],[98.37257695,9.50104904],[98.37250733,9.49911058],[98.37355173,9.49897218]],[[98.37197864,9.47849762],[98.38347244,9.48453915],[98.37113404,9.49450445],[98.37197864,9.47849762]],[[98.32712924,9.45333922],[98.3272686,9.45771825],[98.32610536,9.45367062],[98.32712924,9.45333922]],[[98.34845006,9.4344058],[98.35411,9.43900228],[98.34843552,9.43967056],[98.34845006,9.4344058]],[[97.90027285,9.45074356],[97.88414645,9.46377933],[97.85470772,9.45529926],[97.86063623,9.43540192],[97.84655154,9.43643355],[97.87991965,9.41425407],[97.87186253,9.44150245],[97.90027225,9.42148495],[97.90027285,9.45074356]],[[97.86671126,9.42229712],[97.84518301,9.40409064],[97.88209617,9.38024712],[97.86671126,9.42229712]],[[98.39333332,9.39944434],[98.39194441,9.40166664],[98.39250004,9.39861095],[98.39333332,9.39944434]],[[97.83419144,9.41971636],[97.82928431,9.42198265],[97.82888305,9.41845918],[97.83419144,9.41971636]],[[97.90173256,9.47710192],[97.90626884,9.47671711],[97.90391242,9.47912407],[97.90173256,9.47710192]],[[97.86574912,9.36498666],[97.86789346,9.37490904],[97.86208522,9.37173855],[97.86574912,9.36498666]],[[98.32318723,9.33160901],[98.32448542,9.33718526],[98.32098913,9.33551395],[98.32318723,9.33160901]],[[98.30626345,9.26428854],[98.26367295,9.20605671],[98.26001024,9.16782534],[98.29529011,9.1957165],[98.28427756,9.19899845],[98.31719732,9.25161064],[98.30626345,9.26428854]],[[98.35372424,9.22470546],[98.35766637,9.21322274],[98.36095846,9.21158612],[98.35372424,9.22470546]],[[98.36596048,9.21534467],[98.36340106,9.22176623],[98.36311674,9.21827936],[98.36596048,9.21534467]],[[98.3614763,9.21106791],[98.36342823,9.21246827],[98.36147881,9.21414626],[98.3614763,9.21106791]],[[98.33365345,9.22154617],[98.33279431,9.22433031],[98.33152246,9.22363281],[98.33365345,9.22154617]],[[98.28999198,9.18418324],[98.29167211,9.18756676],[98.29000187,9.18915725],[98.28999198,9.18418324]],[[98.30798948,9.18076897],[98.30629063,9.18132281],[98.30684757,9.17993844],[98.30798948,9.18076897]],[[98.31268227,9.1796329],[98.32458103,9.13438714],[98.33570313,9.12754071],[98.33872545,9.14858282],[98.31268227,9.1796329]],[[98.30985546,9.12477875],[98.31639421,9.10745335],[98.3040688,9.1172024],[98.30610657,9.14142895],[98.28382707,9.11091411],[98.28312993,9.09386253],[98.27998614,9.08929002],[98.28085291,9.11072755],[98.29899287,9.15185487],[98.28927875,9.15925992],[98.28964305,9.14799726],[98.28188801,9.1356436],[98.29014444,9.16761136],[98.26116133,9.16526461],[98.24697971,9.0311141],[98.28736162,9.02843142],[98.27587581,9.05030715],[98.28147387,9.06140923],[98.29894972,9.03621626],[98.31036222,9.04893172],[98.3002938,9.06545174],[98.30089414,9.07265091],[98.30437863,9.07891953],[98.31065857,9.05408215],[98.33379483,9.07551444],[98.30985546,9.12477875]],[[98.34591317,9.10316992],[98.35111105,9.09625852],[98.34643245,9.10602665],[98.34591317,9.10316992]],[[98.36555552,9.09222221],[98.36423564,9.09374583],[98.36472225,9.09222221],[98.36555552,9.09222221]],[[98.36168814,9.08701694],[98.36198413,9.09106886],[98.36077201,9.08746815],[98.36168814,9.08701694]],[[98.36858296,9.07900953],[98.36647081,9.08323157],[98.36508954,9.07878101],[98.36858296,9.07900953]],[[98.36077416,9.07253921],[98.35967445,9.07320487],[98.36002874,9.07236445],[98.36077416,9.07253921]],[[98.30790257,9.0592823],[98.30807495,9.05608046],[98.30831516,9.06012881],[98.30790257,9.0592823]],[[98.30211341,9.06472135],[98.30496585,9.06406701],[98.30136573,9.06739688],[98.30211341,9.06472135]],[[98.31261003,9.05257964],[98.31085336,9.0530622],[98.31204355,9.05154717],[98.31261003,9.05257964]],[[97.80703366,9.07979345],[97.80682611,9.0695852],[97.813591,9.06123006],[97.81856072,9.06835675],[97.80703366,9.07979345]],[[98.25325,9.13286197],[98.25441277,9.13262153],[98.25337625,9.13317132],[98.25325,9.13286197]],[[98.25196266,9.13585591],[98.25363016,9.13582778],[98.25425994,9.13804126],[98.25196266,9.13585591]],[[98.29319775,9.16672444],[98.29206455,9.16522276],[98.29279625,9.16510391],[98.29319775,9.16672444]],[[98.28300154,9.11092484],[98.28384531,9.11392677],[98.28251708,9.11124814],[98.28300154,9.11092484]],[[98.28064442,9.17611766],[98.27792156,9.17271805],[98.28170872,9.17567253],[98.28064442,9.17611766]],[[98.22735858,9.01772416],[98.22842598,9.02004445],[98.22420025,9.01925814],[98.22735858,9.01772416]],[[98.26728284,8.86468565],[98.32366955,8.98557055],[98.25568545,9.01277721],[98.26246226,8.9395262],[98.24837053,8.91369557],[98.26728284,8.86468565]],[[98.34393656,8.99005854],[98.34494197,8.98666382],[98.34839141,8.98583865],[98.34393656,8.99005854]],[[98.35379994,8.98943615],[98.35267115,8.98890615],[98.35502446,8.98777771],[98.35379994,8.98943615]],[[98.32583523,8.97823215],[98.32587945,8.98164594],[98.32447696,8.97924805],[98.32583523,8.97823215]],[[98.34999776,8.97917843],[98.37061346,8.95610964],[98.37302172,8.95474303],[98.36816132,8.97019851],[98.34999776,8.97917843]],[[98.37139332,8.95358753],[98.36899173,8.95132494],[98.3727231,8.94767392],[98.37139332,8.95358753]],[[98.37604356,8.93516755],[98.37844253,8.94232714],[98.37368214,8.94796312],[98.37604356,8.93516755]],[[98.38416445,8.93868506],[98.38111675,8.93702304],[98.38416481,8.93452513],[98.38416445,8.93868506]],[[98.37848985,8.93259501],[98.38294816,8.92828715],[98.38030946,8.93646932],[98.37848985,8.93259501]],[[98.37732506,8.92588627],[98.37903214,8.92449868],[98.37760675,8.92613101],[98.37732506,8.92588627]],[[98.35544264,8.96422315],[98.35745931,8.96383512],[98.35745931,8.96422315],[98.35544264,8.96422315]],[[97.79999328,8.82457924],[97.79876804,8.83013058],[97.79599893,8.82805598],[97.79999328,8.82457924]],[[98.21758354,8.72521734],[98.21612954,8.72651565],[98.21620345,8.72560072],[98.21758354,8.72521734]],[[97.64846671,8.68185306],[97.64401782,8.67616761],[97.65345991,8.67596281],[97.64846671,8.68185306]],[[97.63688731,8.66028643],[97.64665866,8.6311146],[97.65309405,8.62896156],[97.65094626,8.66793966],[97.63688731,8.66028643]],[[97.63566327,8.58802772],[97.64126515,8.59112036],[97.63640726,8.59743857],[97.63566327,8.58802772]],[[97.63741362,8.55935037],[97.63886535,8.57195914],[97.63091683,8.57678127],[97.63741362,8.55935037]],[[97.64466047,8.5703901],[97.64788938,8.56903064],[97.64179027,8.57297325],[97.64466047,8.5703901]],[[97.6544286,8.51508176],[97.65494895,8.51757812],[97.6539402,8.51730585],[97.6544286,8.51508176]],[[97.64351666,8.49490225],[97.64789891,8.49861133],[97.63526011,8.50794554],[97.64351666,8.49490225]],[[97.64738321,8.47548175],[97.64309847,8.48604906],[97.63852704,8.48427105],[97.64738321,8.47548175]],[[98.30186272,8.10788643],[98.27082086,8.0747081],[98.27201951,8.03799784],[98.29205692,8.01178336],[98.28541446,7.98503804],[98.27020526,7.98584938],[98.28337991,7.95723116],[98.25807655,7.93578482],[98.29529011,7.89674842],[98.26110017,7.88619554],[98.29082143,7.85530531],[98.29867065,7.80503202],[98.28472161,7.78792298],[98.31168187,7.75761056],[98.33890724,7.77917886],[98.34580565,7.82302427],[98.36585164,7.83842838],[98.38845623,7.80527794],[98.41218734,7.80046225],[98.40123653,7.824175],[98.41029334,7.83692026],[98.39364326,7.85275626],[98.41421676,7.88600504],[98.41678858,7.86933565],[98.43865275,7.86541402],[98.44220471,7.91242695],[98.4286468,7.89470601],[98.41945875,7.8976804],[98.39398515,7.95973575],[98.39424205,7.97867811],[98.42633533,7.98727477],[98.41084933,8.02529216],[98.4433403,8.07015038],[98.4334501,8.09854352],[98.39666915,8.07895815],[98.37286556,8.11939013],[98.35158837,8.11085355],[98.33765936,8.17174625],[98.30489504,8.18026483],[98.29159057,8.20026612],[98.30186272,8.10788643]],[[98.44260442,8.12460315],[98.44681847,8.12609148],[98.44366717,8.12809813],[98.44260442,8.12460315]],[[98.55732811,8.13093054],[98.53820777,8.15110266],[98.53519011,8.15634704],[98.53845155,8.13915575],[98.55732811,8.13093054]],[[98.63528216,8.18707228],[98.58821511,8.11839902],[98.56255054,8.11934006],[98.61735475,8.08039665],[98.63528216,8.18707228]],[[98.54074037,8.15769768],[98.54068744,8.15921927],[98.53927553,8.15890062],[98.54074037,8.15769768]],[[98.54194784,8.16353023],[98.54283166,8.16411912],[98.54100096,8.16446257],[98.54194784,8.16353023]],[[98.49168181,8.16571796],[98.49323595,8.19933414],[98.49001265,8.20226145],[98.49168181,8.16571796]],[[98.46832132,8.20074761],[98.45759141,8.20700145],[98.45474434,8.19548583],[98.46832132,8.20074761]],[[98.50397778,8.21519005],[98.50931561,8.21552944],[98.50679755,8.22515798],[98.50397778,8.21519005]],[[98.50257361,8.22418356],[98.49887347,8.22153163],[98.50093806,8.22085452],[98.50257361,8.22418356]],[[98.5918715,8.20812976],[98.59395826,8.21909964],[98.59165883,8.22191381],[98.5918715,8.20812976]],[[98.72777593,8.2165904],[98.73308301,8.21841872],[98.72865427,8.22104645],[98.72777593,8.2165904]],[[98.72379637,8.21930802],[98.72738755,8.21712315],[98.72520614,8.21930802],[98.72379637,8.21930802]],[[98.68770993,8.21372771],[98.68705225,8.21033311],[98.68810832,8.21041346],[98.68770993,8.21372771]],[[98.72920966,8.2086879],[98.73078275,8.21050024],[98.72901487,8.21238506],[98.72920966,8.2086879]],[[98.69192052,8.20877767],[98.69144821,8.20621073],[98.69182765,8.20628083],[98.69192052,8.20877767]],[[98.51117945,8.20501268],[98.50866783,8.20262671],[98.50999665,8.20102465],[98.51117945,8.20501268]],[[98.68836772,8.20295525],[98.69148934,8.20518017],[98.68779945,8.20306003],[98.68836772,8.20295525]],[[98.63418186,8.19399655],[98.64041281,8.1930598],[98.63742912,8.2001636],[98.63418186,8.19399655]],[[98.72753978,8.18994772],[98.72587585,8.19089937],[98.72727013,8.18975174],[98.72753978,8.18994772]],[[98.61397541,8.19524324],[98.61133015,8.19092727],[98.6125555,8.19064212],[98.61397541,8.19524324]],[[98.50812244,8.19698656],[98.50875175,8.19519305],[98.50977135,8.19561911],[98.50812244,8.19698656]],[[98.63296521,8.19722235],[98.63188303,8.19837821],[98.63302565,8.19430435],[98.63296521,8.19722235]],[[98.66211724,8.18661821],[98.66156077,8.18835103],[98.66107404,8.18724203],[98.66211724,8.18661821]],[[98.53455508,8.17224491],[98.53870845,8.18164468],[98.53750646,8.18462575],[98.53455508,8.17224491]],[[98.73032057,8.18457067],[98.72976553,8.18367374],[98.73171151,8.18291283],[98.73032057,8.18457067]],[[98.72193384,8.18281627],[98.72359598,8.18157303],[98.72235644,8.18334126],[98.72193384,8.18281627]],[[98.73423421,8.17408466],[98.73686874,8.17562091],[98.73576903,8.17702723],[98.73423421,8.17408466]],[[98.71678543,8.14295971],[98.71729624,8.14575362],[98.71623957,8.14443874],[98.71678543,8.14295971]],[[98.68609655,8.12754023],[98.68584251,8.13064527],[98.68361032,8.12854242],[98.68609655,8.12754023]],[[98.66777766,8.12277782],[98.67363441,8.12317276],[98.67248714,8.12527311],[98.66777766,8.12277782]],[[98.68019521,8.11758637],[98.67812443,8.12165165],[98.67840564,8.11847746],[98.68019521,8.11758637]],[[98.67518604,8.11658073],[98.67778826,8.11769986],[98.67444146,8.11902511],[98.67518604,8.11658073]],[[98.66021025,8.11630285],[98.66278458,8.11481595],[98.66095376,8.11687541],[98.66021025,8.11630285]],[[98.70768905,8.11461985],[98.70827222,8.11133695],[98.70941973,8.11334157],[98.70768905,8.11461985]],[[98.66205478,8.11835933],[98.66163754,8.11974561],[98.65948212,8.11856723],[98.66205478,8.11835933]],[[98.70668054,8.10838187],[98.7077198,8.10400474],[98.71035862,8.10637391],[98.70668054,8.10838187]],[[98.68773556,8.10801542],[98.68741095,8.10337234],[98.69005895,8.10668707],[98.68773556,8.10801542]],[[98.68990374,8.10326612],[98.69513893,8.10018527],[98.69498205,8.10251045],[98.68990374,8.10326612]],[[98.68096066,8.09901786],[98.6802963,8.09690511],[98.68162894,8.09842455],[98.68096066,8.09901786]],[[98.68321216,8.10560727],[98.68159628,8.10081255],[98.68244135,8.10076034],[98.68321216,8.10560727]],[[98.68632281,8.09023285],[98.68582141,8.08840263],[98.68853402,8.08863175],[98.68632281,8.09023285]],[[98.67539072,8.08331776],[98.67778194,8.07284105],[98.6828531,8.08016217],[98.67539072,8.08331776]],[[98.59860945,8.08216155],[98.52785254,8.11721086],[98.54067671,8.09242022],[98.52453268,8.08886874],[98.55420625,8.02692902],[98.56581652,8.03469026],[98.58777964,8.01279914],[98.58002424,7.98618865],[98.56461728,7.98826492],[98.58237851,7.88784635],[98.58217156,7.91528416],[98.59720612,7.8886193],[98.61409652,7.96287525],[98.59989584,8.01828456],[98.61059916,8.04320645],[98.59275734,8.06367576],[98.59860945,8.08216155]],[[98.74767661,8.05230308],[98.74669755,8.05326724],[98.74684203,8.05238438],[98.74767661,8.05230308]],[[98.67663705,8.04892003],[98.67538548,8.04975176],[98.67712402,8.04801893],[98.67663705,8.04892003]],[[98.62527776,8.03611112],[98.62100625,8.03845477],[98.62472224,8.03527772],[98.62527776,8.03611112]],[[98.83421206,8.00397146],[98.83678734,8.0047791],[98.83691025,8.00509703],[98.83421206,8.00397146]],[[98.80795777,7.96760905],[98.80784798,7.97491825],[98.80254805,7.97000158],[98.80795777,7.96760905]],[[98.8026216,7.95506823],[98.81068575,7.95782614],[98.81066406,7.95847321],[98.8026216,7.95506823]],[[98.77666664,7.94638884],[98.77972221,7.94805551],[98.77944446,7.95027781],[98.77666664,7.94638884]],[[98.99709404,7.93369043],[98.99996197,7.93934298],[98.99430478,7.93970895],[98.99709404,7.93369043]],[[98.96795833,7.92395055],[98.99105775,7.84992576],[99.00045764,7.89886427],[98.98946178,7.92630982],[98.96795833,7.92395055]],[[98.99604535,7.92268455],[99.01255381,7.91015625],[98.9970777,7.92431867],[98.99604535,7.92268455]],[[99.04433882,7.88333547],[99.05456841,7.88260806],[99.05612767,7.89503026],[99.04433882,7.88333547]],[[99.05912066,7.87642956],[99.08064175,7.90478134],[99.06749165,7.92099142],[99.06408274,7.91517854],[99.05912066,7.87642956]],[[99.08343971,7.91015625],[99.08158815,7.91396952],[99.08174956,7.91015625],[99.08343971,7.91015625]],[[99.04660916,7.87969732],[99.04161811,7.87625086],[99.04822862,7.87636781],[99.04660916,7.87969732]],[[99.01173675,7.88430333],[99.00273097,7.86625564],[99.01893127,7.83624601],[99.04032683,7.86056411],[99.01173675,7.88430333]],[[99.04348576,7.86999762],[99.0447582,7.86564803],[99.04934645,7.86882961],[99.04348576,7.86999762]],[[99.04250002,7.85722208],[99.04048646,7.8560971],[99.04083335,7.85583317],[99.04250002,7.85722208]],[[99.0496453,7.85356724],[99.06007028,7.85344207],[99.04944336,7.85378945],[99.0496453,7.85356724]],[[99.04861104,7.85333335],[99.03354204,7.82187891],[99.01812506,7.82777572],[99.0308305,7.79736245],[99.02264786,7.78044844],[99.02694428,7.77388895],[99.04361105,7.77361095],[99.049968,7.76684082],[99.02388895,7.77111113],[99.0246706,7.74679995],[99.04194427,7.70222223],[99.06333315,7.69833326],[99.04982591,7.72321153],[99.06694436,7.69444442],[99.09361112,7.69055545],[99.10888875,7.71055555],[99.10277581,7.74785554],[99.11069357,7.72585726],[99.1158334,7.75188053],[99.09999764,7.76457977],[99.09916413,7.78748024],[99.10166454,7.76451051],[99.11611116,7.75972223],[99.12840331,7.81646895],[99.10166073,7.81924617],[99.09938085,7.84298527],[99.07972205,7.83861113],[99.04861104,7.85333335]],[[99.07535255,7.84382224],[99.06500053,7.85197151],[99.06478906,7.85176885],[99.07535255,7.84382224]],[[99.13374841,7.76992095],[99.12747896,7.75286233],[99.13542616,7.74194086],[99.13374841,7.76992095]],[[99.13689363,7.74332106],[99.1380167,7.74775851],[99.13654363,7.75],[99.13689363,7.74332106]],[[99.1256324,7.74978185],[99.12517631,7.74397397],[99.12940145,7.74115062],[99.1256324,7.74978185]],[[99.12989032,7.73789394],[99.12317347,7.734375],[99.13032103,7.732113],[99.12989032,7.73789394]],[[99.11940336,7.76782894],[99.12056434,7.7635293],[99.12213254,7.76729465],[99.11940336,7.76782894]],[[99.11666656,7.71916664],[99.11569405,7.72228575],[99.11638892,7.71916664],[99.11666656,7.71916664]],[[99.11833596,7.69594312],[99.11731195,7.71052742],[99.1133219,7.71414626],[99.11833596,7.69594312]],[[99.11137962,7.68934715],[99.11414588,7.68820608],[99.11247551,7.69228685],[99.11137962,7.68934715]],[[99.18666661,7.68833327],[99.19333327,7.68805551],[99.19166672,7.69083333],[99.18666661,7.68833327]],[[99.20126545,7.68708158],[99.20335495,7.68787384],[99.20240927,7.69022894],[99.20126545,7.68708158]],[[99.10136902,7.68056512],[99.04013336,7.68490875],[99.03901196,7.65406251],[99.05052054,7.64835906],[99.05636775,7.63452816],[99.06245768,7.65844464],[99.06868327,7.65953994],[99.05855596,7.62198985],[99.06461763,7.62008762],[99.07317555,7.63549411],[99.08241081,7.63628435],[99.06794524,7.60868764],[99.07067347,7.60795486],[99.08390772,7.59570312],[99.08806562,7.59493363],[99.08311164,7.61183846],[99.08514607,7.61409974],[99.09598625,7.61546552],[99.08648467,7.60724413],[99.11642575,7.59858501],[99.11719167,7.58627105],[99.13060975,7.64867866],[99.10136902,7.68056512]],[[99.18493831,7.67444861],[99.18465316,7.67702723],[99.18376696,7.67468417],[99.18493831,7.67444861]],[[99.19260812,7.64842176],[99.19109654,7.65113986],[99.18992615,7.64827621],[99.19260812,7.64842176]],[[99.14513016,7.61552393],[99.1493988,7.62971985],[99.13947451,7.64030993],[99.14513016,7.61552393]],[[99.14770198,7.61036074],[99.15185463,7.61397874],[99.14892852,7.6171875],[99.14770198,7.61036074]],[[99.14206254,7.58635604],[99.14676011,7.59278381],[99.14133942,7.59373498],[99.14206254,7.58635604]],[[99.11186731,7.49045801],[99.05968535,7.61271966],[99.04797614,7.64409447],[99.02025533,7.64887154],[99.03487074,7.56426334],[99.09829307,7.46732032],[99.11186731,7.49045801]],[[99.14222133,7.5595541],[99.14561403,7.56097555],[99.14266145,7.56235075],[99.14222133,7.5595541]],[[99.28774762,7.55791163],[99.28957808,7.55859375],[99.289083,7.56021035],[99.28774762,7.55791163]],[[99.27820694,7.54612517],[99.27934957,7.54904783],[99.27875078,7.54907966],[99.27820694,7.54612517]],[[99.13410187,7.52565551],[99.12643576,7.54167438],[99.11679578,7.54195833],[99.13410187,7.52565551]],[[99.11769903,7.49237645],[99.12001264,7.49938917],[99.11627841,7.49316907],[99.11769903,7.49237645]],[[99.30107248,7.49397767],[99.30502403,7.49261332],[99.30441594,7.49689376],[99.30107248,7.49397767]],[[99.29745877,7.49423075],[99.29968584,7.49487233],[99.29798043,7.49612916],[99.29745877,7.49423075]],[[99.32075095,7.4696089],[99.32130921,7.47100031],[99.31909657,7.47010887],[99.32075095,7.4696089]],[[98.31948936,7.48833334],[98.31237316,7.48136532],[98.30516076,7.46116924],[98.32018375,7.48360682],[98.31948936,7.48833334]],[[98.31959975,7.48892915],[98.33064032,7.50413466],[98.33409727,7.51998568],[98.31959975,7.48892915]],[[98.37726986,7.60172725],[98.36399734,7.61456811],[98.35626304,7.58912122],[98.37726986,7.60172725]],[[98.86575341,7.61197758],[98.86243021,7.61591697],[98.86467278,7.61176634],[98.86575341,7.61197758]],[[99.01833332,7.65104008],[99.01909733,7.64888895],[99.01930571,7.64916635],[99.01833332,7.65104008]],[[99.09477258,7.59401035],[99.10114074,7.60005617],[99.09308577,7.60202503],[99.09477258,7.59401035]],[[99.140625,7.57393956],[99.14295554,7.57431793],[99.140625,7.58007812],[99.140625,7.57393956]],[[98.76474157,7.65645372],[98.76694441,7.65444446],[98.76472223,7.65666664],[98.76474157,7.65645372]],[[98.76895463,7.67568397],[98.76191854,7.67529595],[98.76530576,7.67141545],[98.76895463,7.67568397]],[[98.76213336,7.68157792],[98.76700795,7.68138945],[98.76516545,7.68761194],[98.76213336,7.68157792]],[[98.76556575,7.69422126],[98.76667106,7.68951154],[98.76735032,7.68948245],[98.76556575,7.69422126]],[[99.04411745,7.69010246],[99.04878652,7.69175196],[99.04650104,7.69282865],[99.04411745,7.69010246]],[[98.76534665,7.69869125],[98.76506901,7.6948024],[98.76534665,7.6948024],[98.76534665,7.69869125]],[[98.7694025,7.71737444],[98.77304757,7.73739994],[98.79231525,7.7287029],[98.75625467,7.78736913],[98.77331686,7.74895763],[98.75733078,7.74188054],[98.7694025,7.71737444]],[[98.29829907,7.73728323],[98.29594231,7.73329425],[98.29901421,7.734375],[98.29829907,7.73728323]],[[98.3576225,7.73598576],[98.38048351,7.73790073],[98.38587224,7.74451923],[98.36811626,7.74888384],[98.3576225,7.73598576]],[[98.30306542,7.74798751],[98.30001175,7.74382341],[98.30182505,7.74233651],[98.30306542,7.74798751]],[[98.61438644,7.74423683],[98.61576784,7.74566555],[98.61301756,7.74808943],[98.61438644,7.74423683]],[[98.48088086,7.76069701],[98.47542644,7.76503384],[98.47538626,7.75026894],[98.48088086,7.76069701]],[[98.3325206,7.75234318],[98.33503354,7.76319981],[98.32801354,7.75277507],[98.3325206,7.75234318]],[[98.39250004,7.75611115],[98.39944434,7.76638877],[98.38972223,7.75694442],[98.39250004,7.75611115]],[[98.38932145,7.77990437],[98.37948716,7.79459643],[98.35491467,7.78807867],[98.36243558,7.78015924],[98.38932145,7.77990437]],[[98.98705602,7.78275096],[98.97507715,7.84911513],[98.9394114,7.85339391],[98.93548417,7.83764505],[98.98705602,7.78275096]],[[98.77412295,7.81470645],[98.77377331,7.82056606],[98.77010667,7.81084514],[98.77412295,7.81470645]],[[98.79590595,7.81280756],[98.79522872,7.81942976],[98.79239547,7.81769288],[98.79590595,7.81280756]],[[98.41853213,7.83044755],[98.41716218,7.82406735],[98.41934288,7.82679117],[98.41853213,7.83044755]],[[98.42505944,7.83254886],[98.42207813,7.83343625],[98.42410076,7.83114064],[98.42505944,7.83254886]],[[98.98298156,7.84348345],[98.98454702,7.84877217],[98.98055732,7.84730434],[98.98298156,7.84348345]],[[98.99054956,7.81814623],[98.99509263,7.83271134],[98.99089885,7.84262455],[98.98195124,7.83202255],[98.99054956,7.81814623]],[[99.01548767,7.82937205],[99.01988852,7.83540773],[99.01487756,7.83061802],[99.01548767,7.82937205]],[[98.99038315,7.80488181],[98.99105096,7.80888712],[98.988065,7.80875075],[98.99038315,7.80488181]],[[98.99651182,7.80258894],[98.99327373,7.80173826],[98.99813831,7.7960633],[98.99651182,7.80258894]],[[99.02499986,7.79138875],[99.02666664,7.79361105],[99.02388895,7.79555547],[99.02499986,7.79138875]],[[98.53083944,7.79901445],[98.53001285,7.79612613],[98.53143907,7.79757404],[98.53083944,7.79901445]],[[98.98296332,7.77519691],[98.98285806,7.77762282],[98.98137724,7.77576077],[98.98296332,7.77519691]],[[99.01578307,7.88730812],[99.01598966,7.88515246],[99.01692092,7.88659358],[99.01578307,7.88730812]],[[98.94648242,7.88424385],[98.94912386,7.88377738],[98.94711447,7.88630188],[98.94648242,7.88424385]],[[98.51368892,7.89150023],[98.51642144,7.89106476],[98.51412165,7.89261305],[98.51368892,7.89150023]],[[98.43721831,7.94294083],[98.4167335,7.94295955],[98.41582167,7.92932558],[98.43351102,7.92699563],[98.43721831,7.94294083]],[[98.51574194,7.95790541],[98.51634896,7.95318973],[98.51690245,7.95987892],[98.51574194,7.95790541]],[[98.44502044,7.95513976],[98.44931746,7.96069086],[98.44789171,7.96124184],[98.44502044,7.95513976]],[[98.39711285,7.95862424],[98.39957798,7.96028602],[98.39629126,7.96030545],[98.39711285,7.95862424]],[[98.45139945,7.96558535],[98.45197844,7.96327674],[98.45311213,7.96647584],[98.45139945,7.96558535]],[[98.39959991,7.97499907],[98.39768875,7.97443748],[98.40016186,7.97251225],[98.39959991,7.97499907]],[[98.56750476,7.99776781],[98.56564784,7.99363291],[98.56879866,7.99651015],[98.56750476,7.99776781]],[[98.46204197,8.03078246],[98.45928025,8.02594662],[98.46058476,8.02236044],[98.46204197,8.03078246]],[[98.47236693,8.04575706],[98.45728374,8.05628407],[98.46846688,8.03828788],[98.47236693,8.04575706]],[[98.44968593,8.05586386],[98.44461381,8.06274951],[98.44254017,8.05911624],[98.44968593,8.05586386]],[[98.45713317,8.09389484],[98.45866287,8.0950731],[98.45699406,8.09528112],[98.45713317,8.09389484]],[[98.40319443,8.10782731],[98.40017796,8.10400844],[98.40487051,8.10700464],[98.40319443,8.10782731]],[[98.42263198,8.11540556],[98.42404616,8.1151247],[98.42420995,8.11894548],[98.42263198,8.11540556]],[[98.62790537,8.07843053],[98.62702465,8.08109367],[98.62661624,8.07777631],[98.62790537,8.07843053]],[[98.56179464,8.12214553],[98.55948484,8.12102115],[98.55943012,8.11974347],[98.56179464,8.12214553]],[[98.57681894,8.14779186],[98.57828903,8.14749146],[98.57670844,8.15044224],[98.57681894,8.14779186]],[[98.4232831,7.89891612],[98.42480004,7.90038455],[98.42314911,7.89920807],[98.4232831,7.89891612]],[[98.30053091,7.76705694],[98.30210412,7.76401675],[98.30270863,7.76659811],[98.30053091,7.76705694]],[[98.28720665,7.82109582],[98.28659797,7.81824601],[98.28770053,7.81998837],[98.28720665,7.82109582]],[[99.20017445,7.43395543],[99.19728768,7.40028906],[99.21602833,7.40079987],[99.20017445,7.43395543]],[[99.23405576,7.40334666],[99.22957754,7.40665543],[99.23363996,7.40224087],[99.23405576,7.40334666]],[[98.88837516,7.42455053],[98.89004695,7.42559493],[98.88962245,7.42592406],[98.88837516,7.42455053]],[[98.89472222,7.43111098],[98.89502227,7.4277575],[98.89499986,7.43138886],[98.89472222,7.43111098]],[[99.28474522,7.37280726],[99.30115426,7.35299945],[99.31441545,7.37416625],[99.29047096,7.3911072],[99.28474522,7.37280726]],[[99.24693751,7.38099885],[99.24912334,7.37809145],[99.24719465,7.38122392],[99.24693751,7.38099885]],[[99.25457311,7.29861176],[99.25941801,7.30925202],[99.24712706,7.33290148],[99.25457311,7.29861176]],[[99.38555145,7.28119814],[99.364573,7.22398865],[99.38360894,7.20570922],[99.4119426,7.24190903],[99.45049453,7.25440466],[99.39716494,7.26235843],[99.38555145,7.28119814]],[[99.47527647,7.27046037],[99.47496593,7.27305043],[99.47454143,7.27051616],[99.47527647,7.27046037]],[[99.45322633,7.24282897],[99.45108211,7.2420603],[99.45279324,7.24147356],[99.45322633,7.24282897]],[[99.06582296,7.21008146],[99.05344605,7.20408726],[99.05924666,7.19621253],[99.06582296,7.21008146]],[[99.08151984,7.22144651],[99.07175612,7.22833884],[99.06133246,7.21816194],[99.08151984,7.22144651]],[[99.35933638,7.22234476],[99.35963082,7.22446561],[99.35835326,7.22247303],[99.35933638,7.22234476]],[[99.58082843,7.13177001],[99.58264816,7.13404024],[99.57902777,7.13215256],[99.58082843,7.13177001]],[[99.5552845,7.12642336],[99.56557822,7.09309566],[99.61596715,7.08102751],[99.5552845,7.12642336]],[[99.69593656,7.08724225],[99.70215905,7.09170544],[99.69564974,7.09221542],[99.69593656,7.08724225]],[[99.42721844,7.11194992],[99.42886937,7.10319686],[99.43031454,7.10844803],[99.42721844,7.11194992]],[[99.42256534,7.12216961],[99.42669857,7.11786234],[99.42331195,7.12400913],[99.42256534,7.12216961]],[[99.39214277,7.07363176],[99.39479196,7.07544971],[99.39294505,7.07648134],[99.39214277,7.07363176]],[[99.47087061,7.05026448],[99.47519755,7.02533615],[99.47584796,7.0361309],[99.47087061,7.05026448]],[[99.58305538,6.97666657],[99.57694435,6.97916663],[99.57583332,6.97805548],[99.58305538,6.97666657]],[[99.47547007,6.97475815],[99.47672856,6.97655582],[99.47509134,6.97819495],[99.47547007,6.97475815]],[[99.47361112,6.97333336],[99.47279811,6.97638893],[99.47388875,6.97222221],[99.47361112,6.97333336]],[[99.54444444,6.91222215],[99.54422653,6.91556525],[99.54332447,6.91466224],[99.54444444,6.91222215]],[[99.54507053,6.91161704],[99.54777765,6.90888894],[99.54638875,6.91250002],[99.54507053,6.91161704]],[[99.57027781,6.89250004],[99.56972206,6.89472222],[99.56916654,6.89444435],[99.57027781,6.89250004]],[[99.59298086,6.85148871],[99.59309554,6.8588742],[99.59000003,6.85888875],[99.59298086,6.85148871]],[[99.68944442,6.85027766],[99.67861116,6.83000004],[99.67777765,6.81111097],[99.68361115,6.83055556],[99.69111097,6.81361115],[99.69656456,6.82487404],[99.68944442,6.85027766]],[[99.70138884,6.84416664],[99.70166671,6.85111105],[99.70083332,6.84361112],[99.70138884,6.84416664]],[[99.69924402,6.83810234],[99.69925785,6.83975565],[99.69868875,6.83863032],[99.69924402,6.83810234]],[[99.66555595,6.81541717],[99.66833317,6.81138885],[99.66902673,6.81305552],[99.66555595,6.81541717]],[[99.67395902,6.81215215],[99.67173862,6.81430352],[99.67277765,6.81166661],[99.67395902,6.81215215]],[[99.53388894,6.82249987],[99.5355556,6.83527768],[99.52486277,6.82895756],[99.53388894,6.82249987]],[[99.58527768,6.83361113],[99.58727002,6.82844162],[99.59111095,6.83333325],[99.58527768,6.83361113]],[[99.5072602,6.79886985],[99.50517845,6.79914784],[99.50552547,6.79817533],[99.5072602,6.79886985]],[[99.52845526,6.79394805],[99.52638876,6.79694438],[99.52555561,6.79472208],[99.52845526,6.79394805]],[[99.76666665,6.79083335],[99.7777791,6.78336465],[99.76941991,6.79325771],[99.76666665,6.79083335]],[[99.76348448,6.77806413],[99.76046598,6.78494632],[99.75973237,6.78071451],[99.76348448,6.77806413]],[[99.75419545,6.75891531],[99.75308537,6.76190233],[99.75322425,6.75856805],[99.75419545,6.75891531]],[[99.64760888,6.73988295],[99.61451864,6.66002285],[99.61533272,6.61399615],[99.59613085,6.59771037],[99.65703106,6.50291145],[99.67382145,6.51189578],[99.67671967,6.53956926],[99.69361114,6.52833331],[99.69882476,6.55683064],[99.67891896,6.62586844],[99.68433905,6.68453658],[99.64760888,6.73988295]],[[99.70602214,6.72923708],[99.7052778,6.73527765],[99.70388877,6.73444438],[99.70602214,6.72923708]],[[99.8593024,6.73144925],[99.84759867,6.70352972],[99.86722207,6.70805538],[99.8593024,6.73144925]],[[99.88611114,6.71194434],[99.87365925,6.71792984],[99.87177968,6.71605277],[99.8737365,6.71063244],[99.88611114,6.71194434]],[[99.88836145,6.71775901],[99.88254535,6.71635675],[99.89305532,6.71595287],[99.88836145,6.71775901]],[[99.87471616,6.70610404],[99.88044536,6.70088077],[99.88781488,6.70881856],[99.87471616,6.70610404]],[[99.84083331,6.70249987],[99.83694434,6.69361115],[99.84550476,6.70070386],[99.84083331,6.70249987]],[[99.85639214,6.69558585],[99.86160541,6.69480193],[99.85948801,6.69682622],[99.85639214,6.69558585]],[[99.86138892,6.68694437],[99.86652422,6.67906106],[99.86466217,6.69105065],[99.86138892,6.68694437]],[[99.90584946,6.68443072],[99.90730762,6.68856692],[99.90455437,6.68639135],[99.90584946,6.68443072]],[[99.91445684,6.68726492],[99.91341615,6.68879306],[99.91348565,6.68726492],[99.91445684,6.68726492]],[[99.87161696,6.70303535],[99.87000001,6.70444441],[99.87111115,6.70249987],[99.87161696,6.70303535]],[[99.67222226,6.70777774],[99.67277765,6.70555556],[99.67111111,6.71027768],[99.67222226,6.70777774]],[[99.82068157,6.72045803],[99.8053534,6.71501493],[99.82520854,6.7187556],[99.82068157,6.72045803]],[[99.66138876,6.72916663],[99.65972221,6.73000002],[99.66250002,6.72611105],[99.66138876,6.72916663]],[[99.84416664,6.66972208],[99.84444427,6.67305553],[99.84277773,6.67138875],[99.84416664,6.66972208]],[[99.86252344,6.67129636],[99.84506941,6.65023255],[99.86583805,6.66791344],[99.86252344,6.67129636]],[[99.94835365,6.65046585],[99.95293045,6.65577793],[99.95208454,6.65695345],[99.94835365,6.65046585]],[[99.83334386,6.65014374],[99.83241308,6.65507138],[99.83108544,6.65194166],[99.83334386,6.65014374]],[[99.69166672,6.65361094],[99.69249988,6.65333331],[99.69222224,6.65361094],[99.69166672,6.65361094]],[[99.69083333,6.66833317],[99.69055545,6.66194427],[99.69138885,6.66194427],[99.69083333,6.66833317]],[[99.69315398,6.64177847],[99.69202995,6.64205635],[99.69315398,6.63952792],[99.69315398,6.64177847]],[[99.69083333,6.61944437],[99.68916655,6.61722207],[99.69027781,6.61583316],[99.69083333,6.61944437]],[[99.70111096,6.60916662],[99.70055544,6.60916662],[99.70222223,6.60722208],[99.70111096,6.60916662]],[[99.83749986,6.58500004],[99.83388877,6.58388877],[99.83500004,6.58222222],[99.83749986,6.58500004]],[[99.97416663,6.58305538],[99.97527766,6.58638895],[99.97333336,6.58361113],[99.97416663,6.58305538]],[[99.71951318,6.58380353],[99.72000003,6.58166671],[99.7208333,6.58333325],[99.71951318,6.58380353]],[[99.84653556,6.56624961],[99.85167098,6.56750882],[99.85088265,6.56884158],[99.84653556,6.56624961]],[[99.98130631,6.55755186],[99.98214412,6.56121385],[99.98006475,6.55801106],[99.98130631,6.55755186]],[[99.95728552,6.54922557],[99.95901907,6.55027866],[99.95869064,6.55115783],[99.95728552,6.54922557]],[[99.95563746,6.55100203],[99.95350242,6.54761541],[99.95639265,6.54948545],[99.95563746,6.55100203]],[[99.70589852,6.54928291],[99.70728624,6.54580963],[99.70673096,6.54935241],[99.70589852,6.54928291]],[[99.95495284,6.53804183],[99.95529902,6.54013252],[99.95434678,6.53886557],[99.95495284,6.53804183]],[[99.69500005,6.51861095],[99.68961883,6.52418935],[99.69361114,6.51694441],[99.69500005,6.51861095]],[[99.70583332,6.52333331],[99.69819653,6.51937544],[99.70222223,6.51694441],[99.70583332,6.52333331]],[[99.18230844,6.50322986],[99.18230844,6.50142384],[99.18307161,6.50343835],[99.18230844,6.50322986]],[[99.18055546,6.50611114],[99.17635465,6.5043329],[99.1770215,6.50259054],[99.18055546,6.50611114]],[[99.17333317,6.50861096],[99.17331147,6.5058521],[99.17472208,6.50722206],[99.17333317,6.50861096]],[[99.28442955,6.50870228],[99.32066393,6.51654124],[99.32611096,6.55194438],[99.27694428,6.57777774],[99.28442955,6.50870228]],[[99.17583334,6.51416671],[99.17277765,6.51333332],[99.17307556,6.51124966],[99.17583334,6.51416671]],[[99.26216054,6.51338363],[99.25917625,6.51310563],[99.25910675,6.51261926],[99.26216054,6.51338363]],[[99.18086934,6.52485764],[99.16555548,6.54138875],[99.15805554,6.5419445],[99.1581465,6.52230346],[99.18086934,6.52485764]],[[99.18326461,6.5396353],[99.25762844,6.55597794],[99.25680256,6.57513607],[99.19361114,6.57888877],[99.18238747,6.54704797],[99.16444445,6.55222225],[99.18326461,6.5396353]],[[99.45777774,6.57916665],[99.45166671,6.58500004],[99.45666671,6.57694435],[99.45777774,6.57916665]],[[99.45636487,6.57468462],[99.44373906,6.55804515],[99.44444442,6.55527782],[99.45636487,6.57468462]],[[99.46745825,6.56835234],[99.4662466,6.5697422],[99.46660113,6.56785226],[99.46745825,6.56835234]],[[99.34849584,6.56286085],[99.34084725,6.56740725],[99.34612823,6.55682611],[99.34849584,6.56286085]],[[99.26150465,6.54031754],[99.26128435,6.54496813],[99.25519002,6.54252136],[99.26150465,6.54031754]],[[99.26986551,6.52332366],[99.27153075,6.52443504],[99.27069807,6.52506042],[99.26986551,6.52332366]],[[99.1799345,6.49852264],[99.17861605,6.49893951],[99.17903244,6.49831414],[99.1799345,6.49852264]],[[99.17863095,6.49336576],[99.17883921,6.49593604],[99.17759025,6.49301851],[99.17863095,6.49336576]],[[99.28388894,6.48194444],[99.30890846,6.47945821],[99.30964208,6.49228156],[99.30141056,6.49381268],[99.28388894,6.48194444]],[[99.33386827,6.48661423],[99.33463144,6.48855925],[99.33185625,6.48835075],[99.33386827,6.48661423]],[[99.95222223,6.66250002],[99.94888878,6.66222215],[99.94861114,6.65972221],[99.95222223,6.66250002]],[[99.70249701,7.12850571],[99.69697261,7.1254338],[99.69798982,7.12267518],[99.70249701,7.12850571]],[[99.64947104,7.15285552],[99.65144563,7.1476984],[99.65082622,7.15541291],[99.64947104,7.15285552]],[[99.60010111,7.18847644],[99.60603225,7.17680264],[99.59831655,7.15614605],[99.62283444,7.17657947],[99.60010111,7.18847644]],[[99.53678167,7.29595745],[99.54773426,7.29464281],[99.55167007,7.30453575],[99.54935241,7.30535865],[99.53678167,7.29595745]],[[99.58317888,7.35575104],[99.57873464,7.35019553],[99.57929015,7.34991765],[99.58317888,7.35575104]],[[99.57612824,7.36355162],[99.57988262,7.36272585],[99.58044314,7.36566031],[99.57612824,7.36355162]],[[99.58362925,7.36317265],[99.58508182,7.36744237],[99.58251822,7.36499333],[99.58362925,7.36317265]],[[99.50290442,7.33656883],[99.50210154,7.32177711],[99.50533652,7.31263363],[99.51095676,7.32369387],[99.50290442,7.33656883]],[[99.49428666,7.33714771],[99.49627757,7.38250852],[99.4921875,7.37388384],[99.48620415,7.37199545],[99.49428666,7.33714771]],[[99.49008965,7.37898946],[99.48486984,7.37486923],[99.49084616,7.37573743],[99.49008965,7.37898946]],[[99.50190961,7.37603795],[99.50818896,7.38857424],[99.50610685,7.40560484],[99.50190961,7.37603795]],[[99.50739372,7.35821235],[99.50662744,7.3651818],[99.50597143,7.35682285],[99.50739372,7.35821235]],[[99.51158035,7.42804551],[99.50900352,7.41974413],[99.50997806,7.41884542],[99.51158035,7.42804551]],[[99.41000485,7.31456041],[99.40686154,7.31265414],[99.40966427,7.31178737],[99.41000485,7.31456041]],[[99.23141623,7.70363021],[99.22911251,7.70371115],[99.23208535,7.70239663],[99.23141623,7.70363021]],[[99.09162545,7.92818475],[99.09327877,7.92904305],[99.09362626,7.93049264],[99.09162545,7.92818475]],[[99.06908524,7.94258678],[99.07278204,7.93357515],[99.07713544,7.94953561],[99.06908524,7.94258678]],[[99.08344746,7.94541574],[99.08260405,7.94835424],[99.08263338,7.94541848],[99.08344746,7.94541574]],[[99.08576655,7.94656074],[99.09335053,7.95050251],[99.09693515,7.95377433],[99.08576655,7.94656074]],[[99.09273541,7.94683623],[99.10155284,7.95317197],[99.10026407,7.95653021],[99.09273541,7.94683623]],[[98.90688956,8.03158617],[98.90584636,8.02881372],[98.9076544,8.03033864],[98.90688956,8.03158617]],[[98.91653144,8.04575884],[98.91913188,8.04390085],[98.91961181,8.04795206],[98.91653144,8.04575884]],[[98.78138876,8.03361106],[98.78231287,8.03114522],[98.78222215,8.03361106],[98.78138876,8.03361106]],[[98.78201783,8.03861916],[98.78296661,8.03651094],[98.78222644,8.03866077],[98.78201783,8.03861916]],[[98.47742081,8.23127794],[98.47570348,8.22949123],[98.47681725,8.22785306],[98.47742081,8.23127794]],[[98.50795686,8.22811687],[98.5037868,8.24093926],[98.50001323,8.23697031],[98.50795686,8.22811687]],[[98.47631276,8.23618674],[98.47762644,8.23334718],[98.47741854,8.23747587],[98.47631276,8.23618674]],[[98.64187944,8.23173821],[98.64412796,8.23566222],[98.64080191,8.24151874],[98.6435672,8.24401116],[98.63683212,8.24896502],[98.64187944,8.23173821]],[[98.49199486,8.24315011],[98.49467361,8.2421422],[98.49168205,8.24608207],[98.49199486,8.24315011]],[[98.46449995,8.24237394],[98.4720366,8.25344217],[98.46628022,8.24732161],[98.46449995,8.24237394]],[[98.64013565,8.25652671],[98.62845814,8.26570714],[98.61967206,8.28919005],[98.62413931,8.26120031],[98.64013565,8.25652671]],[[98.51094871,8.25461512],[98.51233315,8.25599957],[98.51098597,8.25697255],[98.51094871,8.25461512]],[[98.51094425,8.25461066],[98.51094425,8.25433302],[98.51094871,8.25461512],[98.51094425,8.25461066]],[[98.47202635,8.25625122],[98.47280276,8.25676966],[98.4721173,8.25843406],[98.47202635,8.25625122]],[[98.50544417,8.26171875],[98.50476944,8.25917423],[98.50531876,8.25923586],[98.50544417,8.26171875]],[[98.49452543,8.26308417],[98.49247575,8.26171875],[98.49471438,8.26283443],[98.49452543,8.26308417]],[[98.48820365,8.27016985],[98.48731065,8.26614141],[98.49209166,8.26667511],[98.48820365,8.27016985]],[[98.48449886,8.27185225],[98.47943294,8.27233946],[98.48228145,8.26722324],[98.48449886,8.27185225]],[[98.47277665,8.27527463],[98.47416663,8.27361095],[98.47411895,8.27588785],[98.47277665,8.27527463]],[[98.45774591,8.276124],[98.45717931,8.27800918],[98.45579004,8.27781606],[98.45774591,8.276124]],[[98.48531771,8.28718424],[98.50051355,8.28459334],[98.49097395,8.30567217],[98.48531771,8.28718424]],[[98.46587133,8.29460335],[98.46614063,8.29201651],[98.46782064,8.29227436],[98.46587133,8.29460335]],[[98.47986925,8.29574347],[98.48103905,8.29494655],[98.47885585,8.29908967],[98.47986925,8.29574347]],[[98.46321142,8.29555285],[98.45622468,8.31534183],[98.44208705,8.31259012],[98.46321142,8.29555285]],[[98.44906843,8.31424665],[98.44980514,8.31894624],[98.44358194,8.31570315],[98.44906843,8.31424665]],[[98.49643123,8.31856084],[98.47613645,8.33927131],[98.46167481,8.37478042],[98.46819091,8.34709013],[98.46335113,8.33497941],[98.49643123,8.31856084]],[[98.48725724,8.33213222],[98.48925507,8.34253788],[98.47839403,8.34507895],[98.48725724,8.33213222]],[[98.50177884,8.33466291],[98.50457311,8.33362591],[98.50358355,8.33869982],[98.50177884,8.33466291]],[[98.49056625,8.30942285],[98.49171984,8.31354094],[98.48799336,8.31264031],[98.49056625,8.30942285]],[[98.47969258,8.3000437],[98.4779551,8.30545998],[98.47944236,8.2999202],[98.47969258,8.3000437]],[[98.49593878,8.30506146],[98.500301,8.30321896],[98.49883068,8.30728853],[98.49593878,8.30506146]],[[98.46958995,8.30510664],[98.47110152,8.30388725],[98.46989155,8.30534291],[98.46958995,8.30510664]],[[98.61846972,8.29088378],[98.61655295,8.29369795],[98.61657846,8.29147506],[98.61846972,8.29088378]],[[98.57408452,8.28085136],[98.59505618,8.28467131],[98.59928846,8.28767943],[98.58779514,8.29350805],[98.57408452,8.28085136]],[[98.46148038,8.28391874],[98.46682036,8.28808594],[98.46217,8.29132283],[98.46148038,8.28391874]],[[98.50005746,8.27309537],[98.50050545,8.27560985],[98.49830627,8.27341211],[98.50005746,8.27309537]],[[98.63122821,8.28050566],[98.62928104,8.28185046],[98.63149226,8.28018677],[98.63122821,8.28050566]],[[98.49335885,8.24971545],[98.49553704,8.24641836],[98.49326694,8.25257444],[98.49335885,8.24971545]],[[98.47762895,8.24724174],[98.47873223,8.24529195],[98.47780621,8.24830127],[98.47762895,8.24724174]],[[98.61272156,8.24597597],[98.61172891,8.24459696],[98.61420071,8.2422955],[98.61272156,8.24597597]],[[98.70660591,8.24186647],[98.70412683,8.24699271],[98.70634437,8.24157715],[98.70660591,8.24186647]],[[98.70902705,8.23633754],[98.70864975,8.23841405],[98.70691681,8.23688257],[98.70902705,8.23633754]],[[98.63391948,8.23100746],[98.63564193,8.22963095],[98.63433051,8.23227692],[98.63391948,8.23100746]],[[98.61241317,8.23530173],[98.61296952,8.23412335],[98.61352575,8.23571765],[98.61241317,8.23530173]],[[98.70290565,8.29846525],[98.69677734,8.29000175],[98.69646883,8.28772473],[98.70290565,8.29846525]],[[98.69532192,8.29910707],[98.69383097,8.29210246],[98.69754553,8.29840565],[98.69532192,8.29910707]],[[98.69676697,8.30156696],[98.7004348,8.30085683],[98.70064163,8.30349135],[98.69676697,8.30156696]],[[98.55086172,8.34511697],[98.55191875,8.34729636],[98.55016446,8.34854054],[98.55086172,8.34511697]],[[98.61678457,8.35207498],[98.61844707,8.34939623],[98.61694634,8.35239947],[98.61678457,8.35207498]],[[98.61376655,8.35414624],[98.61140764,8.35295475],[98.61303604,8.35174048],[98.61376655,8.35414624]],[[98.57694435,8.35916662],[98.57728577,8.35609436],[98.57847488,8.35646868],[98.57694435,8.35916662]],[[98.60910535,8.38412833],[98.59476566,8.3794229],[98.60678005,8.36571205],[98.60910535,8.38412833]],[[98.65004826,8.37179136],[98.64980948,8.37515891],[98.64670467,8.37437475],[98.65004826,8.37179136]],[[98.65700626,8.38345575],[98.65741324,8.38104904],[98.65731561,8.38324511],[98.65700626,8.38345575]],[[98.66245842,8.38666725],[98.66078591,8.38685822],[98.66121674,8.38376045],[98.66245842,8.38666725]],[[98.65410936,8.39712417],[98.6563462,8.39589035],[98.65410936,8.39747775],[98.65410936,8.39712417]],[[98.54726613,8.35084248],[98.54802811,8.35738122],[98.54396248,8.35878944],[98.54726613,8.35084248]],[[98.49421442,8.37083793],[98.49630606,8.37084734],[98.49526012,8.37454402],[98.49421442,8.37083793]],[[98.40758586,8.16065967],[98.41374564,8.15228856],[98.40973008,8.16238844],[98.40758586,8.16065967]],[[98.40871215,8.16388166],[98.40956032,8.16391861],[98.40945184,8.16756511],[98.40871215,8.16388166]],[[98.33449352,8.20687425],[98.33178926,8.20638168],[98.33515811,8.20645583],[98.33449352,8.20687425]],[[98.25520456,8.50788665],[98.25318587,8.50825095],[98.25548315,8.50602984],[98.25520456,8.50788665]],[[98.36461616,8.94131863],[98.36513007,8.94537795],[98.36311364,8.94003606],[98.36461616,8.94131863]],[[98.37674296,9.02195156],[98.37585938,9.01814544],[98.37837946,9.02004051],[98.37674296,9.02195156]],[[98.37933195,9.06470394],[98.37849641,9.06384563],[98.38046002,9.06381786],[98.37933195,9.06470394]],[[98.39368367,9.09073961],[98.39194262,9.09079063],[98.39423847,9.09018195],[98.39368367,9.09073961]],[[98.33582366,9.20935905],[98.33532417,9.21579015],[98.33523011,9.20901215],[98.33582366,9.20935905]],[[98.34431982,9.18490458],[98.34146965,9.18480015],[98.34398055,9.18218684],[98.34431982,9.18490458]],[[98.37713516,9.19653273],[98.3730216,9.20789385],[98.36948836,9.20749617],[98.37713516,9.19653273]],[[98.37190557,9.1995877],[98.37686348,9.19373906],[98.37214577,9.19983304],[98.37190557,9.1995877]],[[98.51109481,9.55600238],[98.51226282,9.55569315],[98.51416874,9.55714953],[98.51109481,9.55600238]],[[98.47857678,9.54332375],[98.48607671,9.54358661],[98.48214245,9.55193424],[98.47857678,9.54332375]],[[98.46648848,9.49001503],[98.46743631,9.49171054],[98.46567047,9.49015522],[98.46648848,9.49001503]],[[98.47459483,9.45473707],[98.47537661,9.45615184],[98.47530544,9.45687282],[98.47459483,9.45473707]],[[98.49913764,9.62260342],[98.49835086,9.62403786],[98.49761271,9.62088621],[98.49913764,9.62260342]],[[98.49825776,9.61571825],[98.50231874,9.60858762],[98.50398505,9.61224985],[98.50759351,9.6150701],[98.49825776,9.61571825]],[[98.50469327,9.61190867],[98.50631166,9.61240995],[98.50664604,9.61328232],[98.50469327,9.61190867]],[[98.5205034,9.61675835],[98.52104986,9.61782408],[98.52021432,9.61871421],[98.5205034,9.61675835]],[[98.52555394,9.60475421],[98.52474904,9.60466754],[98.52533138,9.60437906],[98.52555394,9.60475421]],[[98.52704477,9.64792228],[98.52760804,9.65014875],[98.52740026,9.65071785],[98.52704477,9.64792228]],[[98.53470194,9.65629792],[98.53410161,9.65775573],[98.53232145,9.65723372],[98.53470194,9.65629792]],[[98.56844211,9.82675171],[98.56977045,9.82769012],[98.56993246,9.82921481],[98.56844211,9.82675171]],[[98.57056665,9.82799864],[98.57504964,9.83137417],[98.57439375,9.83694756],[98.57056665,9.82799864]],[[98.5710994,9.87567866],[98.57241416,9.87516022],[98.57165694,9.87682176],[98.5710994,9.87567866]]],[[[99.99949098,8.58808804],[99.98188615,8.58398855],[99.96390414,8.59227681],[99.9521265,8.63271058],[99.91628242,8.86821175],[99.91505694,8.98953295],[99.92878914,9.00631487],[99.91486037,9.01508236],[99.90927517,9.09832644],[99.87492895,9.14110756],[99.87989211,9.21582556],[99.86980784,9.23759174],[99.85876834,9.22193384],[99.86378217,9.24771726],[99.84807205,9.25455165],[99.82953966,9.31035805],[99.81703901,9.29751527],[99.80067194,9.31920195],[99.77957773,9.30986285],[99.74453998,9.32976246],[99.72381878,9.31253195],[99.68122232,9.33755708],[99.69082713,9.29894722],[99.66953266,9.28307724],[99.68847454,9.29781282],[99.68218386,9.31308353],[99.64214778,9.30215681],[99.60957098,9.26814306],[99.52963436,9.28496182],[99.49233115,9.21421862],[99.46241331,9.19845271],[99.41319895,9.20591521],[99.37454236,9.18636525],[99.38901913,9.16784477],[99.39223266,9.13825464],[99.38756716,9.13300431],[99.38347077,9.13476086],[99.38484561,9.14137018],[99.38055778,9.140625],[99.37716663,9.14327562],[99.38566256,9.14292645],[99.38498485,9.13444185],[99.39166033,9.13881135],[99.38829005,9.16736841],[99.37068582,9.18490863],[99.35044324,9.16793633],[99.33544862,9.16639805],[99.32536674,9.14964116],[99.32206643,9.14809215],[99.32043672,9.15448582],[99.32880926,9.17421114],[99.31841493,9.18956077],[99.31896853,9.19807482],[99.33404493,9.21908045],[99.31449533,9.22143436],[99.3200922,9.23121607],[99.29777574,9.19645166],[99.29725456,9.20780075],[99.27619362,9.19590914],[99.26641154,9.19590557],[99.26355875,9.18875563],[99.26212382,9.18747008],[99.25918806,9.18809247],[99.26432884,9.19559085],[99.29707575,9.20974326],[99.30924904,9.24307311],[99.26692081,9.21938384],[99.23759341,9.23791218],[99.22270763,9.25746715],[99.21673715,9.33158207],[99.26305795,9.36139917],[99.26258802,9.36902964],[99.27528977,9.39858675],[99.27013874,9.37451351],[99.294348,9.40381265],[99.31365776,9.38962054],[99.24230397,9.48405445],[99.20942855,9.60145175],[99.16186666,9.67800808],[99.13816035,9.81995034],[99.16576815,9.85733283],[99.15085328,9.98861671],[99.16116154,10.01168954],[99.17904234,10.01186275],[99.18254387,10.04157937],[99.15735853,10.06053591],[99.15268946,10.09115303],[99.13274205,10.08971632],[99.14996052,10.09439635],[99.14927387,10.12733281],[99.19456971,10.21449327],[99.21349466,10.20969236],[99.24751103,10.23227811],[99.22098362,10.22687054],[99.20596981,10.27146232],[99.16298747,10.27928746],[99.14706933,10.34485865],[99.16428983,10.36533415],[99.19273198,10.37218046],[99.23873425,10.3438102],[99.25502455,10.36297274],[99.28374708,10.36202586],[99.28423083,10.41016567],[99.22777951,10.47431004],[99.23310423,10.49515212],[99.25923467,10.49946666],[99.26766837,10.51495016],[99.24294102,10.50901484],[99.23923504,10.53645086],[99.27457571,10.54287565],[99.28157103,10.60204113],[99.32160866,10.6716125],[99.36990035,10.67525375],[99.35988593,10.69208372],[99.41292536,10.76209855],[99.44161904,10.87103975],[99.48166645,10.88779855],[99.5005331,10.86190891],[99.51974154,10.89577997],[99.49111867,10.93810153],[99.50153625,11.04187441],[99.49303997,11.08579803],[99.48177207,11.08445585],[99.48856103,11.1448487],[99.52218223,11.20218205],[99.56791723,11.21028066],[99.56595516,11.18364573],[99.58377552,11.20039153],[99.55024075,11.27115405],[99.5599519,11.33573747],[99.72438145,11.68707335],[99.79168546,11.74526203],[99.81109631,11.737589],[99.7956326,11.76986587],[99.81799054,11.78529775],[99.80177557,11.79804945],[99.79891956,11.81746006],[99.81748641,11.83897245],[99.83325875,11.83054006],[99.81210065,11.88350987],[99.84530222,11.96701467],[99.94230783,12.08116281],[99.96204782,12.08580017],[99.96904755,12.13515341],[100.0,12.164439991841673],[100.0,9.79035259570382],[99.9818145,9.79882276],[99.9598273,9.76713002],[99.98254633,9.71063066],[100.0,9.70598097317685],[100.0,9.570700376482797],[99.98107433,9.58786106],[99.91220915,9.56954324],[99.93366087,9.53862011],[99.93403804,9.50100374],[99.91821396,9.49178958],[99.93417323,9.45666802],[99.92873776,9.41706145],[99.96542907,9.40878451],[100.0,9.424101528092809],[99.99949098,8.58808804]],[[99.81622183,11.79263628],[99.81684721,11.78934026],[99.81717992,11.78948915],[99.81622183,11.79263628]],[[99.81325495,11.79304194],[99.81658757,11.79752457],[99.81508875,11.79939127],[99.81325495,11.79304194]],[[99.82168436,11.79312074],[99.82448375,11.79655421],[99.82188153,11.79595041],[99.82168436,11.79312074]],[[99.80788386,11.76545966],[99.81126726,11.76624274],[99.80927706,11.76880264],[99.80788386,11.76545966]],[[99.83022451,11.75756764],[99.83052111,11.76357543],[99.82842255,11.76356947],[99.83022451,11.75756764]],[[99.77342153,11.62606657],[99.77429545,11.62167704],[99.77512455,11.62542248],[99.77342153,11.62606657]],[[99.78954864,11.70921636],[99.7876991,11.71001422],[99.78829885,11.70784032],[99.78954864,11.70921636]],[[99.60405755,11.40023053],[99.60786271,11.40420985],[99.60597003,11.40545011],[99.60405755,11.40023053]],[[99.5794121,11.21642137],[99.57961225,11.21907115],[99.57823455,11.21891105],[99.5794121,11.21642137]],[[99.48570764,11.08572686],[99.48710453,11.08758986],[99.48445046,11.08572686],[99.48570764,11.08572686]],[[99.55935133,11.06964135],[99.56341922,11.08563542],[99.54454875,11.06747866],[99.55935133,11.06964135]],[[99.48888874,10.86555552],[99.48916662,10.86277783],[99.49027765,10.86472225],[99.48888874,10.86555552]],[[99.48666656,10.86166656],[99.47138894,10.83527768],[99.49388885,10.85805547],[99.48666656,10.86166656]],[[99.49173296,10.81972551],[99.4921875,10.82361114],[99.49027765,10.82277775],[99.49173296,10.81972551]],[[99.40750003,10.70027781],[99.41166663,10.70388877],[99.40944445,10.70416665],[99.40750003,10.70027781]],[[99.375,10.55499995],[99.38166654,10.55888891],[99.38111115,10.56083333],[99.375,10.55499995]],[[99.42138875,10.49444437],[99.42166662,10.49888885],[99.41881788,10.49145544],[99.42138875,10.49444437]],[[99.41777766,10.48416662],[99.41861105,10.48722208],[99.41805553,10.48777783],[99.41777766,10.48416662]],[[99.29861105,10.4530555],[99.29166663,10.43444443],[99.30333316,10.43972206],[99.29861105,10.4530555]],[[99.25527775,10.44944441],[99.25250006,10.44749987],[99.25361097,10.44611096],[99.25527775,10.44944441]],[[99.31611097,10.42388892],[99.31611097,10.42638874],[99.31305552,10.42361104],[99.31611097,10.42388892]],[[99.34399092,10.39625347],[99.35194445,10.39583325],[99.35861111,10.40916657],[99.34399092,10.39625347]],[[99.29527783,10.39166665],[99.29305553,10.38777781],[99.29388893,10.38722205],[99.29527783,10.39166665]],[[99.32194436,10.37249994],[99.32472205,10.37777782],[99.32388878,10.37944436],[99.32166672,10.37722206],[99.32194436,10.37249994]],[[99.30777764,10.36111104],[99.31174135,10.36428785],[99.31138885,10.36583316],[99.30777764,10.36111104]],[[99.29388893,10.34777772],[99.29666662,10.34888875],[99.29527783,10.35000002],[99.29388893,10.34777772]],[[99.16277766,10.36111104],[99.1669445,10.35972226],[99.16416657,10.36277783],[99.16277766,10.36111104]],[[99.28444445,10.32611096],[99.27944446,10.32305551],[99.28083324,10.32000005],[99.28444445,10.32611096]],[[99.29888892,10.3188889],[99.30227065,10.31982195],[99.29972208,10.32111096],[99.29888892,10.3188889]],[[99.24805546,10.29361105],[99.24833333,10.29666662],[99.24555552,10.29638875],[99.24805546,10.29361105]],[[99.23361111,10.26888883],[99.23500001,10.27388895],[99.23277783,10.26972222],[99.23361111,10.26888883]],[[99.25499988,10.25888884],[99.26126647,10.25433254],[99.25972223,10.25944436],[99.25499988,10.25888884]],[[99.22500002,10.25],[99.22527766,10.24722207],[99.22583318,10.24944437],[99.22500002,10.25]],[[99.24944437,10.24555552],[99.24861097,10.24777782],[99.24840295,10.24611115],[99.24944437,10.24555552]],[[99.22611105,10.25666654],[99.2272222,10.25361097],[99.22805548,10.25722206],[99.22611105,10.25666654]],[[99.24361098,10.22055554],[99.24388886,10.22277772],[99.24194443,10.22222221],[99.24361098,10.22055554]],[[99.24944437,10.20583332],[99.24916661,10.20916665],[99.24805546,10.20916665],[99.24944437,10.20583332]],[[99.24888885,10.19861114],[99.24944437,10.20249987],[99.24722207,10.20138884],[99.24888885,10.19861114]],[[99.21916664,10.15333331],[99.21694446,10.15583324],[99.21749985,10.15194428],[99.21916664,10.15333331]],[[99.20555556,10.14777768],[99.20416665,10.15138876],[99.2030555,10.15111113],[99.20555556,10.14777768]],[[99.17636704,10.14108551],[99.18055081,10.14585483],[99.17720366,10.14682245],[99.17636704,10.14108551]],[[99.83638895,10.12222207],[99.81916654,10.11472225],[99.81527781,10.07111096],[99.82777774,10.05777764],[99.85611105,10.09000003],[99.83638895,10.12222207]],[[99.18527782,10.07249987],[99.18638885,10.06972206],[99.18666661,10.07194436],[99.18527782,10.07249987]],[[99.81361115,10.11638892],[99.81361115,10.1136111],[99.81555545,10.11444438],[99.81361115,10.11638892]],[[99.81413484,10.11790371],[99.81636608,10.11804187],[99.81629646,10.118595],[99.81413484,10.11790371]],[[99.81555545,10.12027764],[99.80972207,10.12249994],[99.81222224,10.11777782],[99.81555545,10.12027764]],[[99.18833327,10.04750001],[99.18694437,10.0575],[99.18444443,10.05027783],[99.18833327,10.04750001]],[[99.68869865,9.66456842],[99.67849433,9.65384567],[99.68126535,9.65139925],[99.68869865,9.66456842]],[[99.67533147,9.64718604],[99.66795886,9.65706873],[99.66366494,9.66110015],[99.66204977,9.6499058],[99.67533147,9.64718604]],[[99.65899611,9.66074491],[99.65959513,9.66265786],[99.65779865,9.66142154],[99.65899611,9.66074491]],[[99.67496884,9.66242707],[99.67678356,9.6643424],[99.67575562,9.66536951],[99.67496884,9.66242707]],[[99.66249251,9.66605496],[99.66530573,9.67058814],[99.66255415,9.67021346],[99.66249251,9.66605496]],[[99.67738771,9.66975236],[99.67687082,9.67219663],[99.67637014,9.67027712],[99.67738771,9.66975236]],[[99.66815424,9.67515743],[99.66906405,9.6721338],[99.66963255,9.67414534],[99.66815424,9.67515743]],[[99.66352522,9.67506826],[99.66386724,9.67863333],[99.66236997,9.67592371],[99.66352522,9.67506826]],[[99.67929816,9.67738354],[99.68696785,9.68004966],[99.68271482,9.68401253],[99.67929816,9.67738354]],[[99.67751944,9.68204462],[99.67695236,9.68017781],[99.67776751,9.68186271],[99.67751944,9.68204462]],[[99.66574037,9.68092811],[99.66707826,9.68167937],[99.66620731,9.68286407],[99.66574037,9.68092811]],[[99.67781115,9.67730916],[99.67562544,9.67511404],[99.67842555,9.67487836],[99.67781115,9.67730916]],[[99.67943645,9.67082524],[99.68145692,9.67192745],[99.67959464,9.67353988],[99.67943645,9.67082524]],[[99.67368138,9.68699765],[99.67496157,9.68612754],[99.67378592,9.68846154],[99.67368138,9.68699765]],[[99.67377663,9.69200015],[99.67541206,9.70627856],[99.67637706,9.71123338],[99.67054796,9.69517386],[99.67377663,9.69200015]],[[99.66363835,9.70398724],[99.66397047,9.70144522],[99.66508973,9.70301425],[99.66363835,9.70398724]],[[99.97162044,9.70545077],[99.97444725,9.70991635],[99.9727143,9.71126175],[99.97162044,9.70545077]],[[99.95023727,9.70374954],[99.94296062,9.70468485],[99.94518316,9.70210421],[99.95023727,9.70374954]],[[99.67995965,9.69839036],[99.67980707,9.70004058],[99.67888892,9.69833326],[99.67995965,9.69839036]],[[99.93100417,9.74067462],[99.93200111,9.73982382],[99.93316913,9.74205732],[99.93100417,9.74067462]],[[99.66864097,9.76968765],[99.66665733,9.76893282],[99.66767645,9.76825094],[99.66864097,9.76968765]],[[99.67247236,9.77109575],[99.67069483,9.77138746],[99.67041182,9.76895225],[99.67247236,9.77109575]],[[99.67321312,9.77740622],[99.67282057,9.77465212],[99.67409515,9.77580166],[99.67321312,9.77740622]],[[99.67436743,9.7853682],[99.67314267,9.78482866],[99.67177951,9.77852345],[99.67436743,9.7853682]],[[99.98072088,9.79999352],[99.97765255,9.79934597],[99.98029804,9.7982527],[99.98072088,9.79999352]],[[99.71264482,9.80022955],[99.71423805,9.79930305],[99.71311474,9.80087447],[99.71264482,9.80022955]],[[99.67289805,9.63884485],[99.67503822,9.64196074],[99.67288363,9.64287674],[99.67289805,9.63884485]],[[99.6641047,9.64020336],[99.66797793,9.61357105],[99.67868984,9.60735524],[99.68159533,9.63123357],[99.6641047,9.64020336]],[[99.70949483,9.61022186],[99.71414638,9.61274672],[99.71138477,9.62002075],[99.70949483,9.61022186]],[[99.71405578,9.60242236],[99.71730936,9.60284853],[99.71640813,9.60419798],[99.71405578,9.60242236]],[[99.67486405,9.4253062],[99.67104781,9.43346703],[99.66756403,9.42655981],[99.67486405,9.4253062]],[[99.89702165,9.42695975],[99.89611042,9.42861021],[99.89631784,9.42623842],[99.89702165,9.42695975]],[[99.89256847,9.43549716],[99.89311242,9.43402755],[99.89365006,9.43572235],[99.89256847,9.43549716]],[[99.89220357,9.43799055],[99.89267707,9.4363569],[99.89316463,9.43757522],[99.89220357,9.43799055]],[[99.89969361,9.43834722],[99.900527,9.43973601],[99.89913797,9.44001377],[99.89969361,9.43834722]],[[99.65349746,9.44345462],[99.65076232,9.44898474],[99.65228164,9.44255316],[99.65349746,9.44345462]],[[99.90083754,9.44326532],[99.89969563,9.44398522],[99.90040576,9.44268382],[99.90083754,9.44326532]],[[99.67419112,9.47321415],[99.67815328,9.46194911],[99.68224812,9.46789575],[99.67419112,9.47321415]],[[99.69585025,9.48317897],[99.69769013,9.48035312],[99.69890034,9.48094916],[99.69585025,9.48317897]],[[99.70072854,9.51324737],[99.70573986,9.54860938],[99.68766904,9.55304718],[99.66218305,9.52987885],[99.66169953,9.51427496],[99.70072854,9.51324737]],[[99.67224026,9.54238355],[99.67368412,9.54152596],[99.67409575,9.54345167],[99.67224026,9.54238355]],[[99.66530824,9.54528773],[99.66191876,9.55470455],[99.6590836,9.54471242],[99.66530824,9.54528773]],[[99.68397415,9.55421054],[99.68516171,9.55667365],[99.6829226,9.55724692],[99.68397415,9.55421054]],[[99.71141827,9.51992154],[99.71094584,9.52324414],[99.71045876,9.51987612],[99.71141827,9.51992154]],[[99.70583332,9.50805545],[99.70318007,9.51129115],[99.70249987,9.51027775],[99.70583332,9.50805545]],[[99.72156,9.5945605],[99.72113454,9.59086931],[99.72276056,9.59271288],[99.72156,9.5945605]],[[99.66652226,9.37763655],[99.67684507,9.39102316],[99.67197263,9.40579724],[99.66315842,9.39471304],[99.66652226,9.37763655]],[[99.95038438,9.39519572],[99.92860484,9.35869765],[99.95752466,9.36075437],[99.95038438,9.39519572]],[[99.97791016,9.37679827],[99.97726035,9.36736631],[99.98136783,9.37903476],[99.97791016,9.37679827]],[[99.68253624,9.35027528],[99.68231237,9.35430777],[99.67964876,9.35304523],[99.68253624,9.35027528]],[[99.71904254,9.34923077],[99.72118795,9.35013068],[99.71902275,9.3503077],[99.71904254,9.34923077]],[[99.92087865,9.34358418],[99.92139113,9.34527767],[99.91916656,9.34361112],[99.92087865,9.34358418]],[[99.29507124,9.33838356],[99.29355645,9.33932924],[99.29464746,9.33826363],[99.29507124,9.33838356]],[[99.66050112,9.30956054],[99.65958345,9.31085265],[99.65876186,9.31009531],[99.66050112,9.30956054]],[[99.43212736,9.26241612],[99.43273532,9.26818395],[99.43090761,9.26242316],[99.43212736,9.26241612]],[[99.31908965,9.24640203],[99.31159592,9.23637164],[99.32077181,9.24473608],[99.31908965,9.24640203]],[[99.31487715,9.23795736],[99.32354152,9.23401976],[99.32141364,9.24290204],[99.31487715,9.23795736]],[[99.33351564,9.22368514],[99.34093535,9.22171128],[99.33605683,9.22725093],[99.33351564,9.22368514]],[[99.33156121,9.21075261],[99.32638586,9.18332636],[99.33072174,9.19108713],[99.34285271,9.19422591],[99.36057854,9.21640182],[99.33156121,9.21075261]],[[99.32988083,9.16978943],[99.32276833,9.14905345],[99.33439791,9.16820812],[99.37829697,9.1932199],[99.3612051,9.19762075],[99.36309195,9.21591747],[99.34650874,9.19541824],[99.33967423,9.19175196],[99.33197486,9.19079244],[99.32988083,9.16978943]],[[99.38493836,9.19503343],[99.38673556,9.19993365],[99.3828783,9.1930058],[99.38493836,9.19503343]],[[99.34965324,9.16870785],[99.35147238,9.17047155],[99.34809363,9.16962516],[99.34965324,9.16870785]],[[99.70223725,9.32961965],[99.70416474,9.33211207],[99.70238948,9.33220792],[99.70223725,9.32961965]],[[99.77696335,9.32639956],[99.77551961,9.32062137],[99.78463006,9.32250142],[99.77696335,9.32639956]],[[99.89296305,9.31640625],[99.89026856,9.3074615],[99.89172375,9.30639732],[99.89296305,9.31640625]],[[99.91449213,9.30812752],[99.91510797,9.31470263],[99.90928447,9.31553006],[99.91449213,9.30812752]],[[99.96383965,9.31169057],[99.95289075,9.30851066],[99.96067512,9.30275845],[99.96383965,9.31169057]]],[[[100.0,12.228894931774711],[99.97390366,12.27462685],[100.0,12.334308499261827],[100.0,12.228894931774711]]],[[[100.0,12.338134745970855],[99.99771357,12.35692418],[100.0,12.365907093575602],[100.0,12.338134745970855]]],[[[99.99936676,12.38516295],[99.97969115,12.42982686],[99.98493505,12.51418197],[99.96515965,12.54800534],[99.95464945,12.62486053],[99.96596444,12.7388134],[100.0,12.838511009198045],[99.99936676,12.38516295]]],[[[99.99929345,13.21286035],[99.97741234,13.24302447],[99.95076907,13.26346254],[99.93669117,13.26179004],[99.92892444,13.26854491],[99.94170511,13.26629257],[99.9517045,13.30871475],[99.99606001,13.32957161],[100.0,13.350859597911912],[99.99929345,13.21286035]]],[[[99.99875844,13.359375],[99.98228335,13.38405931],[99.99540591,13.41167653],[99.98364627,13.41911006],[99.98595035,13.40473723],[99.98024333,13.39906406],[99.95842874,13.40898323],[99.95709121,13.41268027],[99.96074617,13.42145646],[99.94794095,13.42187715],[99.91609704,13.50644171],[99.94490707,13.45959854],[99.94967771,13.42217803],[99.96035314,13.4236263],[99.96211982,13.41913974],[99.95875573,13.41045332],[99.97984004,13.4004209],[99.98238456,13.42009723],[99.99794877,13.4110558],[99.98397446,13.38267601],[99.99875844,13.359375]]]]}},{"type":"Feature","properties":{"mrgid":8345,"name":"Maldivian Exclusive Economic Zone","territory":"Maldives","sovereign":"Maldives","pol_type":"200NM","is_india":false},"geometry":{"type":"Polygon","coordinates":[[[75.21447222,-3.34855556],[73.31972222,-3.12469444],[72.58577778,-2.97958333],[71.95263889,-2.81197222],[70.19641282,-2.28853745],[70.13189975,-2.16364602],[69.99122402,-1.85594029],[69.88902961,-1.56397739],[69.81200771,-1.25590965],[69.76632892,-0.95788572],[69.66476133,0.25467321],[69.56948879,2.03438597],[69.37318617,3.34773716],[69.3601377,3.79669623],[69.37636888,4.30881797],[69.21285526,6.04056175],[69.21141328,6.43053271],[69.25704817,6.83018488],[69.32080125,7.11669479],[69.55638799,7.9493992],[70.25222222,8.09388889],[72.70722222,7.715],[73.32722222,7.65055556],[74.93583333,7.85833333],[75.27194444,7.2575],[75.42944444,6.85166667],[75.69277778,6.47055556],[76.72083333,5.09305556],[77.02333333,4.79],[77.05190721,4.73185423],[77.05803727,4.63126113],[77.10410052,3.57106939],[77.0998248,3.26550052],[76.9178397,1.8996092],[76.91795213,0.41772223],[76.90144394,0.10208608],[76.85143693,-0.23409756],[76.75805346,-0.5936135],[76.69467386,-1.01757856],[76.59376829,-1.3865838],[76.46209473,-1.71794988],[76.31769779,-1.99704025],[76.01276868,-2.48634239],[75.83544179,-2.73605118],[75.65146226,-2.9520759],[75.42209881,-3.17717556],[75.21447222,-3.34855556]],[[73.14346266,-0.69182253],[73.16766286,-0.69466615],[73.14499605,-0.68584144],[73.14346266,-0.69182253]],[[73.1326617,-0.68766224],[73.12949693,-0.68628836],[73.12990725,-0.68912721],[73.1326617,-0.68766224]],[[73.13160801,-0.68374348],[73.14266276,-0.68435252],[73.13089585,-0.67708075],[73.13160801,-0.68374348]],[[73.12734926,-0.67950547],[73.12326264,-0.68076265],[73.12769794,-0.68367755],[73.12734926,-0.67950547]],[[73.12989283,-0.67685485],[73.12199986,-0.66575813],[73.11459446,-0.65868604],[73.1175729,-0.66796541],[73.12989283,-0.67685485]],[[73.11284566,-0.65920734],[73.11052585,-0.65865338],[73.11053133,-0.66028595],[73.11284566,-0.65920734]],[[73.21775103,-0.66009593],[73.21494043,-0.65973365],[73.21579516,-0.66094875],[73.21775103,-0.66009593]],[[73.19224095,-0.67210436],[73.19221365,-0.68345165],[73.18659794,-0.69053686],[73.19805825,-0.67681503],[73.19224095,-0.67210436]],[[73.18430257,-0.69327295],[73.1809988,-0.68908155],[73.1817342,-0.69361103],[73.18430257,-0.69327295]],[[73.11043465,-0.65721262],[73.08180261,-0.59129167],[73.09062874,-0.59714246],[73.08530056,-0.57958448],[73.07609594,-0.59082437],[73.11043465,-0.65721262]],[[73.20621598,-0.57620013],[73.22565305,-0.6247859],[73.22304416,-0.64279115],[73.23989296,-0.58084667],[73.20621598,-0.57620013]],[[73.13503671,-0.61548805],[73.13537908,-0.61347902],[73.13417888,-0.61352313],[73.13503671,-0.61548805]],[[73.14132237,-0.61077011],[73.14383495,-0.61141038],[73.14392984,-0.61071825],[73.14132237,-0.61077011]],[[73.14656925,-0.61070395],[73.15005696,-0.61197591],[73.14718115,-0.60990345],[73.14656925,-0.61070395]],[[73.10267031,-0.60161054],[73.09934795,-0.60198486],[73.09859991,-0.60288084],[73.10267031,-0.60161054]],[[73.41709101,-0.27725315],[73.41044235,-0.28855896],[73.4379003,-0.31244802],[73.44055474,-0.30636585],[73.41709101,-0.27725315]],[[73.19906437,0.18725586],[73.19687366,0.1936872],[73.19532323,0.18921947],[73.19906437,0.18725586]],[[73.19287896,0.19035566],[73.19720805,0.19558775],[73.18995523,0.19349074],[73.19287896,0.19035566]],[[73.18661463,0.19479096],[73.19300973,0.20038533],[73.17789352,0.20444775],[73.18821943,0.19926238],[73.18661463,0.19479096]],[[73.18721724,0.19881797],[73.18475962,0.19782436],[73.18577242,0.19647014],[73.18721724,0.19881797]],[[73.15321016,0.21485412],[73.16582704,0.21281457],[73.15784943,0.22162485],[73.15321016,0.21485412]],[[73.14246845,0.21351588],[73.13662136,0.22778416],[73.12544096,0.23548043],[73.14246845,0.21351588]],[[73.12328815,0.2342869],[73.12418592,0.23689222],[73.12232864,0.23423851],[73.12328815,0.2342869]],[[73.12382221,0.23716283],[73.09769487,0.26310396],[73.08640695,0.26751971],[73.10636055,0.24496806],[73.12382221,0.23716283]],[[73.08243442,0.26624036],[73.08124924,0.27208686],[73.07972646,0.26975167],[73.08243442,0.26624036]],[[73.08053827,0.27187705],[73.07272136,0.27068722],[73.07437575,0.27337515],[73.04884875,0.29162753],[73.06704831,0.26872015],[73.08053827,0.27187705]],[[73.04710293,0.29035735],[73.04499376,0.29026461],[73.04648375,0.28912294],[73.04710293,0.29035735]],[[73.04526818,0.29278493],[73.03416836,0.30194676],[73.02652895,0.30108035],[73.03249824,0.29369795],[73.04526818,0.29278493]],[[73.02429903,0.30756736],[73.02859735,0.30360055],[73.03094006,0.30703592],[73.02429903,0.30756736]],[[73.41242361,0.30981112],[73.41325676,0.30633795],[73.41513658,0.30975687],[73.41242361,0.30981112]],[[73.02678585,0.30902112],[73.02477312,0.31086278],[73.02329278,0.30973351],[73.02678585,0.30902112]],[[73.47477925,0.31314325],[73.46880054,0.30455565],[73.46892095,0.30273104],[73.47477925,0.31314325]],[[73.02530062,0.31122518],[73.02344966,0.31388831],[73.023265,0.31174004],[73.02530062,0.31122518]],[[73.4179033,0.30167711],[73.41551185,0.29991591],[73.41694152,0.29853702],[73.4179033,0.30167711]],[[73.04094684,0.30010295],[73.03832197,0.30005956],[73.04097343,0.29840708],[73.04094684,0.30010295]],[[73.46679676,0.29737318],[73.46782517,0.29472351],[73.4700073,0.29472566],[73.46679676,0.29737318]],[[73.46381605,0.29446983],[73.46319592,0.29527044],[73.46121967,0.29540086],[73.46381605,0.29446983]],[[73.45948136,0.29011238],[73.45315695,0.29027498],[73.45264912,0.28395665],[73.45948136,0.29011238]],[[73.4472357,0.28466201],[73.42726624,0.28170931],[73.42581725,0.26467216],[73.4472357,0.28466201]],[[73.34182942,0.25657284],[73.33898175,0.25572455],[73.34781623,0.25040793],[73.34182942,0.25657284]],[[73.34193778,0.24961472],[73.34069467,0.25107515],[73.34081197,0.24913383],[73.34193778,0.24961472]],[[73.32768404,0.24916995],[73.33730495,0.25679433],[73.32385015,0.24976206],[73.32768404,0.24916995]],[[73.29959905,0.25254881],[73.29315543,0.25748515],[73.29839015,0.25128365],[73.29959905,0.25254881]],[[73.3750838,0.26516604],[73.37886786,0.26797271],[73.37853372,0.26970184],[73.3750838,0.26516604]],[[73.35930455,0.27665305],[73.35526693,0.27541304],[73.35845244,0.2745707],[73.35930455,0.27665305]],[[73.28379023,0.23232675],[73.26891375,0.23069525],[73.26389337,0.22251284],[73.28379023,0.23232675]],[[73.21746957,0.2262516],[73.21569157,0.2240833],[73.21903121,0.22518218],[73.21746957,0.2262516]],[[73.16983914,0.21035516],[73.17148566,0.20655024],[73.17261803,0.21083701],[73.16983914,0.21035516]],[[73.17508376,0.20926344],[73.17591953,0.20566011],[73.17766511,0.20929885],[73.17508376,0.20926344]],[[73.22657514,0.19673288],[73.22654605,0.19506121],[73.22825491,0.19612741],[73.22657514,0.19673288]],[[73.02553523,0.31619585],[73.02346528,0.31579244],[73.02642965,0.31557655],[73.02553523,0.31619585]],[[73.48444188,0.31856716],[73.49630213,0.32332861],[73.48375416,0.32275021],[73.49170816,0.33197153],[73.48184383,0.32463014],[73.48444188,0.31856716]],[[73.38259685,0.32017064],[73.37872732,0.31907547],[73.37960076,0.31783545],[73.38259685,0.32017064]],[[73.02667046,0.32580137],[73.02436042,0.32467675],[73.02724886,0.32405937],[73.02667046,0.32580137]],[[73.02649415,0.32763112],[73.02501965,0.33064795],[73.02356613,0.32758462],[73.02649415,0.32763112]],[[73.49423361,0.32665718],[73.50035262,0.3251276],[73.49921501,0.33047414],[73.50164032,0.33476365],[73.49423361,0.32665718]],[[73.43701351,0.33258092],[73.43600965,0.33647025],[73.43512225,0.33248484],[73.43701351,0.33258092]],[[73.51402235,0.34172964],[73.50246894,0.32645297],[73.52122486,0.34197021],[73.51402235,0.34172964]],[[73.02810216,0.34009016],[73.02499974,0.34124935],[73.0248605,0.34040165],[73.02810216,0.34009016]],[[73.02728176,0.34192216],[73.02532577,0.34350646],[73.02480864,0.34240246],[73.02728176,0.34192216]],[[73.54241073,0.3515625],[73.53711534,0.35251558],[73.53705025,0.34661424],[73.54241073,0.3515625]],[[73.31944037,0.3560636],[73.32112455,0.35864747],[73.31987572,0.35912025],[73.31944037,0.3560636]],[[73.02651894,0.36046386],[73.02462804,0.35958755],[73.02706325,0.36027253],[73.02651894,0.36046386]],[[73.54255235,0.36130703],[73.54628754,0.36230373],[73.54682624,0.36629808],[73.54255235,0.36130703]],[[73.54766488,0.37072206],[73.55853975,0.37991047],[73.55792916,0.39514864],[73.54766488,0.37072206]],[[73.02732301,0.36750495],[73.02496707,0.36837173],[73.02347565,0.36707771],[73.02732301,0.36750495]],[[73.02581036,0.36910486],[73.02312386,0.37021184],[73.02296555,0.36908865],[73.02581036,0.36910486]],[[73.02153873,0.37320125],[73.02540505,0.37187636],[73.02388632,0.37476385],[73.02153873,0.37320125]],[[73.01693261,0.3832736],[73.01400077,0.38378584],[73.01430666,0.38204455],[73.01693261,0.3832736]],[[73.00638807,0.38853085],[73.01657248,0.39415336],[73.00488281,0.39732134],[73.00638807,0.38853085]],[[73.56126654,0.38787115],[73.56272042,0.38979614],[73.56073546,0.39065325],[73.56126654,0.38787115]],[[73.00723267,0.40282381],[73.00370216,0.39912856],[73.00819588,0.40014076],[73.00723267,0.40282381]],[[73.57070935,0.40661752],[73.56828356,0.40643382],[73.56829417,0.40518415],[73.57070935,0.40661752]],[[73.00545144,0.40648031],[73.00340951,0.40564716],[73.00588071,0.40609252],[73.00545144,0.40648031]],[[73.56562674,0.40692163],[73.56912374,0.41105592],[73.56774735,0.41414833],[73.56562674,0.40692163]],[[73.5697546,0.41116655],[73.57437074,0.41249585],[73.57327247,0.41656625],[73.5697546,0.41116655]],[[73.56843984,0.41534758],[73.57402766,0.42426562],[73.56935453,0.42807364],[73.56843984,0.41534758]],[[73.0057317,0.41878462],[73.00356507,0.41825664],[73.0064069,0.41792798],[73.0057317,0.41878462]],[[73.00631726,0.4225142],[73.00304556,0.42224312],[73.00538421,0.42049563],[73.00631726,0.4225142]],[[73.00515437,0.42555594],[73.00488651,0.4298017],[73.00192213,0.42938006],[73.00515437,0.42555594]],[[73.57137334,0.43485451],[73.56790674,0.4342674],[73.57012463,0.43230867],[73.57137334,0.43485451]],[[73.56536424,0.43728983],[73.57190835,0.44072866],[73.56807876,0.44952226],[73.56536424,0.43728983]],[[73.00551796,0.43628061],[72.99622917,0.45082402],[73.00096583,0.43617785],[73.00551796,0.43628061]],[[73.53324234,0.45239425],[73.53589547,0.45103562],[73.53603995,0.45330036],[73.53324234,0.45239425]],[[72.99512565,0.45577216],[73.00384235,0.45605457],[72.99589503,0.46377492],[72.99512565,0.45577216]],[[73.15275633,0.46213901],[73.15617454,0.46331525],[73.15327418,0.46443403],[73.15275633,0.46213901]],[[73.56444538,0.4638797],[73.56319404,0.45840144],[73.5659914,0.45835364],[73.56444538,0.4638797]],[[73.56301987,0.46661115],[73.56086564,0.46633863],[73.56234562,0.46513605],[73.56301987,0.46661115]],[[73.56135452,0.47552693],[73.55049062,0.48137713],[73.56065941,0.47076786],[73.56135452,0.47552693]],[[72.9909085,0.47747803],[72.99919522,0.49673867],[72.98693192,0.49686623],[72.9909085,0.47747803]],[[73.54316282,0.50181425],[73.55673945,0.49165905],[73.54325998,0.5083003],[73.54316282,0.50181425]],[[72.99184036,0.49979186],[72.98843992,0.5003401],[72.99187934,0.49941885],[72.99184036,0.49979186]],[[73.45326662,0.50427854],[73.45529711,0.50649285],[73.4527266,0.50660121],[73.45326662,0.50427854]],[[72.99280035,0.50421357],[72.98886871,0.50853252],[72.98760498,0.50465083],[72.99280035,0.50421357]],[[73.49804664,0.5069046],[73.49729455,0.5043509],[73.50021076,0.50492191],[73.49804664,0.5069046]],[[73.17349565,0.49485564],[73.17136455,0.49455476],[73.17262363,0.49360085],[73.17349565,0.49485564]],[[73.14768481,0.50925636],[73.14645207,0.51065254],[73.14685535,0.50919235],[73.14768481,0.50925636]],[[73.54092622,0.51394224],[73.54321682,0.51409125],[73.54142356,0.51654696],[73.54092622,0.51394224]],[[72.99148643,0.51476371],[72.99434555,0.51894307],[72.99080706,0.51954842],[72.99148643,0.51476371]],[[73.53898466,0.51999724],[73.54112518,0.52100194],[73.53862703,0.52408695],[73.53898466,0.51999724]],[[73.07566595,0.52199352],[73.07430053,0.52508581],[73.07360744,0.52147865],[73.07566595,0.52199352]],[[72.9916296,0.52352416],[73.00070035,0.53506887],[72.99429321,0.53750432],[72.9916296,0.52352416]],[[73.53417134,0.53752565],[73.5354048,0.54473722],[73.53318202,0.54749131],[73.53417134,0.53752565]],[[73.09362304,0.53822434],[73.09592664,0.54249322],[73.09501708,0.54358912],[73.09362304,0.53822434]],[[73.12322795,0.54219735],[73.125,0.54073656],[73.12550807,0.54181766],[73.12322795,0.54219735]],[[73.34554863,0.54159772],[73.34732294,0.53974748],[73.34790611,0.54049134],[73.34554863,0.54159772]],[[73.19096816,0.53508067],[73.18915463,0.53267241],[73.19241095,0.53220475],[73.19096816,0.53508067]],[[73.5356847,0.5334053],[73.53662097,0.52837026],[73.53788996,0.52831376],[73.5356847,0.5334053]],[[73.24557614,0.5573194],[73.23975301,0.55819964],[73.24215114,0.55390644],[73.24557614,0.5573194]],[[73.52321124,0.56401384],[73.52842724,0.56186211],[73.52317297,0.5662595],[73.52321124,0.56401384]],[[73.52160704,0.56839645],[73.51883376,0.57059145],[73.51955998,0.5679816],[73.52160704,0.56839645]],[[73.19142234,0.56962836],[73.19108522,0.57290423],[73.18970311,0.57156897],[73.19142234,0.56962836]],[[73.51349342,0.58672714],[73.51400948,0.58051705],[73.51713657,0.58122885],[73.51349342,0.58672714]],[[73.0948081,0.58690226],[73.09226072,0.58799827],[73.09284937,0.58536494],[73.0948081,0.58690226]],[[73.50216782,0.59555376],[73.49902403,0.59508097],[73.50114071,0.59385383],[73.50216782,0.59555376]],[[73.48912895,0.60105824],[73.48249698,0.60707128],[73.48149645,0.60645282],[73.48912895,0.60105824]],[[73.3106724,0.60391533],[73.30873322,0.60630584],[73.30824447,0.60384083],[73.3106724,0.60391533]],[[73.46348274,0.62168217],[73.46150613,0.61821187],[73.46533895,0.61895025],[73.46348274,0.62168217]],[[73.34445262,0.62876916],[73.34480774,0.63109624],[73.34351134,0.63068545],[73.34445262,0.62876916]],[[73.44081855,0.64018488],[73.45127034,0.63469923],[73.44180095,0.64289284],[73.44081855,0.64018488]],[[73.44102836,0.65554488],[73.44336188,0.65331602],[73.44298315,0.65477455],[73.44102836,0.65554488]],[[73.44069755,0.65849733],[73.43734014,0.65752363],[73.44061685,0.65580583],[73.44069755,0.65849733]],[[73.43939066,0.66996002],[73.43750775,0.67338753],[73.43742871,0.66831982],[73.43939066,0.66996002]],[[73.44277191,0.68656754],[73.44008696,0.69820917],[73.44002533,0.68302143],[73.44277191,0.68656754]],[[73.20353985,0.68320024],[73.20079374,0.6842463],[73.20073283,0.68374062],[73.20353985,0.68320024]],[[73.44141471,0.70433354],[73.43835151,0.70580876],[73.44126594,0.70072985],[73.44141471,0.70433354]],[[73.44195747,0.71485055],[73.43645632,0.71821058],[73.43869126,0.70647597],[73.44195747,0.71485055]],[[73.28601062,0.714679],[73.28455651,0.71342933],[73.28623307,0.71336913],[73.28601062,0.714679]],[[73.43945503,0.72820175],[73.42864656,0.73727536],[73.43742645,0.72493148],[73.43945503,0.72820175]],[[73.2859025,0.72777724],[73.28366601,0.72694874],[73.28594613,0.72614026],[73.2859025,0.72777724]],[[73.43407714,0.76049936],[73.43084311,0.76294923],[73.43755364,0.74698508],[73.43407714,0.76049936]],[[73.43062258,0.76743853],[73.42765856,0.76783204],[73.42991376,0.76506126],[73.43062258,0.76743853]],[[73.22587931,0.79512525],[73.22421098,0.79421973],[73.22594404,0.79419672],[73.22587931,0.79512525]],[[73.20447862,0.81906736],[73.19949782,0.82073104],[73.20501423,0.81734383],[73.20447862,0.81906736]],[[73.18912554,0.83573163],[73.17809415,0.84247267],[73.18905723,0.83243394],[73.18912554,0.83573163]],[[73.40520537,0.85009932],[73.41055465,0.84522533],[73.40555251,0.85100436],[73.40520537,0.85009932]],[[73.18139863,0.84518588],[73.17824686,0.84567261],[73.17825937,0.84454095],[73.18139863,0.84518588]],[[73.24467266,0.84840882],[73.24083877,0.84938967],[73.24287558,0.84745264],[73.24467266,0.84840882]],[[73.18044055,0.84902537],[73.17699194,0.84760511],[73.18099082,0.84763026],[73.18044055,0.84902537]],[[73.21084237,0.85447037],[73.20849264,0.85282648],[73.21128476,0.85396886],[73.21084237,0.85447037]],[[73.1817528,0.8576622],[73.17756987,0.85732591],[73.18063402,0.85633457],[73.1817528,0.8576622]],[[73.19131815,0.86680734],[73.18838894,0.86651528],[73.19168603,0.86478817],[73.19131815,0.86680734]],[[73.24635065,0.87143552],[73.24335933,0.87433958],[73.24475932,0.86996841],[73.24635065,0.87143552]],[[73.25541234,0.87510335],[73.25610006,0.87354386],[73.25690711,0.87447917],[73.25541234,0.87510335]],[[73.33788323,0.88542032],[73.336748,0.8833065],[73.33779526,0.88374233],[73.33788323,0.88542032]],[[73.35114276,0.89604557],[73.34879506,0.89750135],[73.34861255,0.89596188],[73.35114276,0.89604557]],[[73.3571763,1.77884984],[73.35940766,1.77946568],[73.35704768,1.78053057],[73.3571763,1.77884984]],[[73.35483551,1.77852726],[73.35189486,1.78234446],[73.35132802,1.78084958],[73.35483551,1.77852726]],[[73.36079872,1.78468084],[73.37109506,1.77829587],[73.37712085,1.78645027],[73.36079872,1.78468084]],[[73.34551501,1.78317785],[73.34492958,1.78663754],[73.34514058,1.78238416],[73.34551501,1.78317785]],[[73.3431468,1.78556466],[73.34143865,1.78588784],[73.34187985,1.78352058],[73.3431468,1.78556466]],[[73.33926964,1.78406],[73.34009051,1.78847516],[73.34333825,1.78900945],[73.33926964,1.78406]],[[73.33177686,1.79241073],[73.33339906,1.78655624],[73.33553076,1.79240346],[73.33177686,1.79241073]],[[73.32461715,1.78502774],[73.32195342,1.78952062],[73.32135868,1.78560221],[73.32461715,1.78502774]],[[73.31979442,1.78730595],[73.32042861,1.79138052],[73.31896174,1.78657484],[73.31979442,1.78730595]],[[73.31734085,1.78876388],[73.31523395,1.79186142],[73.31412494,1.78981698],[73.31734085,1.78876388]],[[73.31038046,1.79010618],[73.31116164,1.79384518],[73.30973518,1.79000175],[73.31038046,1.79010618]],[[73.30695665,1.79247653],[73.30232084,1.79420817],[73.30675864,1.7918148],[73.30695665,1.79247653]],[[73.29026353,1.80140436],[73.30340254,1.80129457],[73.29068685,1.80541337],[73.29026353,1.80140436]],[[73.28173685,1.80758905],[73.28679705,1.80979061],[73.28531826,1.81122982],[73.28173685,1.80758905]],[[73.28788567,1.81072903],[73.29045928,1.80871451],[73.29071605,1.80910838],[73.28788567,1.81072903]],[[73.39710891,1.79722583],[73.37818706,1.79228306],[73.37765253,1.77884555],[73.39710891,1.79722583]],[[73.35070932,1.78900671],[73.35214782,1.78661156],[73.35478294,1.78860676],[73.35070932,1.78900671]],[[73.40621161,1.81213486],[73.40924776,1.8125751],[73.4038316,1.81378412],[73.40621161,1.81213486]],[[73.38779652,1.81626666],[73.38912594,1.82125127],[73.38877535,1.82146943],[73.38779652,1.81626666]],[[73.28078055,1.81651103],[73.27664816,1.8162024],[73.27654695,1.81515777],[73.28078055,1.81651103]],[[73.27338386,1.81995225],[73.27372074,1.82235312],[73.27227986,1.8199054],[73.27338386,1.81995225]],[[73.39297283,1.82271004],[73.39530468,1.82141364],[73.39548635,1.82438147],[73.39297283,1.82271004]],[[73.28335488,1.82399487],[73.28136206,1.82360578],[73.28384256,1.82296884],[73.28335488,1.82399487]],[[73.26866686,1.82435584],[73.27565455,1.82882357],[73.27125752,1.82803524],[73.26866686,1.82435584]],[[73.27062345,1.83426344],[73.26991606,1.83145988],[73.27342784,1.83234465],[73.27062345,1.83426344]],[[73.51082945,1.84866416],[73.486678,1.82202005],[73.50524914,1.83272874],[73.51082945,1.84866416]],[[73.25919187,1.84104395],[73.25647664,1.84231615],[73.25624442,1.84199464],[73.25919187,1.84104395]],[[73.25517845,1.84314406],[73.25802076,1.84482121],[73.25671363,1.84605277],[73.25517845,1.84314406]],[[73.25754893,1.84790826],[73.25613141,1.85106647],[73.25211465,1.84669852],[73.25754893,1.84790826]],[[73.51633346,1.85336685],[73.55270815,1.92486537],[73.54057896,1.94748175],[73.51633346,1.85336685]],[[73.24561036,1.88129795],[73.23873198,1.88764906],[73.23808897,1.88459182],[73.24561036,1.88129795]],[[73.25590408,1.90519023],[73.25380194,1.90734696],[73.25506043,1.90380001],[73.25590408,1.90519023]],[[73.25468111,1.91863811],[73.25238693,1.91817844],[73.25385261,1.91690445],[73.25468111,1.91863811]],[[73.51796651,1.84740245],[73.5171535,1.84219086],[73.51980102,1.84684455],[73.51796651,1.84740245]],[[73.45848393,1.82703424],[73.44458425,1.82122064],[73.44487762,1.81646645],[73.45322847,1.81642854],[73.45848393,1.82703424]],[[73.49328184,1.81750667],[73.49106312,1.81780505],[73.4911257,1.81708407],[73.49328184,1.81750667]],[[73.48899257,1.81854606],[73.48873901,1.81562424],[73.4906615,1.81623495],[73.48899257,1.81854606]],[[73.48765624,1.81485164],[73.48511398,1.81486201],[73.48498905,1.81432784],[73.48765624,1.81485164]],[[73.4053936,1.81435061],[73.40616012,1.81817985],[73.40232432,1.81976068],[73.4053936,1.81435061]],[[73.41225445,1.81314254],[73.41106701,1.81172574],[73.41264081,1.81221974],[73.41225445,1.81314254]],[[73.4149698,1.82297444],[73.41779876,1.81878936],[73.41537702,1.82443738],[73.4149698,1.82297444]],[[73.27887881,1.8253901],[73.27722716,1.82818007],[73.27670395,1.82742775],[73.27887881,1.8253901]],[[73.26032722,1.94869792],[73.26324022,1.95291734],[73.26314998,1.95394731],[73.26032722,1.94869792]],[[73.53959751,1.95198905],[73.54092288,1.95293736],[73.53956616,1.95405376],[73.53959751,1.95198905]],[[73.54438257,1.97041965],[73.53652763,1.98085785],[73.54034436,1.95651138],[73.54438257,1.97041965]],[[73.53325737,1.98782563],[73.54061091,1.99090648],[73.53588855,1.9940418],[73.53325737,1.98782563]],[[73.30778635,1.98717237],[73.30915034,1.99005365],[73.30682516,1.98765755],[73.30778635,1.98717237]],[[73.53604674,2.00041533],[73.53361475,1.99850166],[73.53469753,1.9958415],[73.53604674,2.00041533]],[[73.53576124,2.0135324],[73.53217101,2.01713347],[73.53484893,2.00445175],[73.53576124,2.0135324]],[[73.36068797,2.01622915],[73.35887945,2.01959002],[73.35774314,2.01614904],[73.36068797,2.01622915]],[[73.53573501,2.03499806],[73.52967083,2.02940857],[73.53543723,2.02243376],[73.53573501,2.03499806]],[[73.53431594,2.04409504],[73.53120065,2.04190815],[73.53240955,2.04103875],[73.53431594,2.04409504]],[[73.53398943,2.04982173],[73.53079295,2.04786885],[73.53300536,2.04808915],[73.53398943,2.04982173]],[[73.53922427,2.05925143],[73.5331223,2.05968511],[73.53303277,2.05253065],[73.53922427,2.05925143]],[[73.53861082,2.06473231],[73.53809536,2.06463575],[73.538643,2.06444264],[73.53861082,2.06473231]],[[73.5364207,2.06498981],[73.53677487,2.06598747],[73.53625965,2.06614852],[73.5364207,2.06498981]],[[73.53743792,2.06814885],[73.5420686,2.06911325],[73.53853083,2.06977797],[73.53743792,2.06814885]],[[73.53593576,2.06986678],[73.53648675,2.07228792],[73.53545153,2.07328045],[73.53593576,2.06986678]],[[73.53780234,2.07648671],[73.54853356,2.09758115],[73.54405105,2.10334373],[73.53780234,2.07648671]],[[73.5849266,2.13250756],[73.55204356,2.11760366],[73.55482733,2.1054008],[73.58339477,2.12223935],[73.5849266,2.13250756]],[[73.54499054,2.11607683],[73.53980064,2.1142379],[73.54362214,2.11325192],[73.54499054,2.11607683]],[[73.06828833,2.16306734],[73.06905806,2.17358243],[73.06149256,2.16328132],[73.06828833,2.16306734]],[[73.04761875,2.16387856],[73.04869306,2.17009854],[73.04822767,2.17019165],[73.04761875,2.16387856]],[[73.01873994,2.17056477],[73.02881443,2.16671598],[73.02933443,2.17185736],[73.01873994,2.17056477]],[[73.01537025,2.16519952],[73.01066887,2.17199552],[73.01114655,2.16642702],[73.01537025,2.16519952]],[[73.05625725,2.16973746],[73.04972327,2.1683917],[73.05077457,2.16473734],[73.05625725,2.16973746]],[[73.03839576,2.16988695],[73.03187215,2.16901982],[73.03301775,2.16434622],[73.03839576,2.16988695]],[[73.07560301,2.17086506],[73.08365142,2.17099476],[73.08214807,2.17828214],[73.07560301,2.17086506]],[[73.09953952,2.18235946],[73.09261453,2.19117868],[73.09032571,2.18378174],[73.09953952,2.18235946]],[[72.97381532,2.18613684],[72.97593212,2.18759596],[72.97341406,2.19051814],[72.97381532,2.18613684]],[[73.1068114,2.19621074],[73.11795092,2.19369304],[73.10526955,2.20157111],[73.1068114,2.19621074]],[[72.97141886,2.192451],[72.96642828,2.19223762],[72.97125292,2.19173217],[72.97141886,2.192451]],[[73.12563145,2.19839442],[73.13322842,2.19628215],[73.12738705,2.2015022],[73.12563145,2.19839442]],[[73.14499164,2.20584857],[73.140643,2.20760405],[73.14166307,2.20268357],[73.14499164,2.20584857]],[[73.15108871,2.21125662],[73.14819741,2.21249557],[73.14813125,2.21018422],[73.15108871,2.21125662]],[[73.20539153,2.24543166],[73.20303297,2.24602604],[73.203426,2.24484754],[73.20539153,2.24543166]],[[73.20907152,2.25147724],[73.21506596,2.25060332],[73.21367288,2.25540113],[73.20907152,2.25147724]],[[73.21947515,2.25787532],[73.21662474,2.25819373],[73.21618426,2.25713623],[73.21947515,2.25787532]],[[73.22165811,2.26368463],[73.22510195,2.26322496],[73.22465253,2.26488996],[73.22165811,2.26368463]],[[73.22587526,2.26559246],[73.22772324,2.26485813],[73.22716057,2.26745164],[73.22587526,2.26559246]],[[73.22808635,2.26849937],[73.23025715,2.26866198],[73.22944665,2.26962304],[73.22808635,2.26849937]],[[72.92878163,2.2701683],[72.93486762,2.27255094],[72.92942846,2.27443326],[72.92878163,2.2701683]],[[73.25673437,2.2803936],[73.25206435,2.28160286],[73.25517297,2.27877152],[73.25673437,2.2803936]],[[72.94362438,2.28717494],[72.93961477,2.29510546],[72.93902993,2.28886831],[72.94362438,2.28717494]],[[73.27727795,2.29656303],[73.27584493,2.29329383],[73.27795553,2.29296923],[73.27727795,2.29656303]],[[73.28610575,2.29991806],[73.28363395,2.30070806],[73.28434694,2.29921091],[73.28610575,2.29991806]],[[73.29279983,2.30477774],[73.29021084,2.30576432],[73.28985453,2.30456388],[73.29279983,2.30477774]],[[73.30043375,2.31029701],[73.29551732,2.30931366],[73.29563618,2.30817211],[73.30043375,2.31029701]],[[72.91532063,2.31379724],[72.91945004,2.32349062],[72.91552472,2.32900012],[72.91532063,2.31379724]],[[73.31837332,2.328125],[73.32375395,2.32364833],[73.32429945,2.32541466],[73.31837332,2.328125]],[[72.94192433,2.316576],[72.9445796,2.31212533],[72.94669163,2.31748951],[72.94192433,2.316576]],[[73.3044368,2.31551385],[73.30734205,2.31630695],[73.3072648,2.31767428],[73.3044368,2.31551385]],[[73.34510004,2.34396076],[73.33460844,2.34222722],[73.33478355,2.33486116],[73.34510004,2.34396076]],[[73.35633755,2.35263097],[73.35610425,2.36250591],[73.35484326,2.35205841],[73.35633755,2.35263097]],[[73.36183095,2.36587977],[73.363204,2.35945976],[73.36526906,2.36436474],[73.36183095,2.36587977]],[[72.90968466,2.36444163],[72.90818524,2.36780262],[72.90950417,2.36391616],[72.90968466,2.36444163]],[[72.90951633,2.37090027],[72.90796232,2.37123275],[72.90936351,2.36910987],[72.90951633,2.37090027]],[[73.34824204,2.44359851],[73.35838675,2.41641808],[73.36131692,2.37951696],[73.3646456,2.39883912],[73.35627735,2.43010461],[73.34824204,2.44359851]],[[73.31553388,2.49039125],[73.31425655,2.48866701],[73.31570184,2.48784876],[73.31553388,2.49039125]],[[73.31358385,2.49456894],[73.31213582,2.49375665],[73.31320846,2.49275935],[73.31358385,2.49456894]],[[73.30953252,2.50622594],[73.30537307,2.50114095],[73.31227601,2.50001216],[73.30953252,2.50622594]],[[73.25839043,2.50448656],[73.25347364,2.50652373],[73.25319707,2.50557065],[73.25839043,2.50448656]],[[73.23395956,2.51455855],[73.23145914,2.51403344],[73.2320168,2.51286411],[73.23395956,2.51455855]],[[73.22823131,2.52082133],[73.22604704,2.5196048],[73.2286911,2.51951694],[73.22823131,2.52082133]],[[72.98723745,2.5324012],[72.98822236,2.53080094],[72.98864865,2.53160727],[72.98723745,2.5324012]],[[73.18101931,2.53894115],[73.17809474,2.53781033],[73.18014407,2.53670061],[73.18101931,2.53894115]],[[73.17601931,2.53776455],[73.17609465,2.54080224],[73.17458797,2.53938985],[73.17601931,2.53776455]],[[73.15611684,2.54791343],[73.15270567,2.54724944],[73.15465033,2.54533064],[73.15611684,2.54791343]],[[73.11058736,2.56051421],[73.09905696,2.55799294],[73.11255145,2.55755711],[73.11058736,2.56051421]],[[72.89766002,2.66637313],[72.89309156,2.67633915],[72.88866317,2.66970015],[72.89766002,2.66637313]],[[72.92585492,2.67899084],[72.92779243,2.67274702],[72.93846214,2.68510044],[72.92585492,2.67899084]],[[72.85809064,2.68726635],[72.86269557,2.68711317],[72.85621035,2.6911782],[72.85809064,2.68726635]],[[72.96184921,2.69340444],[72.96874356,2.6966505],[72.95886993,2.69349933],[72.96184921,2.69340444]],[[72.85312665,2.69488335],[72.84908175,2.6985445],[72.85293186,2.69405341],[72.85312665,2.69488335]],[[72.98410034,2.70491695],[72.98291874,2.71000564],[72.98125696,2.70409608],[72.98410034,2.70491695]],[[72.98539054,2.71052384],[72.99123394,2.71353972],[72.99085224,2.71550894],[72.98539054,2.71052384]],[[73.00595212,2.72543657],[73.00013733,2.72354984],[73.00060821,2.72281945],[73.00595212,2.72543657]],[[72.88749445,2.72909331],[72.88836432,2.73146474],[72.88675034,2.73104203],[72.88749445,2.72909331]],[[73.00848532,2.73200381],[73.02232838,2.74736488],[73.02014554,2.75111604],[73.00848532,2.73200381]],[[72.88927352,2.75015676],[72.88616645,2.75050402],[72.88752151,2.74834681],[72.88927352,2.75015676]],[[73.02416217,2.75352895],[73.02199554,2.75736678],[73.02061951,2.7538985],[73.02416217,2.75352895]],[[73.42160285,2.76298225],[73.42682827,2.77425146],[73.42867661,2.79138017],[73.41741562,2.77124095],[73.42160285,2.76298225]],[[73.02598655,2.76747966],[73.02285087,2.76502943],[73.02585268,2.76461041],[73.02598655,2.76747966]],[[73.37092495,2.77429926],[73.37484467,2.77992356],[73.36910176,2.79109871],[73.37092495,2.77429926]],[[73.02709711,2.78249407],[73.02369082,2.77675617],[73.02626741,2.77604294],[73.02709711,2.78249407]],[[73.02745414,2.78485096],[73.02407467,2.79122174],[73.02468646,2.78501034],[73.02745414,2.78485096]],[[73.42977822,2.79348898],[73.42578816,2.79373038],[73.43010151,2.79190636],[73.42977822,2.79348898]],[[73.0264585,2.79212618],[73.02694285,2.79843044],[73.02478921,2.79937875],[73.0264585,2.79212618]],[[73.42969573,2.79894817],[73.43377876,2.79629767],[73.43490195,2.80746555],[73.42969573,2.79894817]],[[73.02722883,2.80285966],[73.02480447,2.80085635],[73.02566695,2.79970622],[73.02722883,2.80285966]],[[73.44437885,2.81682384],[73.44307566,2.81875885],[73.44214177,2.81539321],[73.44437885,2.81682384]],[[73.45261562,2.82389236],[73.4519546,2.82650316],[73.45038974,2.82351565],[73.45261562,2.82389236]],[[73.45962465,2.82994127],[73.45771074,2.83021593],[73.45810461,2.82907963],[73.45962465,2.82994127]],[[73.52970624,2.85149825],[73.5315783,2.85506284],[73.53124595,2.85557568],[73.52970624,2.85149825]],[[73.02401841,2.85462368],[73.02542365,2.85760665],[73.02377343,2.85775065],[73.02401841,2.85462368]],[[72.84026837,2.85790396],[72.84947598,2.85655034],[72.85185373,2.85842133],[72.84026837,2.85790396]],[[73.55058455,2.86004555],[73.55171526,2.85780156],[73.55254126,2.86005986],[73.55058455,2.86004555]],[[73.55862737,2.85784614],[73.55622005,2.85587573],[73.55696106,2.85520256],[73.55862737,2.85784614]],[[73.55197167,2.85367632],[73.55053377,2.85460007],[73.55140388,2.85307586],[73.55197167,2.85367632]],[[73.54095328,2.85250926],[73.5385735,2.85811925],[73.53765917,2.85250998],[73.54095328,2.85250926]],[[73.53563905,2.85117126],[73.5336045,2.85137665],[73.53420043,2.85048544],[73.53563905,2.85117126]],[[73.55282736,2.85879993],[73.55419946,2.85739195],[73.55498254,2.85928285],[73.55282736,2.85879993]],[[72.83537304,2.88116574],[72.84006894,2.88666975],[72.83589935,2.88789642],[72.83537304,2.88116574]],[[73.57582974,2.89028513],[73.57385886,2.88138866],[73.57414424,2.88059187],[73.57660973,2.88350987],[73.57582974,2.89028513]],[[73.02703774,2.88262916],[73.02358878,2.88062561],[73.02654707,2.88060617],[73.02703774,2.88262916]],[[73.57906437,2.8931154],[73.57553351,2.89209914],[73.57626724,2.89119005],[73.57906437,2.8931154]],[[73.38109088,2.89648366],[73.37730825,2.89924192],[73.37866247,2.89607644],[73.38109088,2.89648366]],[[73.57975912,2.90411496],[73.57887661,2.90580225],[73.57841527,2.90301502],[73.57975912,2.90411496]],[[72.86696982,2.90910125],[72.86498988,2.91269886],[72.86378932,2.91082776],[72.86696982,2.90910125]],[[73.57828975,2.91113675],[73.58697891,2.92590034],[73.5865134,2.92744505],[73.57944191,2.92339206],[73.57828975,2.91113675]],[[72.88548934,2.91777444],[72.88253283,2.91639006],[72.88610256,2.91592813],[72.88548934,2.91777444]],[[72.89417934,2.92257214],[72.89714587,2.92528522],[72.89246011,2.92548573],[72.89417934,2.92257214]],[[73.02608621,2.92515588],[73.02878034,2.92339933],[73.02880132,2.92448092],[73.02608621,2.92515588]],[[72.96132195,2.93171895],[72.96082532,2.93533361],[72.96041071,2.93125164],[72.96132195,2.93171895]],[[72.9875046,2.93545997],[72.99331093,2.93648446],[72.99035954,2.93951786],[72.9875046,2.93545997]],[[73.5788604,2.94798577],[73.59083271,2.94410086],[73.58200467,2.95234466],[73.5788604,2.94798577]],[[72.91615236,2.94766915],[72.91260934,2.94852126],[72.91451561,2.94623423],[72.91615236,2.94766915]],[[73.59773731,2.95641696],[73.60141456,2.95412374],[73.60234034,2.96285582],[73.59773731,2.95641696]],[[72.98697591,2.95713901],[72.98398185,2.95626962],[72.98561835,2.95537174],[72.98697591,2.95713901]],[[72.94768596,2.96135175],[72.94623363,2.96427321],[72.94504595,2.96255076],[72.94768596,2.96135175]],[[72.99223244,2.96919811],[72.98896766,2.97030878],[72.98893464,2.96886361],[72.99223244,2.96919811]],[[73.01735938,2.97904611],[73.01415741,2.97939503],[73.01400006,2.97772777],[73.01735938,2.97904611]],[[73.00844312,2.99845195],[73.00543916,2.99849653],[73.00543332,2.99644732],[73.00844312,2.99845195]],[[73.00189245,3.00232244],[72.99933147,3.00285447],[72.99934757,3.00226021],[73.00189245,3.00232244]],[[73.61933351,3.0242089],[73.61746883,3.02256036],[73.61843157,3.02150083],[73.61933351,3.0242089]],[[72.89370155,3.05568123],[72.88459802,3.05649376],[72.89129436,3.05075645],[72.89370155,3.05568123]],[[72.93038881,3.06159997],[72.92279363,3.06367981],[72.92029154,3.06113577],[72.93038881,3.06159997]],[[72.95511341,3.07519925],[72.95204937,3.07414591],[72.95215535,3.07342255],[72.95511341,3.07519925]],[[72.96439874,3.07666635],[72.96510196,3.08125436],[72.95931184,3.0761466],[72.96439874,3.07666635]],[[73.63740301,3.08131993],[73.64025343,3.08082902],[73.63886595,3.08403397],[73.63740301,3.08131993]],[[73.64224505,3.08986127],[73.63839078,3.08683503],[73.63627505,3.08405662],[73.64224505,3.08986127]],[[73.57546866,3.10643816],[73.57125354,3.10394585],[73.57173741,3.10267925],[73.57546866,3.10643816]],[[73.56711626,3.11309946],[73.56354523,3.1095165],[73.56746042,3.11051261],[73.56711626,3.11309946]],[[72.98707807,3.11782277],[72.98071933,3.11778092],[72.98696887,3.11478841],[72.98707807,3.11782277]],[[73.01976264,3.13492084],[73.01755667,3.13492668],[73.01765621,3.13263392],[73.01976264,3.13492084]],[[73.04047871,3.20978725],[73.03337634,3.21410227],[73.03291667,3.21127653],[73.04047871,3.20978725]],[[72.8354274,3.24151456],[72.83493102,3.24421406],[72.83427811,3.24316525],[72.8354274,3.24151456]],[[72.97808993,3.24256885],[72.97930825,3.24377334],[72.97741187,3.24402785],[72.97808993,3.24256885]],[[72.82075751,3.25482428],[72.81639481,3.25268197],[72.81682384,3.25117111],[72.82075751,3.25482428]],[[73.00506973,3.27123165],[73.00041962,3.26965964],[73.00406086,3.26762545],[73.00506973,3.27123165]],[[73.47135282,3.3150295],[73.46883094,3.31344104],[73.47088742,3.31312907],[73.47135282,3.3150295]],[[73.52213025,3.34148407],[73.51810622,3.34332573],[73.51712143,3.34247661],[73.52213025,3.34148407]],[[73.44112241,3.37318075],[73.43844676,3.37199116],[73.43889213,3.37091315],[73.44112241,3.37318075]],[[73.75479281,3.39183426],[73.75071406,3.39299655],[73.75485885,3.3902204],[73.75479281,3.39183426]],[[73.76044857,3.45175934],[73.75745058,3.45362914],[73.75937605,3.44840014],[73.76044857,3.45175934]],[[73.54906595,3.4596796],[73.55274618,3.46409702],[73.54841936,3.46356165],[73.54906595,3.4596796]],[[73.55020726,3.47305214],[73.54455304,3.47066164],[73.54823005,3.46975696],[73.55020726,3.47305214]],[[72.85339332,3.47152782],[72.85613942,3.47884107],[72.85337651,3.47889805],[72.85339332,3.47152782]],[[72.84205115,3.47395825],[72.83617663,3.47991073],[72.83086765,3.47601891],[72.84205115,3.47395825]],[[72.82875752,3.47563803],[72.82218885,3.47553122],[72.82162535,3.47452545],[72.82875752,3.47563803]],[[72.79531491,3.48229635],[72.80784225,3.48263741],[72.79435503,3.48437202],[72.79531491,3.48229635]],[[72.78999162,3.48421121],[72.78907502,3.48598862],[72.78815162,3.48588097],[72.78999162,3.48421121]],[[72.88001895,3.48581672],[72.87386966,3.48089147],[72.88481605,3.48937404],[72.88001895,3.48581672]],[[72.78491044,3.48696184],[72.78550828,3.49073136],[72.77921236,3.49062002],[72.78491044,3.48696184]],[[73.54161942,3.48889947],[73.53498256,3.48648822],[73.53479588,3.48545134],[73.54161942,3.48889947]],[[72.87235284,3.47894466],[72.86874914,3.48134673],[72.86904561,3.47834587],[72.87235284,3.47894466]],[[73.52931154,3.49199784],[73.53429174,3.49263942],[73.53498292,3.49393225],[73.52931154,3.49199784]],[[72.89205897,3.49393761],[72.89975142,3.50020051],[72.90064216,3.50248134],[72.89205897,3.49393761]],[[72.90450478,3.50404572],[72.90197682,3.50001848],[72.90512371,3.50411046],[72.90450478,3.50404572]],[[72.92792904,3.52915931],[72.92810655,3.53730833],[72.91574848,3.51519716],[72.92792904,3.52915931]],[[72.72040844,3.54505765],[72.71899521,3.54426146],[72.72060394,3.54254258],[72.72040844,3.54505765]],[[72.72091746,3.57096601],[72.71692204,3.56918228],[72.72063673,3.56882346],[72.72091746,3.57096601]],[[72.91208446,3.57429385],[72.90996516,3.57326555],[72.91256464,3.57285202],[72.91208446,3.57429385]],[[72.90329146,3.57958436],[72.90112054,3.57834196],[72.90384257,3.57783258],[72.90329146,3.57958436]],[[73.50033188,3.59397876],[73.49590886,3.59391177],[73.49863446,3.59101117],[73.50033188,3.59397876]],[[72.88490272,3.59355605],[72.88217175,3.59375274],[72.88404155,3.59192312],[72.88490272,3.59355605]],[[72.90112054,3.60094726],[72.90032876,3.60281944],[72.90069675,3.60082543],[72.90112054,3.60094726]],[[72.95318484,3.6083498],[72.95756054,3.60951304],[72.95506644,3.61081088],[72.95318484,3.6083498]],[[72.90063655,3.60627973],[72.89846575,3.60819316],[72.89851308,3.60695875],[72.90063655,3.60627973]],[[72.71875656,3.61452854],[72.71487701,3.6176002],[72.71253407,3.61829734],[72.71875656,3.61452854]],[[72.72198677,3.61925244],[72.72435546,3.61838496],[72.72275627,3.62005866],[72.72198677,3.61925244]],[[72.77987492,3.62006974],[72.78126502,3.61903191],[72.78207731,3.62035966],[72.77987492,3.62006974]],[[72.95300472,3.61928856],[72.95684957,3.61803746],[72.95672572,3.61972332],[72.95300472,3.61928856]],[[72.96085715,3.63429177],[72.95710897,3.63242495],[72.96141934,3.63329172],[72.96085715,3.63429177]],[[73.36686432,3.6365875],[73.36510325,3.63529718],[73.36712682,3.63564014],[73.36686432,3.6365875]],[[73.48911774,3.64467871],[73.48615515,3.64476705],[73.48662043,3.64375067],[73.48911774,3.64467871]],[[72.95631075,3.65375555],[72.95275915,3.65372956],[72.95219171,3.65236974],[72.95631075,3.65375555]],[[72.77560568,3.66674054],[72.7734375,3.66657364],[72.77385545,3.66553617],[72.77560568,3.66674054]],[[73.41725946,3.67890275],[73.41276681,3.6817975],[73.41221547,3.68066466],[73.41725946,3.67890275]],[[72.70684254,3.68478715],[72.70453668,3.68442285],[72.70609665,3.68313444],[72.70684254,3.68478715]],[[72.71311677,3.69675231],[72.70721662,3.70294952],[72.70880592,3.6925565],[72.71311677,3.69675231]],[[72.73291957,3.73965168],[72.73093557,3.73818076],[72.73337448,3.73804295],[72.73291957,3.73965168]],[[72.97262955,3.75807714],[72.96659398,3.75575221],[72.97284317,3.75602293],[72.97262955,3.75807714]],[[72.92730343,3.77562487],[72.92325366,3.775424],[72.92751944,3.77483976],[72.92730343,3.77562487]],[[72.73258281,3.78642643],[72.73005605,3.78658497],[72.73094916,3.78487623],[72.73258281,3.78642643]],[[72.96456122,3.78959167],[72.96003342,3.79383755],[72.95715845,3.79283845],[72.96456122,3.78959167]],[[72.70834768,3.79670608],[72.70991564,3.79986215],[72.70934796,3.80033886],[72.70834768,3.79670608]],[[72.73167324,3.79737055],[72.7330507,3.79678571],[72.73400295,3.79749262],[72.73167324,3.79737055]],[[73.41320086,3.81173456],[73.41047025,3.81149018],[73.41002548,3.80808592],[73.41320086,3.81173456]],[[73.45696712,3.84791625],[73.45449185,3.85371685],[73.45396614,3.84655237],[73.45696712,3.84791625]],[[72.95759726,3.84744894],[72.95251477,3.85125387],[72.95110261,3.85028386],[72.95759726,3.84744894]],[[73.45753443,3.85702193],[73.45559883,3.85953236],[73.45632458,3.85451126],[73.45753443,3.85702193]],[[73.46001482,3.86559725],[73.45787025,3.86435688],[73.45892584,3.86278164],[73.46001482,3.86559725]],[[73.45976985,3.86960661],[73.45786655,3.86847734],[73.45879185,3.86806786],[73.45976985,3.86960661]],[[72.95512426,3.87423325],[72.95485222,3.87685883],[72.95352507,3.87709153],[72.95512426,3.87423325]],[[73.36520195,3.87558806],[73.3683784,3.87890995],[73.36438048,3.87709403],[73.36520195,3.87558806]],[[72.72881246,3.88400614],[72.72761071,3.88543391],[72.72704315,3.88351142],[72.72881246,3.88400614]],[[72.81515455,3.88713884],[72.81757033,3.88648868],[72.81632328,3.88890433],[72.81515455,3.88713884]],[[73.46891916,3.89495504],[73.47053993,3.90426886],[73.46582675,3.90232182],[73.46891916,3.89495504]],[[73.35956395,3.90396845],[73.35502994,3.90212893],[73.35983896,3.90201235],[73.35956395,3.90396845]],[[73.47404516,3.90657043],[73.47163784,3.90136683],[73.4765625,3.90206456],[73.47404516,3.90657043]],[[73.45792663,3.91505754],[73.45419717,3.91405594],[73.45675576,3.91242671],[73.45792663,3.91505754]],[[73.47082341,3.91733122],[73.46888614,3.91904485],[73.46739066,3.91782856],[73.47082341,3.91733122]],[[72.74163723,3.91932941],[72.74721313,3.92112362],[72.74128973,3.92328644],[72.74163723,3.91932941]],[[73.45453274,3.92118585],[73.45916307,3.92228746],[73.45639968,3.92478097],[73.45453274,3.92118585]],[[73.49487186,3.94474733],[73.48385084,3.93759167],[73.48506105,3.93554986],[73.49487186,3.94474733]],[[72.88102496,3.94401574],[72.87866676,3.94294655],[72.88144076,3.94369686],[72.88102496,3.94401574]],[[72.91454554,3.95886981],[72.91254652,3.95891881],[72.91276884,3.95793355],[72.91454554,3.95886981]],[[73.50754011,3.96761763],[73.50388944,3.96634924],[73.50601614,3.96430957],[73.50754011,3.96761763]],[[73.50665164,3.96907926],[73.50651717,3.96953523],[73.50584495,3.96956205],[73.50665164,3.96907926]],[[73.50187957,3.97027886],[73.5032047,3.9741888],[73.50248885,3.97541738],[73.50187957,3.97027886]],[[73.50516355,3.97569025],[73.50824976,3.97683096],[73.50582695,3.97976077],[73.50516355,3.97569025]],[[73.50546861,3.97090316],[73.50713563,3.97143948],[73.50675905,3.97294164],[73.50546861,3.97090316]],[[72.71649075,3.98402596],[72.72304475,3.98809147],[72.71347547,3.98709035],[72.71649075,3.98402596]],[[72.95722854,3.99179685],[72.95770657,3.98745096],[72.9577744,3.99216986],[72.95722854,3.99179685]],[[73.50624585,3.9931308],[73.51080263,3.99022913],[73.50834918,3.99396801],[73.50624585,3.9931308]],[[73.51359367,3.98758912],[73.50928903,3.98540425],[73.51306546,3.98501193],[73.51359367,3.98758912]],[[72.88398731,4.00237143],[72.88097823,4.00139725],[72.88354993,4.00175917],[72.88398731,4.00237143]],[[72.95064187,4.00716221],[72.94632626,4.0053817],[72.95114505,4.00531375],[72.95064187,4.00716221]],[[72.81268716,4.00613451],[72.80921042,4.00711536],[72.80990815,4.00565624],[72.81268716,4.00613451]],[[72.9217149,4.03758585],[72.91705418,4.03892314],[72.91870701,4.03555131],[72.9217149,4.03758585]],[[72.73103082,4.0518682],[72.72230828,4.0483793],[72.73179388,4.05036128],[72.73103082,4.0518682]],[[73.41217113,4.05646276],[73.41063285,4.05449462],[73.41234636,4.05528498],[73.41217113,4.05646276]],[[72.94688272,4.07053077],[72.94447327,4.06909585],[72.94698036,4.06953704],[72.94688272,4.07053077]],[[72.88867164,4.07246923],[72.88645482,4.07258356],[72.88682961,4.07203305],[72.88867164,4.07246923]],[[73.51393497,4.08427262],[73.51028872,4.0846951],[73.51316941,4.08256137],[73.51393497,4.08427262]],[[73.40256166,4.09671605],[73.40079916,4.09510446],[73.40294695,4.09474885],[73.40256166,4.09671605]],[[72.75432646,4.09672236],[72.75128627,4.09525323],[72.75487864,4.09489346],[72.75432646,4.09672236]],[[73.52739465,4.10143423],[73.52285457,4.1030395],[73.52617741,4.09906292],[73.52739465,4.10143423]],[[73.43811154,4.12005174],[73.43831253,4.12448084],[73.43524575,4.11888945],[73.43811154,4.12005174]],[[72.74844515,4.12150335],[72.74526036,4.12214756],[72.74732578,4.12071705],[72.74844515,4.12150335]],[[73.45663667,4.12408996],[73.45826721,4.12415504],[73.45749581,4.12519062],[73.45663667,4.12408996]],[[73.51925814,4.16969621],[73.50584507,4.1824522],[73.50014782,4.17015648],[73.51925814,4.16969621]],[[73.48830795,4.1750071],[73.48132455,4.17343247],[73.48845291,4.16928875],[73.48830795,4.1750071]],[[73.44402683,4.18006182],[73.45004022,4.1848737],[73.43801343,4.18738425],[73.44402683,4.18006182]],[[72.76680183,4.1795752],[72.76417124,4.18306518],[72.76393604,4.18291807],[72.76680183,4.1795752]],[[72.77456915,4.183393],[72.77303481,4.18810725],[72.77179945,4.18318546],[72.77456915,4.183393]],[[72.75060511,4.18683171],[72.74964905,4.18500447],[72.75159025,4.18418622],[72.75060511,4.18683171]],[[73.54655135,4.22137725],[73.52984703,4.17553425],[73.53793657,4.18969631],[73.54655135,4.22137725]],[[72.74978507,4.18898594],[72.74480724,4.19425225],[72.74144781,4.19134772],[72.74978507,4.18898594]],[[72.8165189,4.19321418],[72.82097936,4.19597363],[72.81740856,4.19758201],[72.8165189,4.19321418]],[[73.51210225,4.19717085],[73.51581645,4.19712424],[73.51266122,4.19869471],[73.51210225,4.19717085]],[[73.41469133,4.19983995],[73.41209602,4.20156348],[73.41226184,4.19925761],[73.41469133,4.19983995]],[[72.86497235,4.21167254],[72.86526334,4.21733975],[72.85984361,4.21837711],[72.86497235,4.21167254]],[[73.48384345,4.21428967],[73.48681951,4.21509004],[73.48485792,4.216066],[73.48384345,4.21428967]],[[72.75773811,4.22030365],[72.75483847,4.22154021],[72.75386775,4.21938455],[72.75773811,4.22030365]],[[73.51687324,4.22620225],[73.52223861,4.22748554],[73.52173686,4.22973406],[73.51687324,4.22620225]],[[73.49414086,4.22858715],[73.49562764,4.23166966],[73.49262595,4.2295562],[73.49414086,4.22858715]],[[73.54274595,4.23182404],[73.54507005,4.22954941],[73.54680824,4.23462462],[73.54274595,4.23182404]],[[73.51987755,4.18374646],[73.51602852,4.18375671],[73.51826596,4.18194663],[73.51987755,4.18374646]],[[73.43711555,4.18746471],[73.43477583,4.18641865],[73.43703485,4.18585527],[73.43711555,4.18746471]],[[73.54806697,4.24786258],[73.54041815,4.24994886],[73.54065585,4.24833846],[73.54806697,4.24786258]],[[73.53872383,4.24771333],[73.53942573,4.24969387],[73.53478408,4.24925292],[73.53872383,4.24771333]],[[73.54243231,4.25698543],[73.53937566,4.25796437],[73.54033017,4.25508606],[73.54243231,4.25698543]],[[72.9783442,4.25728393],[72.97698855,4.25979495],[72.96904361,4.26144302],[72.9783442,4.25728393]],[[72.99078131,4.26601386],[72.99438202,4.26078022],[72.99342155,4.26608324],[72.99078131,4.26601386]],[[73.49871671,4.26372635],[73.50193954,4.26390028],[73.50053155,4.26537025],[73.49871671,4.26372635]],[[73.49389136,4.27161956],[73.48854971,4.26790094],[73.49386692,4.26763225],[73.49389136,4.27161956]],[[73.55710196,4.28309155],[73.54987085,4.28527224],[73.5516417,4.27930677],[73.55710196,4.28309155]],[[73.42743182,4.28295016],[73.42527425,4.28628397],[73.42464697,4.28546512],[73.42743182,4.28295016]],[[73.55987763,4.29604292],[73.55643094,4.29316366],[73.55678833,4.29196465],[73.55987763,4.29604292]],[[73.01297367,4.29933214],[73.00979614,4.29799986],[73.01159847,4.29686344],[73.01297367,4.29933214]],[[73.5768851,4.30508351],[73.56861472,4.31181586],[73.56750906,4.3054769],[73.5768851,4.30508351]],[[73.41545951,4.30562115],[73.41695654,4.30757105],[73.41503334,4.30733776],[73.41545951,4.30562115]],[[73.42471135,4.30849791],[73.42328787,4.31086051],[73.42244422,4.30847836],[73.42471135,4.30849791]],[[73.48567712,4.31017935],[73.48911846,4.31050372],[73.48732913,4.31280816],[73.48567712,4.31017935]],[[73.58287537,4.31688595],[73.5858463,4.31404674],[73.58357561,4.31923676],[73.58287537,4.31688595]],[[73.58018208,4.31696737],[73.57710874,4.31975436],[73.57601786,4.31812811],[73.58018208,4.31696737]],[[73.59147704,4.32041454],[73.58986914,4.31710315],[73.59304094,4.31471026],[73.59147704,4.32041454]],[[73.60289633,4.33203256],[73.59521663,4.33071685],[73.59369504,4.32154465],[73.60289633,4.33203256]],[[73.60617673,4.33993936],[73.60520983,4.34463191],[73.60576141,4.33989811],[73.60617673,4.33993936]],[[73.61545241,4.35002947],[73.62134182,4.35002434],[73.61906695,4.35389674],[73.61545241,4.35002947]],[[73.61038053,4.34307206],[73.61305416,4.34274125],[73.61265647,4.34561944],[73.61038053,4.34307206]],[[73.62722385,4.36302495],[73.62397385,4.35973763],[73.62752771,4.36114883],[73.62722385,4.36302495]],[[73.37175024,4.36751926],[73.37082267,4.36923742],[73.36800671,4.36844182],[73.37175024,4.36751926]],[[73.64672005,4.37651372],[73.65625596,4.37090826],[73.65517283,4.37465048],[73.64672005,4.37651372]],[[73.66740215,4.37363124],[73.65830994,4.37625861],[73.66376972,4.37166548],[73.66740215,4.37363124]],[[73.35265827,4.39522862],[73.35105145,4.39588988],[73.35075557,4.39373207],[73.35265827,4.39522862]],[[73.38018465,4.41858661],[73.37887514,4.41755021],[73.38154864,4.41637242],[73.38018465,4.41858661]],[[73.38636506,4.43035364],[73.38350224,4.42844486],[73.38797188,4.43008816],[73.38636506,4.43035364]],[[72.96149397,4.42895186],[72.96085048,4.44399142],[72.952268,4.43980527],[72.96149397,4.42895186]],[[73.71159601,4.43942368],[73.71700525,4.44285643],[73.71457076,4.44636595],[73.71159601,4.43942368]],[[73.71995378,4.45331216],[73.71409595,4.45352137],[73.71514547,4.44877434],[73.71995378,4.45331216]],[[73.66350985,4.46668887],[73.65964484,4.46605778],[73.66000032,4.46527243],[73.66350985,4.46668887]],[[73.39478481,4.48267865],[73.39191747,4.48029661],[73.39531624,4.48141778],[73.39478481,4.48267865]],[[73.36918962,4.50069177],[73.36699641,4.49983692],[73.36744833,4.49843121],[73.36918962,4.50069177]],[[73.36763561,4.50574887],[73.3722769,4.51961601],[73.36676121,4.52322364],[73.36763561,4.50574887]],[[73.37293458,4.53098094],[73.37174141,4.53481162],[73.37214017,4.52985728],[73.37293458,4.53098094]],[[73.40426683,4.54195428],[73.40719485,4.54244101],[73.40466845,4.54357886],[73.40426683,4.54195428]],[[73.41535985,4.58876097],[73.41475701,4.59124613],[73.4129225,4.58997357],[73.41535985,4.58876097]],[[73.59062433,4.59151781],[73.59303761,4.59081745],[73.59350801,4.5915457],[73.59062433,4.59151781]],[[73.57242954,4.63034272],[73.56906581,4.62998664],[73.56905115,4.62954962],[73.57242954,4.63034272]],[[73.56473303,4.63825333],[73.56658292,4.63543451],[73.56748414,4.63766098],[73.56473303,4.63825333]],[[73.40112865,4.63560355],[73.3992995,4.63829553],[73.39973724,4.63559866],[73.40112865,4.63560355]],[[73.50277662,4.67670953],[73.50041401,4.67669928],[73.50190616,4.67527545],[73.50277662,4.67670953]],[[73.45192945,4.68981087],[73.44954658,4.69049692],[73.45208991,4.68894505],[73.45192945,4.68981087]],[[73.50280845,4.7367208],[73.49707925,4.73484206],[73.50140917,4.73285186],[73.50280845,4.7367208]],[[73.00044155,4.86481583],[72.99243808,4.87788784],[72.99459076,4.859972],[73.00044155,4.86481583]],[[72.87991023,4.8769865],[72.87912345,4.87837672],[72.87645566,4.87700915],[72.87991023,4.8769865]],[[72.95909834,4.88343787],[72.978266,4.88015473],[72.95671356,4.88489366],[72.95909834,4.88343787]],[[72.94094443,4.8834815],[72.92724597,4.88643956],[72.92350256,4.88486063],[72.94094443,4.8834815]],[[73.46882546,4.96703243],[73.44784653,4.95449102],[73.44894946,4.94959152],[73.46600628,4.94980633],[73.46882546,4.96703243]],[[72.90977585,4.99983025],[72.90305567,5.00127137],[72.90340185,4.99898732],[72.90977585,4.99983025]],[[72.92229426,5.00985372],[72.92499077,5.00503302],[72.92539072,5.01031184],[72.92229426,5.00985372]],[[72.85953081,5.00694466],[72.85563076,5.00847256],[72.85999477,5.00559843],[72.85953081,5.00694466]],[[72.94379318,5.01235974],[72.93830335,5.00585782],[72.94681597,5.00842798],[72.94379318,5.01235974]],[[72.94984186,5.01100338],[72.95343637,5.01164615],[72.95001447,5.01396644],[72.94984186,5.01100338]],[[72.84260345,5.02261865],[72.83786452,5.02424955],[72.84057856,5.02021551],[72.84260345,5.02261865]],[[72.88343,5.03928947],[72.87867677,5.0419507],[72.88140214,5.03684986],[72.88343,5.03928947]],[[72.83716476,5.06088674],[72.83627522,5.06308544],[72.83587217,5.06259215],[72.83716476,5.06088674]],[[72.85509634,5.06323433],[72.85732961,5.06434548],[72.85476506,5.06398141],[72.85509634,5.06323433]],[[73.03025436,5.06420183],[73.03218055,5.06199276],[73.03354192,5.06320918],[73.03025436,5.06420183]],[[73.03358853,5.07124925],[73.03063488,5.07078993],[73.03284836,5.0698508],[73.03358853,5.07124925]],[[72.87893498,5.07787836],[72.87634432,5.07819307],[72.87575543,5.0774641],[72.87893498,5.07787836]],[[73.0652287,5.09370613],[73.06098211,5.09172702],[73.06706083,5.09098697],[73.0652287,5.09370613]],[[73.07165992,5.10561645],[73.06786406,5.10219276],[73.07450664,5.10235095],[73.07165992,5.10561645]],[[73.08013833,5.11281896],[73.07835448,5.10884893],[73.08326995,5.10871685],[73.08013833,5.11281896]],[[73.10951757,5.13608181],[73.10542381,5.13350892],[73.11182761,5.13214695],[73.10951757,5.13608181]],[[72.91298854,5.13478422],[72.90975153,5.13198304],[72.91345561,5.1335752],[72.91298854,5.13478422]],[[73.11552894,5.14261055],[73.11449838,5.13925982],[73.11813903,5.13869262],[73.11552894,5.14261055]],[[73.13462973,5.15909231],[73.12421656,5.15890336],[73.13686395,5.15697014],[73.13462973,5.15909231]],[[73.05458891,5.16328204],[73.05149472,5.16158116],[73.05608785,5.16123712],[73.05458891,5.16328204]],[[72.99743545,5.17579114],[72.99391353,5.17413604],[72.99739242,5.17239785],[72.99743545,5.17579114]],[[73.13476956,5.18321288],[73.13180912,5.18347704],[73.13497353,5.18224037],[73.13476956,5.18321288]],[[73.16470337,5.18756115],[73.16316807,5.18626666],[73.16574848,5.18621695],[73.16470337,5.18756115]],[[73.12502015,5.18619061],[73.12340641,5.19009638],[73.12021017,5.18938804],[73.12502015,5.18619061]],[[73.13106525,5.19030845],[73.13512695,5.19117916],[73.13055634,5.19371927],[73.13106525,5.19030845]],[[73.08652532,5.20781624],[73.08337855,5.20538688],[73.08747494,5.20485485],[73.08652532,5.20781624]],[[73.12750173,5.21236324],[73.12374783,5.21812844],[73.12171602,5.21533573],[73.12750173,5.21236324]],[[73.15270996,5.21671355],[73.15501904,5.21742642],[73.15250826,5.21780467],[73.15270996,5.21671355]],[[73.16049147,5.22956765],[73.15968287,5.22729361],[73.16150284,5.22836864],[73.16049147,5.22956765]],[[72.87832653,5.23024118],[72.87743235,5.23376524],[72.87481535,5.23322165],[72.87832653,5.23024118]],[[73.10989285,5.23517215],[73.11715746,5.23292351],[73.11043894,5.23635697],[73.10989285,5.23517215]],[[73.16762412,5.23528814],[73.17032754,5.23509574],[73.16836655,5.23693526],[73.16762412,5.23528814]],[[73.51714325,5.24448156],[73.51535964,5.24358034],[73.51766181,5.24357271],[73.51714325,5.24448156]],[[72.85088837,5.24421108],[72.85304487,5.24718285],[72.85050404,5.24408448],[72.85088837,5.24421108]],[[72.89532483,5.24938965],[72.89281476,5.24739218],[72.89573646,5.24822247],[72.89532483,5.24938965]],[[73.16457045,5.25339735],[73.16272855,5.25565004],[73.16299558,5.25247061],[73.16457045,5.25339735]],[[73.15654743,5.26276875],[73.15396321,5.26191092],[73.15600312,5.26069713],[73.15654743,5.26276875]],[[73.1294111,5.26604307],[73.12753212,5.26867115],[73.12759113,5.26604974],[73.1294111,5.26604307]],[[73.16014016,5.26975334],[73.16237152,5.26838565],[73.16298091,5.26952124],[73.16014016,5.26975334]],[[73.59029496,5.2734375],[73.58397961,5.27268624],[73.58347332,5.27186775],[73.59029496,5.2734375]],[[73.04331374,5.27278352],[73.04131556,5.27640975],[73.040681,5.2734375],[73.04331374,5.27278352]],[[73.03405488,5.27295756],[73.03323746,5.27636647],[73.03088975,5.27541244],[73.03405488,5.27295756]],[[73.00986683,5.2734375],[73.01199472,5.27686214],[73.00764728,5.27619755],[73.00986683,5.2734375]],[[73.60837126,5.28092885],[73.60370696,5.27496874],[73.61076546,5.28094184],[73.60837126,5.28092885]],[[73.13633621,5.27974415],[73.13670325,5.28448904],[73.13498688,5.28193271],[73.13633621,5.27974415]],[[73.49996603,5.28563416],[73.50478721,5.28530777],[73.50194955,5.28748322],[73.49996603,5.28563416]],[[73.10999203,5.28552878],[73.11596584,5.28705001],[73.10849178,5.28727758],[73.10999203,5.28552878]],[[73.62334454,5.28352368],[73.6206423,5.27968204],[73.62433004,5.28306341],[73.62334454,5.28352368]],[[73.02404118,5.27423465],[73.02654922,5.27523851],[73.024791,5.27601445],[73.02404118,5.27423465]],[[73.05796373,5.29706001],[73.05571604,5.29497075],[73.05911934,5.29487753],[73.05796373,5.29706001]],[[72.97058845,5.29615045],[72.96726274,5.29754472],[72.96793473,5.29561746],[72.97058845,5.29615045]],[[73.07323813,5.30130565],[73.06931067,5.29936278],[73.07319331,5.2991296],[73.07323813,5.30130565]],[[73.48709094,5.30553913],[73.47836745,5.30935645],[73.47785807,5.30704474],[73.48709094,5.30553913]],[[73.47410035,5.32040834],[73.47109234,5.32252657],[73.47216856,5.31910753],[73.47410035,5.32040834]],[[73.64689243,5.32534361],[73.64811242,5.32339942],[73.6477344,5.32621825],[73.64689243,5.32534361]],[[73.46286833,5.33109713],[73.46469855,5.33571184],[73.460536,5.33579433],[73.46286833,5.33109713]],[[72.95403206,5.33250523],[72.95258796,5.33764148],[72.94879854,5.33468175],[72.95403206,5.33250523]],[[73.65155435,5.34271002],[73.65018904,5.33140028],[73.65267873,5.34400392],[73.65155435,5.34271002]],[[72.97082114,5.34048784],[72.96689737,5.34313977],[72.96559918,5.34058547],[72.97082114,5.34048784]],[[73.65573812,5.34918523],[73.65338945,5.35114992],[73.65417361,5.34774542],[73.65573812,5.34918523]],[[72.99123573,5.35103655],[72.98982036,5.35298455],[72.98871815,5.3519932],[72.99123573,5.35103655]],[[73.06849205,5.35362184],[73.07138813,5.35400355],[73.06917763,5.35493565],[73.06849205,5.35362184]],[[73.65318167,5.35386443],[73.65829456,5.36451077],[73.65123475,5.3700428],[73.6501168,5.36568415],[73.65318167,5.35386443]],[[73.42760885,5.35519123],[73.42717802,5.35631776],[73.42658532,5.35503018],[73.42760885,5.35519123]],[[73.419119,5.35593951],[73.42685473,5.35755146],[73.40935183,5.36924505],[73.419119,5.35593951]],[[72.92072225,5.3603096],[72.91767442,5.36171687],[72.91994774,5.35833907],[72.92072225,5.3603096]],[[73.33136845,5.36590183],[73.33573663,5.36279082],[73.35216022,5.36907065],[73.33136845,5.36590183]],[[73.40604913,5.36879325],[73.40837967,5.36928451],[73.40706503,5.37031972],[73.40604913,5.36879325]],[[73.43186545,5.35975087],[73.42976415,5.35524476],[73.43380511,5.35594225],[73.43186545,5.35975087]],[[73.38686228,5.37658072],[73.37876177,5.37552357],[73.37828886,5.37489283],[73.38686228,5.37658072]],[[72.90298665,5.38093626],[72.90229762,5.3837074],[72.90072942,5.38089526],[72.90298665,5.38093626]],[[73.64931488,5.38223255],[73.65048373,5.40216887],[73.63857281,5.42608953],[73.64681387,5.40253794],[73.64931488,5.38223255]],[[72.98015416,5.39232266],[72.97772765,5.39271748],[72.97977197,5.38980866],[72.98015416,5.39232266]],[[72.99337935,5.40188313],[72.98953795,5.39933085],[72.99345613,5.39983153],[72.99337935,5.40188313]],[[73.3553828,5.41750908],[73.3540076,5.41880012],[73.35333455,5.41610932],[73.3553828,5.41750908]],[[73.36186326,5.42439103],[73.36081696,5.42771637],[73.35980058,5.42844224],[73.36186326,5.42439103]],[[73.63268292,5.43209314],[73.63054872,5.42994702],[73.63343155,5.42955005],[73.63268292,5.43209314]],[[73.62055075,5.43648398],[73.6175456,5.43650675],[73.62057495,5.43505454],[73.62055075,5.43648398]],[[72.90668905,5.43828654],[72.91055465,5.44250596],[72.90515315,5.44022405],[72.90668905,5.43828654]],[[73.36435187,5.44183874],[73.3686465,5.44337285],[73.36546278,5.44764721],[73.36435187,5.44183874]],[[72.94024301,5.4455893],[72.94182885,5.44851065],[72.93919635,5.44689822],[72.94024301,5.4455893]],[[73.02191234,5.44921875],[73.03902161,5.44614232],[73.03977084,5.44722533],[73.02191234,5.44921875]],[[73.60605061,5.44283855],[73.61136818,5.43949556],[73.61208701,5.43971992],[73.60605061,5.44283855]],[[73.37164176,5.4530524],[73.36927485,5.46083856],[73.37007093,5.45137405],[73.37164176,5.4530524]],[[72.98270404,5.45702732],[72.97698104,5.45553124],[72.98289621,5.45499384],[72.98270404,5.45702732]],[[72.95379877,5.45514107],[72.95474744,5.46096706],[72.95133734,5.45829797],[72.95379877,5.45514107]],[[72.87207162,5.45930314],[72.86943424,5.45907116],[72.87057567,5.45756495],[72.87207162,5.45930314]],[[72.88515925,5.46017456],[72.88532281,5.46274555],[72.88396621,5.46116853],[72.88515925,5.46017456]],[[72.91093421,5.46256554],[72.91530097,5.46681666],[72.90964115,5.46462131],[72.91093421,5.46256554]],[[73.03454816,5.46620917],[73.03497756,5.46038663],[73.04080784,5.46099997],[73.03454816,5.46620917]],[[73.56106412,5.46657205],[73.56564391,5.46688485],[73.55478084,5.47307467],[73.56106412,5.46657205]],[[73.38113666,5.47454381],[73.39164782,5.48011196],[73.39142418,5.48220313],[73.38113666,5.47454381]],[[72.94951892,5.47321355],[72.95864546,5.47535396],[72.9493134,5.47413373],[72.94951892,5.47321355]],[[73.03102052,5.47674036],[73.04143596,5.47823882],[73.02982581,5.47844303],[73.03102052,5.47674036]],[[72.97579145,5.48302674],[72.97635984,5.48528695],[72.97369444,5.48472357],[72.97579145,5.48302674]],[[72.89560115,5.48410821],[72.89525723,5.48852801],[72.89320874,5.48667526],[72.89560115,5.48410821]],[[73.41172552,5.49430215],[73.41437805,5.49173427],[73.41486061,5.49487567],[73.41172552,5.49430215]],[[72.93662202,5.48981714],[72.93766224,5.49388981],[72.93531024,5.49210525],[72.93662202,5.48981714]],[[72.88051021,5.49192846],[72.88232446,5.49635267],[72.87863815,5.49400794],[72.88051021,5.49192846]],[[72.9965409,5.49548125],[72.99994266,5.49383914],[73.00015736,5.49500954],[72.9965409,5.49548125]],[[73.03791237,5.49155724],[73.04095805,5.49283087],[73.03693485,5.49288917],[73.03791237,5.49155724]],[[73.42322397,5.49372256],[73.42536652,5.49312675],[73.42332375,5.49504066],[73.42322397,5.49372256]],[[73.40308166,5.48644006],[73.40434301,5.48360562],[73.40375912,5.48691726],[73.40308166,5.48644006]],[[72.97114372,5.50602722],[72.96807957,5.50925982],[72.96642113,5.50733686],[72.97114372,5.50602722]],[[72.84228528,5.51044655],[72.84392047,5.5121541],[72.84318864,5.51259601],[72.84228528,5.51044655]],[[72.82513225,5.51130807],[72.82885027,5.5154767],[72.82429171,5.51150262],[72.82513225,5.51130807]],[[72.97905314,5.51114964],[72.98217225,5.50978172],[72.982849,5.51160955],[72.97905314,5.51114964]],[[73.04194343,5.51157725],[73.04245222,5.50717378],[73.04385066,5.51081336],[73.04194343,5.51157725]],[[73.44319534,5.52132738],[73.44091332,5.52046168],[73.44282615,5.51912153],[73.44319534,5.52132738]],[[72.8414036,5.52586246],[72.84666562,5.52541375],[72.84646964,5.52683473],[72.8414036,5.52586246]],[[72.80700183,5.52765632],[72.80327272,5.53175867],[72.80249047,5.53141653],[72.80700183,5.52765632]],[[73.03767204,5.53128624],[73.04690588,5.53245747],[73.03627968,5.53309715],[73.03767204,5.53128624]],[[73.50550592,5.53249621],[73.50829101,5.53394282],[73.50456607,5.53606522],[73.50550592,5.53249621]],[[73.04636776,5.54618442],[73.04563284,5.55183482],[73.03988945,5.54954445],[73.04636776,5.54618442]],[[73.46550345,5.5519675],[73.46643805,5.54790938],[73.47152984,5.55216444],[73.46550345,5.5519675]],[[73.04616737,5.56483316],[73.04121971,5.56155455],[73.04765093,5.56195795],[73.04616737,5.56483316]],[[72.92810917,5.56336045],[72.92747343,5.56588602],[72.92595911,5.56486726],[72.92810917,5.56336045]],[[72.95862317,5.57754397],[72.95625985,5.57599854],[72.95932925,5.57700694],[72.95862317,5.57754397]],[[73.04789627,5.5800209],[73.04149675,5.58421206],[73.04646146,5.57816255],[73.04789627,5.5800209]],[[73.04761171,5.60918784],[73.03953326,5.60620678],[73.04725337,5.60116816],[73.04761171,5.60918784]],[[72.95382261,5.6059916],[72.95295405,5.60956836],[72.94992554,5.60648811],[72.95382261,5.6059916]],[[72.96828258,5.61035144],[72.97081315,5.60978341],[72.96866775,5.6113708],[72.96828258,5.61035144]],[[72.85624695,5.61909485],[72.85422182,5.61785352],[72.85615635,5.61651146],[72.85624695,5.61909485]],[[73.04481185,5.62621582],[73.0394026,5.62931263],[73.04434264,5.6220299],[73.04481185,5.62621582]],[[72.86232126,5.63001072],[72.86213255,5.62789285],[72.86316812,5.62792385],[72.86232126,5.63001072]],[[72.89575231,5.64060795],[72.89398408,5.63967943],[72.89615917,5.63938367],[72.89575231,5.64060795]],[[72.83950436,5.64157796],[72.83967686,5.64383101],[72.83795094,5.64322817],[72.83950436,5.64157796]],[[72.98618436,5.64372504],[72.9889487,5.64356625],[72.98575306,5.64572835],[72.98618436,5.64372504]],[[73.29634035,5.64890134],[73.30129695,5.64793086],[73.29807603,5.65015936],[73.29634035,5.64890134]],[[72.8855586,5.64907515],[72.88589466,5.65175641],[72.88166165,5.65306318],[72.8855586,5.64907515]],[[73.32867634,5.64871645],[73.33123887,5.64468944],[73.33176696,5.64820457],[73.32867634,5.64871645]],[[72.95775795,5.65872765],[72.95809972,5.66117311],[72.95680845,5.66145504],[72.95775795,5.65872765]],[[73.27211022,5.66265845],[73.27735627,5.66572988],[73.27107871,5.66703773],[73.27211022,5.66265845]],[[73.02978075,5.66425967],[73.03106654,5.67123735],[73.02803028,5.67038846],[73.02978075,5.66425967]],[[72.84683335,5.67060173],[72.84482932,5.66896164],[72.84681213,5.66780615],[72.84683335,5.67060173]],[[73.38669407,5.67531252],[73.38156354,5.66384685],[73.39061356,5.67268991],[73.38669407,5.67531252]],[[73.25795472,5.68794656],[73.25596321,5.68461335],[73.26055765,5.68111801],[73.25795472,5.68794656]],[[73.02607655,5.68878663],[73.02736485,5.69219565],[73.02430356,5.69125962],[73.02607655,5.68878663]],[[73.33936202,5.69229197],[73.34276056,5.69148815],[73.34257841,5.69272745],[73.33936202,5.69229197]],[[73.40760875,5.69803238],[73.41065395,5.69681394],[73.40804183,5.69800258],[73.40760875,5.69803238]],[[73.31402123,5.69455683],[73.31024778,5.69855225],[73.31101155,5.69321394],[73.31402123,5.69455683]],[[73.40789366,5.7015233],[73.40949571,5.69994485],[73.40865707,5.70172882],[73.40789366,5.7015233]],[[73.02157927,5.70693576],[73.02656496,5.70987821],[73.02476323,5.71473622],[73.02157927,5.70693576]],[[73.41196144,5.70979071],[73.41637874,5.70766175],[73.41507363,5.72128785],[73.41196144,5.70979071]],[[73.23595166,5.71717978],[73.23318946,5.71607876],[73.23607016,5.71590865],[73.23595166,5.71717978]],[[72.85736954,5.7242707],[72.85408604,5.72313631],[72.85758901,5.72356224],[72.85736954,5.7242707]],[[73.36130786,5.73453867],[73.35800147,5.73005152],[73.36350334,5.72555494],[73.36130786,5.73453867]],[[72.93632877,5.72867656],[72.93185723,5.73217106],[72.93310356,5.72860324],[72.93632877,5.72867656]],[[73.21354675,5.74352086],[73.21860325,5.74524093],[73.21690655,5.74704003],[73.21354675,5.74352086]],[[73.01440907,5.74778545],[73.01765764,5.75057232],[73.0149579,5.75105512],[73.01440907,5.74778545]],[[72.96052694,5.74899936],[72.96197426,5.75301755],[72.95932806,5.75297284],[72.96052694,5.74899936]],[[73.24971795,5.75356698],[73.25039816,5.74868047],[73.25300455,5.74987984],[73.24971795,5.75356698]],[[73.26082182,5.75463486],[73.26566255,5.75579095],[73.26419985,5.75783765],[73.26082182,5.75463486]],[[73.32388008,5.74690068],[73.32405818,5.74178052],[73.32629073,5.74186182],[73.32388008,5.74690068]],[[73.0100857,5.76241553],[73.01377118,5.76994514],[73.01160562,5.77348697],[73.0100857,5.76241553]],[[72.96654451,5.7683115],[72.96390951,5.76740074],[72.96684492,5.76634061],[72.96654451,5.7683115]],[[73.35987067,5.77480781],[73.36575234,5.77785444],[73.35933816,5.77854717],[73.35987067,5.77480781]],[[72.87534583,5.78152895],[72.87840354,5.78053796],[72.87849486,5.78111756],[72.87534583,5.78152895]],[[73.34065521,5.76920915],[73.34712112,5.76795435],[73.34129214,5.77287936],[73.34065521,5.76920915]],[[73.40578651,5.77275014],[73.41249323,5.76012075],[73.41873622,5.76329994],[73.40578651,5.77275014]],[[73.27746665,5.78616214],[73.27481556,5.78440762],[73.27697563,5.78431392],[73.27746665,5.78616214]],[[73.36524153,5.79110956],[73.35984087,5.78932393],[73.36579394,5.78834808],[73.36524153,5.79110956]],[[73.00705016,5.78900683],[73.00730717,5.79712057],[73.0036453,5.79424286],[73.00705016,5.78900683]],[[73.22574115,5.79709017],[73.22968388,5.79545355],[73.22964633,5.7980473],[73.22574115,5.79709017]],[[73.34309804,5.79641914],[73.34724545,5.79735506],[73.34293008,5.79845166],[73.34309804,5.79641914]],[[73.29951811,5.80302525],[73.29530287,5.80138254],[73.29965723,5.80048895],[73.29951811,5.80302525]],[[73.17122686,5.80148721],[73.1739372,5.80739522],[73.16819024,5.80925345],[73.17122686,5.80148721]],[[73.00593626,5.80423594],[73.00054395,5.81091964],[73.00344014,5.80367506],[73.00593626,5.80423594]],[[73.37425911,5.81574225],[73.38034976,5.81714904],[73.37434363,5.81909788],[73.37425911,5.81574225]],[[73.32867134,5.81513453],[73.32382584,5.81486762],[73.32740366,5.81283665],[73.32867134,5.81513453]],[[73.32048941,5.81518817],[73.3177917,5.81385422],[73.31997287,5.81370175],[73.32048941,5.81518817]],[[73.45998156,5.81116474],[73.48397195,5.82770157],[73.48115325,5.84069586],[73.47370052,5.82349265],[73.45998156,5.81116474]],[[73.38938105,5.82347262],[73.38579643,5.82275975],[73.38781405,5.81984973],[73.38938105,5.82347262]],[[73.21122921,5.83259714],[73.20810056,5.82897675],[73.21190286,5.82997894],[73.21122921,5.83259714]],[[73.30910933,5.83514082],[73.30429125,5.83646667],[73.30453706,5.83490515],[73.30910933,5.83514082]],[[73.44668806,5.84496856],[73.44342518,5.84519052],[73.44623327,5.84334195],[73.44668806,5.84496856]],[[72.99175704,5.85141528],[72.99369371,5.85757256],[72.98805821,5.86158442],[72.99175704,5.85141528]],[[73.36512125,5.85940433],[73.36795723,5.86212695],[73.36273921,5.86258376],[73.36512125,5.85940433]],[[73.20723486,5.86253035],[73.20644236,5.86523426],[73.20578074,5.86242914],[73.20723486,5.86253035]],[[73.33428097,5.85220146],[73.33838296,5.85169208],[73.33584213,5.85481465],[73.33428097,5.85220146]],[[73.14302504,5.87088561],[73.1427232,5.8755939],[73.14123046,5.87416887],[73.14302504,5.87088561]],[[73.34203053,5.87465286],[73.34385157,5.87618494],[73.34076357,5.8757081],[73.34203053,5.87465286]],[[73.46179116,5.88169301],[73.47171795,5.88151503],[73.46656692,5.88780475],[73.46179116,5.88169301]],[[73.40346146,5.88290954],[73.39701307,5.88398862],[73.39912295,5.88090014],[73.40346146,5.88290954]],[[73.37963772,5.88219106],[73.37726331,5.88759935],[73.37927794,5.88117492],[73.37963772,5.88219106]],[[73.31940556,5.88671207],[73.31833541,5.88900006],[73.31766546,5.88697183],[73.31940556,5.88671207]],[[73.45343184,5.90873265],[73.45596397,5.89752185],[73.45826507,5.89618278],[73.46024787,5.90017235],[73.45343184,5.90873265]],[[73.31841302,5.91447651],[73.31472027,5.91367042],[73.31471705,5.91080713],[73.31841302,5.91447651]],[[73.43928528,5.92114937],[73.43544686,5.91890383],[73.43834865,5.91872966],[73.43928528,5.92114937]],[[73.15689635,5.91913021],[73.15533555,5.92107356],[73.15499771,5.92034042],[73.15689635,5.91913021]],[[73.4285115,5.93357015],[73.40894616,5.96806765],[73.4017204,5.9700098],[73.4285115,5.93357015]],[[73.30996621,5.94939983],[73.30457854,5.95018005],[73.30538213,5.94798756],[73.30996621,5.94939983]],[[73.13211834,5.95113206],[73.1322782,5.95348585],[73.13174915,5.95134556],[73.13211834,5.95113206]],[[73.38763034,5.96290755],[73.38482893,5.96187925],[73.38711464,5.96051192],[73.38763034,5.96290755]],[[73.36775565,5.96293986],[73.36932802,5.96796966],[73.36397576,5.96747601],[73.36775565,5.96293986]],[[72.95566475,5.96342075],[72.95491171,5.97146094],[72.94815338,5.96875715],[72.95566475,5.96342075]],[[73.12279046,5.96775472],[73.12618101,5.96939278],[73.12357128,5.97142506],[73.12279046,5.96775472]],[[73.34363282,5.97427893],[73.34803176,5.97155845],[73.34895575,5.97454226],[73.34363282,5.97427893]],[[73.39291406,5.96982884],[73.39371884,5.96517098],[73.39543617,5.96692872],[73.39291406,5.96982884]],[[72.93626034,5.97748184],[72.93877792,5.98060656],[72.93595088,5.98041058],[72.93626034,5.97748184]],[[73.11025596,5.98137236],[73.11148942,5.97994101],[73.11106944,5.98238015],[73.11025596,5.98137236]],[[73.32086885,5.98307848],[73.32714057,5.98257697],[73.32142115,5.98691452],[73.32086885,5.98307848]],[[73.21492481,5.99776781],[73.21588671,5.99629915],[73.22516656,5.99232614],[73.21492481,5.99776781]],[[73.29932785,5.99947774],[73.30668461,6.00132334],[73.30325234,6.00366306],[73.29932785,5.99947774]],[[73.11649895,6.00740945],[73.10824025,6.00568843],[73.11640227,6.00477171],[73.11649895,6.00740945]],[[73.29861951,6.01543355],[73.29084897,6.01388943],[73.29778647,6.01158524],[73.29861951,6.01543355]],[[73.08780014,6.01828325],[73.08809555,6.02043951],[73.08335793,6.02108502],[73.08780014,6.01828325]],[[73.08009458,6.02350497],[73.07743645,6.02291465],[73.08121741,6.02210236],[73.08009458,6.02350497]],[[73.06769657,6.03055894],[73.0686866,6.02858424],[73.07257438,6.02654576],[73.06769657,6.03055894]],[[73.28695917,6.03844178],[73.28081751,6.03592777],[73.28682935,6.03436506],[73.28695917,6.03844178]],[[73.05637801,6.05450976],[73.05220985,6.05365634],[73.05612135,6.05211544],[73.05637801,6.05450976]],[[73.04598272,6.05510306],[73.04716873,6.05906773],[73.04507136,6.05931532],[73.04598272,6.05510306]],[[73.04320741,6.06190348],[73.04553294,6.06543553],[73.04469812,6.06644738],[73.04320741,6.06190348]],[[73.28103018,6.07163274],[73.28826594,6.06927454],[73.28324413,6.07956731],[73.28103018,6.07163274]],[[73.20524478,6.09054124],[73.20182562,6.09215772],[73.20296681,6.08596635],[73.20524478,6.09054124]],[[73.29103255,6.10621691],[73.28336847,6.09908032],[73.28905392,6.09740186],[73.29103255,6.10621691]],[[73.22978866,6.1153208],[73.22551584,6.1143229],[73.22804594,6.11158621],[73.22978866,6.1153208]],[[73.25646734,6.12462485],[73.25331736,6.11986566],[73.25571477,6.11976147],[73.25646734,6.12462485]],[[73.28930891,6.16515374],[73.28752387,6.1527822],[73.29088843,6.13808572],[73.29499984,6.14569354],[73.28930891,6.16515374]],[[73.25241852,6.15929031],[73.25114977,6.16855383],[73.24811041,6.16283548],[73.25241852,6.15929031]],[[73.29608047,6.18150163],[73.30201423,6.19100177],[73.30013657,6.19990551],[73.29583776,6.20371008],[73.29608047,6.18150163]],[[73.24762654,6.18829095],[73.24341941,6.18678701],[73.24701226,6.18572545],[73.24762654,6.18829095]],[[73.03339481,6.19975233],[73.02635086,6.19393146],[73.03554594,6.19647741],[73.03339481,6.19975233]],[[72.99912631,6.20242906],[72.9973948,6.20188487],[72.99749672,6.20095146],[72.99912631,6.20242906]],[[73.06018591,6.2060827],[73.06191742,6.21294045],[73.05717254,6.20885766],[73.06018591,6.2060827]],[[73.24390137,6.22893035],[73.24031687,6.23132241],[73.24013984,6.22696674],[73.24390137,6.22893035]],[[73.26196206,6.23171627],[73.27364266,6.23423386],[73.26890075,6.24021435],[73.26196206,6.23171627]],[[73.22200978,6.26275194],[73.21485996,6.26459336],[73.21822703,6.26038241],[73.22200978,6.26275194]],[[73.19220686,6.27720225],[73.19949603,6.27888775],[73.19360101,6.28180802],[73.19220686,6.27720225]],[[73.14794576,6.28147745],[73.1535567,6.28783858],[73.14747608,6.28749585],[73.14794576,6.28147745]],[[73.01408911,6.28591275],[73.01018906,6.29217744],[73.01214933,6.28211141],[73.01408911,6.28591275]],[[73.24017656,6.29743302],[73.24203515,6.27732205],[73.25128913,6.27999425],[73.24017656,6.29743302]],[[73.10403192,6.29973626],[73.11510754,6.30567265],[73.10914743,6.30859375],[73.10403192,6.29973626]],[[72.63845456,6.31476116],[72.64291656,6.32136631],[72.64301455,6.32278895],[72.63845456,6.31476116]],[[73.14536905,6.32686985],[73.15233815,6.32376325],[73.15255785,6.33135176],[73.14536905,6.32686985]],[[73.22561038,6.33192503],[73.2343744,6.32076883],[73.23075891,6.33165145],[73.22561038,6.33192503]],[[72.97004104,6.33339703],[72.97973645,6.33660817],[72.97723031,6.34387875],[72.97004104,6.33339703]],[[73.20395815,6.34951258],[73.21564281,6.34971654],[73.20494711,6.35466123],[73.20395815,6.34951258]],[[73.04335928,6.36006212],[73.0547477,6.36013246],[73.05099904,6.36611986],[73.04335928,6.36006212]],[[72.92740595,6.39521325],[72.92610645,6.39407635],[72.92691076,6.39319122],[72.92740595,6.39521325]],[[72.69728696,6.39534485],[72.69357765,6.39507365],[72.69707,6.39461303],[72.69728696,6.39534485]],[[72.70567262,6.41487467],[72.70871484,6.40782523],[72.71075165,6.41555655],[72.70567262,6.41487467]],[[72.64572012,6.40868604],[72.64839113,6.41009891],[72.64426386,6.40956032],[72.64572012,6.40868604]],[[72.92841876,6.42526758],[72.93331218,6.43475676],[72.92169595,6.42790926],[72.92841876,6.42526758]],[[72.91356266,6.44304442],[72.92122126,6.43808746],[72.92345965,6.44136584],[72.91356266,6.44304442]],[[73.07355642,6.43613946],[73.06518316,6.43186593],[73.06827664,6.43004346],[73.07355642,6.43613946]],[[73.06237686,6.44882262],[73.05669296,6.44993675],[73.05774581,6.44744468],[73.06237686,6.44882262]],[[72.90491414,6.47832215],[72.9011209,6.4771291],[72.90437114,6.47651148],[72.90491414,6.47832215]],[[73.0586766,6.51559114],[73.04981315,6.51591516],[73.05510604,6.51152062],[73.0586766,6.51559114]],[[72.98767304,6.54115498],[72.97227395,6.54279828],[72.97746146,6.53630173],[72.98767304,6.54115498]],[[72.90386474,6.53727174],[72.89402556,6.54020882],[72.886819,6.53926265],[72.90386474,6.53727174]],[[72.95292902,6.54610527],[72.95496535,6.55332196],[72.94503498,6.54899144],[72.95292902,6.54610527]],[[73.05749607,6.57617283],[73.04584384,6.57407916],[73.05510676,6.56014025],[73.05749607,6.57617283]],[[72.98424435,6.56685627],[72.98206925,6.56573164],[72.98420143,6.56564355],[72.98424435,6.56685627]],[[73.01345432,6.60329795],[73.00454354,6.60311961],[73.01192796,6.59623051],[73.01345432,6.60329795]],[[73.06503034,6.63479447],[73.06708264,6.61619925],[73.07284617,6.61150956],[73.07620466,6.6259557],[73.06503034,6.63479447]],[[72.92134845,6.64482284],[72.91565847,6.64276433],[72.9250437,6.64250827],[72.92134845,6.64482284]],[[73.07677472,6.66241527],[73.08898723,6.66185105],[73.08042812,6.67291522],[73.07677472,6.66241527]],[[73.03116047,6.65911555],[73.02411437,6.65755165],[73.02936637,6.65393496],[73.03116047,6.65911555]],[[72.94021893,6.65921605],[72.9333508,6.6562916],[72.93880105,6.65483618],[72.94021893,6.65921605]],[[72.99617481,6.66210616],[72.99786794,6.66868842],[72.99327576,6.66764331],[72.99617481,6.66210616]],[[72.90554643,6.66845524],[72.91576183,6.67432094],[72.89368427,6.66702926],[72.90554643,6.66845524]],[[73.11170554,6.67659497],[73.125,6.69503343],[73.12327385,6.71020865],[73.11571932,6.70474374],[73.11170554,6.67659497]],[[72.94911051,6.70259905],[72.94739401,6.70078254],[72.94924951,6.70016527],[72.94911051,6.70259905]],[[72.90050197,6.70462847],[72.89765048,6.70549655],[72.90028274,6.70426106],[72.90050197,6.70462847]],[[72.94941938,6.71612132],[72.94503355,6.71388805],[72.94848621,6.71170855],[72.94941938,6.71612132]],[[73.02418697,6.72073185],[73.02329385,6.72993064],[73.0201776,6.72865498],[73.02418697,6.72073185]],[[73.18426216,6.77720475],[73.14687896,6.72766185],[73.15492976,6.72564411],[73.16683602,6.73678374],[73.18426216,6.77720475]],[[73.03440714,6.73379242],[73.03324425,6.74550605],[73.02970302,6.74570882],[73.03440714,6.73379242]],[[72.93508852,6.74274576],[72.93637204,6.75124955],[72.93242097,6.74426484],[72.93508852,6.74274576]],[[73.05319583,6.75314045],[73.05415845,6.73858941],[73.05877042,6.74125695],[73.05319583,6.75314045]],[[73.09001076,6.76880598],[73.08490086,6.77154481],[73.08862472,6.76659405],[73.09001076,6.76880598]],[[73.11845672,6.77686501],[73.12763774,6.77266204],[73.11869645,6.78708124],[73.11845672,6.77686501]],[[73.05657411,6.7824465],[73.05134296,6.78640211],[73.05304575,6.78219795],[73.05657411,6.7824465]],[[73.2096312,6.82709634],[73.19688165,6.81238234],[73.20611095,6.80639064],[73.21850598,6.81948245],[73.2096312,6.82709634]],[[73.15615284,6.82270813],[73.15464973,6.83517265],[73.15145552,6.83308756],[73.15615284,6.82270813]],[[73.00860608,6.83439004],[73.01408136,6.84003305],[73.0082823,6.84081996],[73.00860608,6.83439004]],[[72.99554014,6.84021235],[72.99512577,6.84777474],[72.99209034,6.84837735],[72.99554014,6.84021235]],[[72.98175156,6.85176945],[72.98750162,6.85461426],[72.98520196,6.85755014],[72.98175156,6.85176945]],[[73.15266216,6.85121274],[73.15263712,6.84668875],[73.15503454,6.84823966],[73.15266216,6.85121274]],[[73.05556846,6.83865583],[73.04932368,6.84280264],[73.05473721,6.83767807],[73.05556846,6.83865583]],[[73.16808915,6.84204912],[73.16779327,6.83270097],[73.17060673,6.83380365],[73.16808915,6.84204912]],[[73.116539,6.83493912],[73.10897434,6.83315754],[73.11472034,6.83092308],[73.116539,6.83493912]],[[73.23091626,6.92460525],[73.22062266,6.87665403],[73.23136377,6.86885142],[73.23684788,6.90136707],[73.23091626,6.92460525]],[[73.11319685,6.88155675],[73.11374807,6.89291871],[73.10733497,6.89489651],[73.11319685,6.88155675]],[[73.1247344,6.89608645],[73.12932777,6.89410126],[73.12794423,6.89745235],[73.1247344,6.89608645]],[[73.16709244,6.90249515],[73.16138661,6.89542115],[73.16787887,6.90163362],[73.16709244,6.90249515]],[[73.13835478,6.92843461],[73.13472438,6.92798138],[73.13440216,6.92734623],[73.13835478,6.92843461]],[[73.22272623,6.95706928],[73.2088418,6.95921981],[73.21338916,6.93674457],[73.22272623,6.95706928]],[[72.98499692,6.94603097],[72.98188913,6.94674885],[72.98493505,6.94405723],[72.98499692,6.94603097]],[[72.92209911,6.95107496],[72.92904031,6.95639503],[72.92486465,6.9574182],[72.92209911,6.95107496]],[[72.90725183,6.95260131],[72.90378797,6.96637034],[72.90255785,6.96771896],[72.90725183,6.95260131]],[[72.90197861,6.97263455],[72.90066421,6.97022748],[72.90207541,6.96937513],[72.90197861,6.97263455]],[[72.89819694,6.98484278],[72.88837683,6.98646748],[72.89851785,6.97674024],[72.89819694,6.98484278]],[[72.88491952,6.98945308],[72.88279533,6.98927271],[72.88609552,6.98797286],[72.88491952,6.98945308]],[[72.87582493,6.99410164],[72.87231696,6.99503171],[72.87648284,6.99287891],[72.87582493,6.99410164]],[[72.93858337,6.99674404],[72.94161355,6.99741077],[72.9393841,6.99918926],[72.93858337,6.99674404]],[[72.86409032,7.00273848],[72.85916507,7.00392616],[72.86632991,6.99984252],[72.86409032,7.00273848]],[[72.99622035,7.00647736],[73.00429606,7.01110065],[72.99103534,7.02551913],[72.99622035,7.00647736]],[[72.85483563,7.00796747],[72.85209393,7.01000464],[72.84807312,7.01078355],[72.85483563,7.00796747]],[[72.93235445,7.00995982],[72.9369204,7.01101327],[72.93289006,7.01345527],[72.93235445,7.00995982]],[[72.92006695,7.01277924],[72.91824424,7.01327801],[72.91915345,7.01118076],[72.92006695,7.01277924]],[[72.83234715,7.02046025],[72.82853174,7.01966345],[72.83142865,7.01852071],[72.83234715,7.02046025]],[[72.82065904,7.0275619],[72.81790316,7.02718866],[72.82033813,7.02641201],[72.82065904,7.0275619]],[[72.98234975,7.04070711],[72.98147702,7.04309642],[72.97719896,7.04282534],[72.98234975,7.04070711]],[[72.97333217,7.04793072],[72.96909773,7.04906416],[72.97169006,7.04425633],[72.97333217,7.04793072]],[[72.95652056,7.05492425],[72.95365572,7.05145657],[72.95593703,7.05162597],[72.95652056,7.05492425]],[[72.81264102,7.07207406],[72.813223,7.07876873],[72.80930674,7.07164848],[72.81264102,7.07207406]],[[72.92799246,7.07344186],[72.93275142,7.08294785],[72.92112434,7.09423244],[72.91730452,7.09361005],[72.92799246,7.07344186]],[[72.87713146,7.0906707],[72.87836981,7.09636235],[72.87665355,7.09536934],[72.87713146,7.0906707]],[[72.90391254,7.10533154],[72.89496565,7.10624564],[72.89457035,7.10364366],[72.90391254,7.10533154]]]}},{"type":"Feature","properties":{"mrgid":8492,"name":"Indonesian Exclusive Economic Zone","territory":"Indonesia","sovereign":"Indonesia","pol_type":"200NM","is_india":false},"geometry":{"type":"MultiPolygon","coordinates":[[[[97.43692227963582,-5.0],[96.7292341,-4.24930283],[96.44268172,-3.96954398],[96.12742682,-3.58585571],[95.9898884,-3.37938724],[95.76357202,-2.98490111],[95.00939603,-1.84165355],[94.19753185,-0.46515427],[93.69278369,0.03136666],[93.07413182,0.55673324],[92.87057076,0.77354689],[92.68336801,1.01267717],[92.46966911,1.35430834],[92.29559623,1.72406746],[92.16862902,2.10206671],[92.08610652,2.49898726],[92.05452209,2.82477084],[92.05514784,3.14210516],[92.08758552,3.48629496],[92.16011405,3.84065779],[92.72527778,4.30861111],[93.68666667,5.42222222],[94.40333333,6.27],[94.63333333,6.64166667],[94.92694444,7.04],[95.53,7.78333333],[96.60833333,7.09666667],[97.9,6.36333333],[98.025,5.95],[98.29166667,5.45],[98.69166667,4.92833333],[99.72666667,3.99333333],[100.0,3.7187721604366604],[100.0,2.7262159502405563],[99.96836412,2.70157433],[99.99969924,2.70111275],[100.0,2.67826295],[99.97848296,2.67382813],[99.94793582,2.70589483],[99.99362016,2.78249621],[99.99275947,2.95327425],[99.98063576,2.96031356],[99.9780426,2.94383156],[99.93496132,2.97285748],[99.8888489,3.04029667],[99.86841452,3.02951241],[99.86375356,2.98107827],[99.80884731,2.98983777],[99.81156921,2.96829045],[99.83470392,2.95608473],[99.83752716,2.94867003],[99.83719015,2.94179332],[99.81065154,2.96295762],[99.80186033,2.9820255],[99.80213964,2.98869956],[99.80839884,2.99718034],[99.85999596,2.99042964],[99.85956037,3.03635716],[99.76860428,3.13546395],[99.75603175,3.17026532],[99.68709683,3.20736611],[99.55196214,3.24220836],[99.48653316,3.31847095],[99.48509955,3.34732533],[99.3350203,3.42570055],[99.32347095,3.41366315],[99.32879496,3.42703426],[99.28893864,3.47874916],[99.27241898,3.46988654],[99.27714193,3.48325884],[99.21621847,3.52536178],[98.95521474,3.67553663],[98.88565671,3.68418133],[98.78133166,3.72563541],[98.75517881,3.76379788],[98.72545576,3.77368295],[98.70708907,3.77041733],[98.70268965,3.75177991],[98.72357881,3.73398292],[98.70463347,3.73996162],[98.70121264,3.75100565],[98.70309913,3.76806533],[98.71846664,3.79634166],[98.68253088,3.78768587],[98.67998958,3.76796341],[98.6346426,3.77536786],[98.63754761,3.76852131],[98.62603545,3.76041937],[98.63186562,3.75636804],[98.62908494,3.75229144],[98.62163782,3.75740576],[98.6346997,3.76959753],[98.62645435,3.78201842],[98.67395353,3.77685642],[98.68880975,3.79767168],[98.70887673,3.79746306],[98.69688225,3.8789947],[98.6723659,3.90843225],[98.65260375,3.88288641],[98.65188992,3.89952385],[98.63906443,3.88383186],[98.62402451,3.88327205],[98.61251914,3.86626685],[98.60426807,3.86751664],[98.62663352,3.91228724],[98.61490655,3.91175091],[98.61828756,3.90356803],[98.61591887,3.90031934],[98.61339974,3.90132713],[98.61165142,3.8979125],[98.60214245,3.9155215],[98.60477364,3.89978588],[98.59989107,3.89956641],[98.59876585,3.89377177],[98.590397,3.89010441],[98.60212696,3.91882062],[98.58701146,3.92499423],[98.57375944,3.90851855],[98.57484555,3.92849791],[98.55993795,3.92078376],[98.55533636,3.88904023],[98.54720986,3.89028478],[98.55213201,3.8952682],[98.55303895,3.90911806],[98.56283605,3.92616403],[98.57522535,3.93045413],[98.58312452,3.92867303],[98.56647253,3.93839884],[98.56597161,3.93083692],[98.56137443,3.92746127],[98.55503511,3.92873085],[98.55617428,3.92604065],[98.55255926,3.92006373],[98.54311752,3.91410065],[98.55372417,3.92933178],[98.56586003,3.93257082],[98.55501223,3.94482386],[98.54506195,3.94000292],[98.54322362,3.92736495],[98.53570521,3.92390704],[98.53897035,3.91891921],[98.53759706,3.89580691],[98.53213,3.88326871],[98.53615916,3.89710403],[98.53350401,3.91242945],[98.53631353,3.92928517],[98.52251291,3.91417551],[98.52458048,3.93102705],[98.5067296,3.92122698],[98.49761784,3.92275894],[98.51990175,3.93258333],[98.53380024,3.93314266],[98.51129246,3.94678795],[98.51096213,3.93179643],[98.50585997,3.93261278],[98.5023427,3.93572974],[98.50592971,3.94635308],[98.51046026,3.94860697],[98.5303266,3.94444084],[98.52111554,3.97378397],[98.50917482,3.95379364],[98.49121785,3.93215215],[98.46773541,3.91310346],[98.46494007,3.89722002],[98.46819246,3.88851547],[98.46609104,3.88056254],[98.47050273,3.8671875],[98.46906376,3.84794235],[98.46358323,3.89845955],[98.46585846,3.91232955],[98.51973867,3.97554231],[98.54440534,3.97750843],[98.53636801,4.01261246],[98.49500465,4.01588917],[98.49804688,3.98875475],[98.48854113,3.98044348],[98.49100566,4.02957284],[98.44850481,4.04053485],[98.45869017,4.01842666],[98.45732784,4.01295161],[98.45019031,4.00648475],[98.43542516,4.01752818],[98.44138932,4.00032055],[98.43305457,4.01718295],[98.44130445,4.0201478],[98.45065355,4.00796604],[98.45710743,4.02025986],[98.43614805,4.04149926],[98.43148661,4.02402425],[98.40597165,4.01757407],[98.40847576,3.99948275],[98.40151691,3.99106336],[98.39687681,3.99435222],[98.39236975,3.98699784],[98.3828088,3.9868381],[98.38617182,3.96944761],[98.3773514,3.96980965],[98.38586104,3.99932265],[98.40073764,3.99492776],[98.39819634,4.00289702],[98.40058994,4.01089585],[98.39282131,4.00648534],[98.38694513,4.0060302],[98.40018415,4.01276803],[98.40657425,3.99947631],[98.40424764,4.01757073],[98.43053794,4.02667665],[98.40515232,4.03663993],[98.40715432,4.04715395],[98.40044308,4.03591347],[98.39747035,4.03484762],[98.38997686,4.03805375],[98.38800061,4.02918804],[98.38073063,4.0304991],[98.40188765,4.0480653],[98.40921974,4.04701805],[98.41162908,4.03683031],[98.43040073,4.04603446],[98.39365542,4.07610393],[98.37364721,4.07447791],[98.37354195,4.06289554],[98.36982787,4.05726886],[98.36987746,4.07329774],[98.34962785,4.07837451],[98.31598055,4.07251465],[98.30815315,4.04021573],[98.28290653,4.02658045],[98.26428735,4.03168094],[98.27134025,4.01777327],[98.24665415,4.00871825],[98.26821685,4.01745057],[98.26295996,4.03289425],[98.29697764,4.03909493],[98.27516353,4.05155838],[98.26621711,4.04132414],[98.25580835,4.03875387],[98.25495517,4.03084326],[98.25222814,4.02939665],[98.25350034,4.03795695],[98.28089035,4.06227541],[98.28562558,4.04634917],[98.30625546,4.04365647],[98.31044805,4.07361305],[98.29830253,4.10597944],[98.24876654,4.13070655],[98.25411403,4.12375486],[98.25350165,4.12175333],[98.21080864,4.12455225],[98.20225644,4.10985374],[98.18283391,4.09885097],[98.19645667,4.10858846],[98.18345487,4.10933495],[98.16318405,4.08123243],[98.18185616,4.06582534],[98.15977883,4.07836914],[98.16005015,4.06920385],[98.14027095,4.05298126],[98.15943491,4.07177091],[98.15274692,4.07950008],[98.14373791,4.07018852],[98.13082576,4.07265472],[98.14649403,4.07499278],[98.13695323,4.08879065],[98.15342653,4.08428562],[98.13758266,4.09432316],[98.12148344,4.12285745],[98.16099381,4.08344042],[98.17792368,4.14469147],[98.15169644,4.15788984],[98.14439583,4.19264185],[98.16157496,4.15436983],[98.18462718,4.17332196],[98.17333853,4.16821861],[98.16497922,4.17083144],[98.24532938,4.18652844],[98.25394857,4.20134461],[98.2447685,4.26464832],[98.21177745,4.25311828],[98.20787954,4.24427998],[98.21395934,4.22756946],[98.21168578,4.22350764],[98.20692587,4.22231448],[98.19676852,4.23059082],[98.19591677,4.2359184],[98.21159017,4.22516715],[98.20627415,4.24134052],[98.20983744,4.25320876],[98.25278008,4.28023803],[98.24550235,4.29386806],[98.23857486,4.28340554],[98.23055995,4.28493953],[98.26777422,4.31120682],[98.25301647,4.31755543],[98.24578345,4.32867074],[98.26607203,4.31395483],[98.27934587,4.32921255],[98.27929437,4.38865173],[98.27148867,4.37997496],[98.26358545,4.38047016],[98.26546037,4.37637508],[98.2613008,4.36734867],[98.25825393,4.36796725],[98.26059282,4.38133764],[98.27721155,4.39101756],[98.27141297,4.40709102],[98.28054237,4.39763927],[98.28554726,4.41803861],[98.28046036,4.42100787],[98.26533067,4.40989184],[98.24957442,4.40544856],[98.26171875,4.42201436],[98.24959254,4.42914593],[98.24641442,4.44020402],[98.23829436,4.44338906],[98.22301376,4.43294597],[98.20480156,4.4337455],[98.22353625,4.43444622],[98.23739636,4.45873845],[98.19387865,4.48136163],[98.18598533,4.44823027],[98.1716181,4.46916854],[98.17581761,4.47434413],[98.17998958,4.47146261],[98.18122852,4.46805477],[98.18715406,4.48417056],[98.15563345,4.49468613],[98.17925704,4.49551117],[98.15275657,4.51122081],[98.13335013,4.50396264],[98.14462864,4.51151395],[98.11923647,4.52380145],[98.11373055,4.52227962],[98.12106025,4.51042736],[98.1179955,4.49770224],[98.11028588,4.52257133],[98.08713305,4.52315593],[98.09474444,4.50460863],[98.08084094,4.50284195],[98.10210907,4.48851442],[98.09218562,4.47643876],[98.09311795,4.48371375],[98.08481312,4.48561478],[98.08531415,4.48364496],[98.08831501,4.48322856],[98.09035277,4.48096585],[98.08046043,4.45942974],[98.07949352,4.50958204],[98.06245601,4.50850832],[98.06738746,4.4931643],[98.06245911,4.47856236],[98.06869161,4.47757995],[98.06926322,4.47463536],[98.0584048,4.47869027],[98.05885828,4.51587105],[98.05399406,4.50547874],[98.05240166,4.50921977],[98.05758476,4.51808357],[98.07910407,4.51521337],[98.06270516,4.52608812],[98.0859375,4.53348207],[98.06574106,4.55287015],[98.03906274,4.52693725],[98.04695284,4.51640534],[98.03566241,4.51340532],[98.04633057,4.51088154],[98.04801786,4.50643146],[98.03321564,4.51295686],[98.04579854,4.51659107],[98.03680956,4.52737308],[98.01727676,4.51658761],[98.03463995,4.50427532],[98.03103971,4.49737751],[98.02171504,4.49579108],[98.01868606,4.48654675],[98.02621198,4.48648381],[98.03662336,4.47661245],[98.00649774,4.48442328],[98.01680541,4.48707342],[98.02180636,4.49829626],[98.03316271,4.50292945],[98.01520276,4.51637483],[98.03840005,4.54773057],[98.00137985,4.53164327],[98.00045824,4.52384675],[97.99208343,4.51826513],[98.00897157,4.51497161],[97.99472106,4.50964928],[97.99076915,4.51939166],[97.99554074,4.53231716],[97.98324144,4.53387201],[97.98934031,4.52380323],[97.98994374,4.5158329],[97.98716831,4.51337814],[97.97932076,4.52494776],[97.98270345,4.53612423],[97.98641705,4.53955615],[97.97622633,4.55766082],[97.98173845,4.54444742],[97.97098756,4.52312756],[97.9507575,4.53197742],[97.96474814,4.53087985],[97.96530867,4.53777933],[97.97280681,4.5395807],[97.96882975,4.55143321],[97.96461785,4.54048967],[97.95342505,4.54355037],[97.95328295,4.54656315],[97.95543027,4.55021644],[97.96470535,4.5420295],[97.96795726,4.55321944],[97.97754395,4.54195392],[97.97242427,4.55985856],[97.98118877,4.56649828],[97.98162818,4.57308483],[97.97628522,4.57551754],[97.9778707,4.56745946],[97.96895731,4.56065488],[97.96435964,4.56656587],[97.97606051,4.57753754],[97.98164392,4.57530475],[97.98486876,4.56780541],[98.01845038,4.60946155],[98.00026214,4.62648463],[98.00453591,4.60307968],[97.98449683,4.58968055],[97.96327746,4.59236956],[97.95551777,4.60402155],[97.9824481,4.59129536],[98.00249088,4.60816205],[97.97455084,4.62442493],[97.9946841,4.61963594],[97.99591172,4.63821614],[97.95359981,4.68338096],[97.95543587,4.69623184],[97.96901894,4.67974722],[97.9598397,4.70368302],[97.97618461,4.67076945],[97.95995033,4.73195314],[97.94245946,4.74352133],[97.95759666,4.74696314],[97.95378268,4.75905132],[97.93336391,4.78718817],[97.92698657,4.77783811],[97.93300271,4.78940535],[97.94511104,4.77599466],[97.90312874,4.88718224],[97.84041774,4.90788317],[97.64498556,5.07473731],[97.64963484,5.11911118],[97.61789942,5.12395525],[97.61324418,5.10931301],[97.61310887,5.12234926],[97.62557387,5.12957525],[97.59186411,5.14423215],[97.57932866,5.13363314],[97.57500052,5.13633931],[97.59147835,5.14941084],[97.57709062,5.16558862],[97.576828,5.15241373],[97.57170474,5.15315914],[97.56664717,5.18161094],[97.55494416,5.17779148],[97.54043055,5.17921412],[97.53619754,5.18086684],[97.57067955,5.18208361],[97.53320742,5.20930827],[97.52291107,5.22878945],[97.55451047,5.21221101],[97.51265085,5.24299502],[97.49306512,5.24968874],[97.19941163,5.14208806],[97.14274836,5.15588546],[97.14831793,5.19321728],[97.08611596,5.23329794],[96.97905004,5.26304245],[96.88385165,5.23502541],[96.86101806,5.24259365],[96.85382736,5.25601983],[96.86483204,5.25244403],[96.85564268,5.25999045],[96.86576855,5.26825321],[96.84455848,5.2762171],[96.84267783,5.25511563],[96.78593993,5.25737214],[96.75032306,5.22408438],[96.71305788,5.23480022],[96.7269932,5.24785304],[96.64057183,5.21431506],[96.52056623,5.19840956],[96.48463857,5.20961463],[96.46577466,5.23738492],[96.41716695,5.19888425],[96.38234937,5.20018923],[96.25678563,5.26254785],[96.18797195,5.25979495],[96.12189627,5.28171575],[96.12951314,5.2734375],[96.08928275,5.26455855],[96.11340928,5.28340065],[96.07807553,5.29039562],[95.93836725,5.40734673],[95.94822991,5.39506924],[95.93578625,5.4015696],[95.94378734,5.39076436],[95.92431831,5.38504457],[95.88711047,5.42430615],[95.89011455,5.43708146],[95.89671898,5.42664611],[95.89891946,5.429744],[95.8901304,5.45259285],[95.90931177,5.43372774],[95.88700795,5.5041368],[95.61168778,5.62773216],[95.53066122,5.61439717],[95.51576448,5.59527886],[95.43225825,5.65705836],[95.37806427,5.61556995],[95.38715005,5.61895335],[95.39167976,5.61576712],[95.35468781,5.58639526],[95.3594135,5.57244885],[95.34622967,5.58642971],[95.33960235,5.57162726],[95.3420583,5.59249437],[95.33448243,5.57324624],[95.33132577,5.58852124],[95.31803584,5.58385944],[95.34580457,5.59516644],[95.34853506,5.59840262],[95.34691465,5.60495675],[95.34664464,5.59763825],[95.32505167,5.59355831],[95.32039535,5.58655977],[95.29784274,5.56954527],[95.29924715,5.56494606],[95.28367043,5.55995882],[95.27579415,5.54659808],[95.27930701,5.55619526],[95.23822212,5.55729854],[95.25752222,5.54911065],[95.24498165,5.54575884],[95.22521865,5.57601964],[95.19356251,5.52776635],[95.22867048,5.49504185],[95.24341011,5.45646274],[95.22984958,5.43264735],[95.25276566,5.39340425],[95.24041247,5.34105635],[95.23004746,5.36204565],[95.22160315,5.34446847],[95.23776782,5.32473743],[95.21787155,5.32354522],[95.21199822,5.27569032],[95.24151063,5.28327823],[95.23308015,5.25659406],[95.25323892,5.23034644],[95.2408092,5.22356117],[95.30563045,5.16997993],[95.30840921,5.13015032],[95.28282428,5.10893857],[95.30405235,5.11469007],[95.31650102,5.09007812],[95.30601645,5.08072805],[95.36414063,5.03170872],[95.35509527,5.0044893],[95.38007712,4.96490955],[95.36692953,4.94709861],[95.42513955,4.83939397],[95.41217351,4.82007456],[95.44516015,4.80716896],[95.49423218,4.74848735],[95.53865576,4.65317404],[95.56073737,4.66594255],[95.58197308,4.65730417],[95.56817341,4.62545395],[95.60964513,4.61916053],[95.79696751,4.44463992],[95.80936491,4.44526136],[95.81559265,4.43283153],[95.83533764,4.43847406],[95.84564281,4.43561411],[95.84947026,4.44042432],[95.84662867,4.43445063],[95.81567717,4.43171012],[95.80002975,4.44044507],[95.96340132,4.27196765],[95.98176861,4.28505301],[95.96635115,4.26749742],[96.02402616,4.19391835],[96.05984855,4.20369482],[96.12693477,4.12369788],[96.14613915,4.14183247],[96.13954174,4.14848042],[96.13943386,4.15202975],[96.23704135,4.05441773],[96.23827398,4.0656327],[96.24248636,4.06761885],[96.24757946,4.03981256],[96.38016033,3.85566366],[96.49491346,3.75090933],[96.54697752,3.73018956],[96.74162722,3.75232005],[96.80529058,3.72774076],[96.87240803,3.68618453],[96.90329194,3.60283315],[97.00195622,3.54723525],[97.16976607,3.25700533],[97.19347715,3.26063263],[97.26205671,3.21586156],[97.31236625,3.10444498],[97.30184221,3.10571492],[97.31521225,3.0570358],[97.32383454,3.06241727],[97.31799185,3.05285144],[97.37196481,2.98586512],[97.43046927,2.93085265],[97.48607755,2.92054677],[97.5403856,2.88342071],[97.57922506,2.89098728],[97.59719634,2.87339902],[97.65029442,2.67243183],[97.66282237,2.39962256],[97.77672064,2.24065506],[97.77868354,2.27335608],[97.75775683,2.29019117],[97.74724936,2.30315375],[97.74501562,2.30818403],[97.74615395,2.31558526],[97.75857234,2.31701815],[97.76967776,2.29913795],[97.78190756,2.31605232],[97.77242792,2.32008052],[97.77238631,2.32627642],[97.79829955,2.34595001],[97.80322993,2.34690881],[97.81034672,2.3429594],[97.80850017,2.33316326],[97.83020985,2.32871246],[97.85724246,2.34779584],[97.84101427,2.34381056],[97.83636975,2.34834015],[97.83975637,2.35347736],[97.85500491,2.35613537],[97.84425294,2.37930834],[97.85720825,2.38409126],[97.83590221,2.3866173],[97.83327937,2.39110494],[97.83995974,2.41448104],[97.85696113,2.42089844],[97.84067845,2.42468452],[97.83119845,2.43588567],[97.83434451,2.44025195],[97.84282517,2.43599474],[97.8327409,2.47971165],[97.84157336,2.49730003],[97.82419908,2.53208852],[97.82427645,2.53664875],[97.83026242,2.54516172],[97.82191646,2.54464281],[97.82001185,2.54771423],[97.82678914,2.56197762],[97.8120445,2.57176435],[97.81403053,2.57430816],[97.823704,2.57536602],[97.82683265,2.58944595],[97.83655214,2.59475005],[97.83303022,2.60181165],[97.834607,2.61486745],[97.83038056,2.61896467],[97.82977104,2.62255478],[97.84467447,2.64746094],[97.85609376,2.64904594],[97.86467075,2.67629528],[97.85598373,2.67494404],[97.84074724,2.67818046],[97.84069145,2.68153095],[97.84686935,2.6922996],[97.81940341,2.70786834],[97.81711805,2.71107328],[97.81746805,2.72042286],[97.80873334,2.71051395],[97.80230427,2.71049738],[97.79057574,2.74120927],[97.81177425,2.76724446],[97.81497562,2.76795626],[97.82398975,2.75839126],[97.8237462,2.76993454],[97.83887064,2.77309334],[97.82503605,2.75714946],[97.81319594,2.76710618],[97.79195166,2.74089897],[97.80337167,2.71143162],[97.81747913,2.72208357],[97.84826767,2.69295716],[97.84158528,2.67836297],[97.84831548,2.68101394],[97.86610687,2.67612565],[97.85665226,2.64688015],[97.83139014,2.62251735],[97.83594358,2.61518776],[97.83796525,2.59474313],[97.82530332,2.57487786],[97.81351686,2.57144201],[97.82826686,2.56188643],[97.84320617,2.49762452],[97.84442866,2.43489671],[97.83245361,2.43651211],[97.85829926,2.42075861],[97.83531654,2.39048243],[97.85804606,2.38491046],[97.85692823,2.37940133],[97.84565032,2.37883174],[97.85677278,2.35702765],[97.83798873,2.34742475],[97.85944176,2.34802163],[97.82995248,2.32620037],[97.808604,2.3315134],[97.80209053,2.34458697],[97.77451456,2.32527351],[97.7831701,2.31644201],[97.77209544,2.29786897],[97.76319051,2.30006397],[97.75824988,2.31414461],[97.747491,2.31297934],[97.78324175,2.27190292],[97.78222775,2.23418641],[97.80264091,2.26807976],[97.83585834,2.26093423],[97.8398447,2.28801692],[97.83913481,2.25892532],[97.86604178,2.24885798],[97.86330545,2.26785052],[97.89843953,2.27949786],[97.88636935,2.25505126],[97.86883593,2.25097835],[97.87722814,2.24305665],[97.91678166,2.27242792],[97.96966982,2.26276052],[98.11212552,2.18639815],[98.23184013,2.09093022],[98.26936555,2.05313051],[98.26322913,2.02737153],[98.28656852,2.04373384],[98.31040502,2.03381312],[98.34271562,2.04743481],[98.36730266,2.0221374],[98.35776746,2.00307655],[98.37700224,2.01617861],[98.46433485,1.98748136],[98.54609466,1.90583146],[98.56438732,1.86730623],[98.60692203,1.839751],[98.68509936,1.73433673],[98.73680305,1.72246385],[98.7313832,1.76782131],[98.71727514,1.75397646],[98.70037925,1.77107036],[98.67027056,1.76909184],[98.70682645,1.78515625],[98.74241447,1.78164184],[98.76752257,1.76186776],[98.79613376,1.72306645],[98.78129995,1.71723986],[98.78658974,1.69123566],[98.82526565,1.6776545],[98.83965945,1.62855411],[98.80017555,1.59665954],[98.80633295,1.56620801],[98.78266227,1.57830608],[98.7667948,1.52860463],[98.7299664,1.56785166],[98.71271443,1.55936062],[98.76278353,1.49711454],[98.78278446,1.42536294],[98.84074521,1.34580648],[98.85401845,1.31179357],[98.84144604,1.28050566],[98.90901065,1.12734306],[98.92764235,1.04472935],[98.93060052,1.04707325],[98.94657385,1.03453624],[98.95015848,1.05374801],[98.94848907,1.03351188],[98.92722356,1.04088926],[98.97328103,0.92252922],[98.98601961,0.85310483],[98.97042573,0.84738684],[98.99396241,0.82134616],[99.01195943,0.82415366],[99.05883086,0.74223411],[99.06163192,0.68986964],[99.04635262,0.67065835],[99.06614792,0.65912366],[99.04858065,0.62458837],[99.07465005,0.62955904],[99.10066795,0.59724176],[99.11097455,0.54887462],[99.08863807,0.52942681],[99.09310102,0.50686026],[99.11627674,0.50548422],[99.13780534,0.44453824],[99.140625,0.39704227],[99.10887706,0.3462404],[99.15450835,0.31722474],[99.15938592,0.27045894],[99.13758051,0.25316787],[99.16929746,0.22601998],[99.19127703,0.25263298],[99.20960271,0.21611905],[99.26310217,0.20148814],[99.28063583,0.2357161],[99.35277498,0.23207796],[99.38624573,0.20161545],[99.37137187,0.19386363],[99.39224613,0.18622828],[99.39829803,0.15150654],[99.42821932,0.1528511],[99.51821423,0.12087858],[99.52650964,0.11286032],[99.49926877,0.1235429],[99.62906826,0.06314635],[99.62033582,0.07265115],[99.63593984,0.06039631],[99.63288474,0.05922472],[99.62291968,0.06198096],[99.69499874,0.0047965],[99.70221138,0.02285135],[99.69581962,0.01616371],[99.69175506,0.01736164],[99.69233084,0.04154456],[99.69247973,0.0184406],[99.69995153,0.02632606],[99.70363224,0.02312875],[99.69475436,0.0],[99.74204802,-0.03097093],[99.76638377,-0.06996286],[99.76769364,-0.08721852],[99.75565195,-0.09069395],[99.76733506,-0.10275853],[99.74370337,-0.14207828],[99.75796211,-0.14403152],[99.74633586,-0.14690745],[99.79461324,-0.21212387],[99.81708264,-0.29901755],[99.88880086,-0.34407687],[99.91387332,-0.40313602],[100.0,-0.46799767],[100.0,-2.50400877],[99.97128654,-2.51210737],[99.97547853,-2.56600165],[99.95928526,-2.57078505],[99.98894751,-2.60897887],[99.97660494,-2.6343739],[100.0,-2.66461146],[99.99772716,-2.76176095],[99.97477245,-2.78631186],[99.98867142,-2.77385795],[100.0,-2.79767537],[100.0,-5.0],[97.43692227963582,-5.0]],[[99.72311544,3.34480906],[99.72311735,3.33905637],[99.72422516,3.33931565],[99.72311544,3.34480906]],[[99.75926673,3.42252016],[99.75517666,3.4185878],[99.75621366,3.41790402],[99.75926673,3.42252016]],[[99.49646854,3.77066576],[99.50192714,3.77647388],[99.49769831,3.77652192],[99.49646854,3.77066576]],[[98.66358483,3.90816987],[98.63225675,3.91702402],[98.62280524,3.88527954],[98.6378448,3.88558614],[98.65326941,3.90553987],[98.66358483,3.90816987]],[[98.66594672,3.90166354],[98.6551491,3.90455484],[98.65200794,3.90010333],[98.66594672,3.90166354]],[[98.57206166,3.94004107],[98.56080055,3.94109881],[98.56147182,3.93905735],[98.57206166,3.94004107]],[[98.55828667,3.94959486],[98.54884195,3.96628737],[98.54981983,3.98387206],[98.53646255,3.94281864],[98.55828667,3.94959486]],[[98.53366601,3.94478178],[98.53569365,3.94337118],[98.53528762,3.94582605],[98.53366601,3.94478178]],[[98.5328207,3.96318471],[98.53351295,3.95517945],[98.53462076,3.95490098],[98.5328207,3.96318471]],[[98.20443547,4.13185275],[98.20586216,4.13199425],[98.20502305,4.1328541],[98.20443547,4.13185275]],[[98.20418394,4.11910462],[98.2037003,4.14114964],[98.18391383,4.11442292],[98.19982088,4.11979544],[98.20418394,4.11910462]],[[98.19846737,4.11428344],[98.20170665,4.11657464],[98.19962895,4.11830354],[98.19846737,4.11428344]],[[98.18833375,4.12572813],[98.18820906,4.12781525],[98.18710065,4.12572813],[98.18833375,4.12572813]],[[98.19266057,4.13477504],[98.18886447,4.13042522],[98.18896615,4.12837946],[98.19266057,4.13477504]],[[98.17521405,4.13176084],[98.18519557,4.13995814],[98.18426454,4.14330006],[98.17521405,4.13176084]],[[98.23281634,4.14651024],[98.27176583,4.14071667],[98.26965046,4.17500186],[98.24346936,4.17495716],[98.23281634,4.14651024]],[[98.18611097,4.13472223],[98.18111098,4.13222206],[98.18166661,4.12999988],[98.18611097,4.13472223]],[[98.2851516,4.40503895],[98.28357971,4.39126694],[98.28476346,4.39045751],[98.2851516,4.40503895]],[[98.24791431,4.44336641],[98.24966145,4.43039036],[98.26138723,4.42426705],[98.26558971,4.41099894],[98.27686334,4.42386365],[98.24791431,4.44336641]],[[98.05611408,4.56280816],[98.05936408,4.55493844],[98.06404293,4.55748296],[98.05611408,4.56280816]],[[98.01833332,4.60111105],[98.01833332,4.59472215],[98.01805556,4.58805561],[98.02006924,4.59465516],[98.01833332,4.60111105]],[[95.99197113,5.36388147],[95.99186325,5.36624193],[95.99093342,5.36608505],[95.99197113,5.36388147]],[[95.9325,5.40472221],[95.91527772,5.42861116],[95.91361105,5.42833316],[95.9325,5.40472221]],[[95.15213394,5.65994775],[95.13611794,5.65668404],[95.14447164,5.63428152],[95.11827767,5.61509895],[95.12932003,5.59348035],[95.13688731,5.60617316],[95.14860404,5.59089828],[95.19274056,5.60507333],[95.15213394,5.65994775]],[[95.16948688,5.64180613],[95.16930664,5.64321625],[95.16832602,5.64178336],[95.16948688,5.64180613]],[[95.35011935,5.60592628],[95.37058043,5.60850751],[95.37408423,5.61340213],[95.35011935,5.60592628]],[[95.37017393,5.60638762],[95.37432826,5.60475922],[95.37387705,5.60647583],[95.37017393,5.60638762]],[[95.06317282,5.61063063],[95.0574578,5.60839796],[95.05786145,5.60736287],[95.06317282,5.61063063]],[[95.06118655,5.61344242],[95.06319714,5.61462426],[95.06139457,5.61511087],[95.06118655,5.61344242]],[[95.05040193,5.62374222],[95.08048046,5.63322604],[95.08570385,5.64111853],[95.05957234,5.63960338],[95.05040193,5.62374222]],[[95.05309367,5.65164423],[95.07568777,5.66809106],[95.14254844,5.66978753],[95.09167326,5.72369885],[95.07271576,5.72367704],[95.07004154,5.74609375],[95.02997208,5.75120711],[95.01079631,5.72356105],[95.04855478,5.73447716],[95.05917871,5.71291232],[95.03999674,5.70895457],[95.04003954,5.69321764],[95.05832934,5.68039167],[95.04346013,5.67145956],[95.06620455,5.66952384],[95.05309367,5.65164423]],[[95.03988492,5.67199576],[95.03547335,5.67166102],[95.03538775,5.67012131],[95.03988492,5.67199576]],[[95.01367605,5.71297264],[95.01866412,5.71642053],[95.01761305,5.71773934],[95.01367605,5.71297264]],[[95.10861194,5.66416311],[95.10985994,5.66332877],[95.10944402,5.66444123],[95.10861194,5.66416311]],[[95.01295197,5.75679815],[95.01186335,5.75437093],[95.01440215,5.75559604],[95.01295197,5.75679815]],[[95.34641492,5.79330277],[95.34492898,5.82553315],[95.37173498,5.80354178],[95.37735605,5.82071364],[95.34837115,5.88644063],[95.31169057,5.89566708],[95.32415426,5.88295484],[95.31601453,5.86724806],[95.30157137,5.87286258],[95.30394292,5.84174585],[95.29289377,5.83974457],[95.21603882,5.90671635],[95.21960115,5.87489021],[95.25639153,5.84391892],[95.28073525,5.78347254],[95.32817853,5.77163696],[95.34641492,5.79330277]],[[94.97262144,5.79310596],[94.97418594,5.78863776],[94.97363436,5.79419196],[94.97262144,5.79310596]],[[95.2556113,5.89407825],[95.25249815,5.89579988],[95.25422835,5.89283276],[95.2556113,5.89407825]],[[95.254794,5.88839281],[95.25741255,5.88020742],[95.25923431,5.87474954],[95.254794,5.88839281]],[[95.30805194,5.87489796],[95.31129515,5.87753105],[95.30729663,5.87614024],[95.30805194,5.87489796]],[[95.11086595,6.05891025],[95.11254013,6.05725586],[95.11265802,6.05753756],[95.11086595,6.05891025]],[[95.11929715,6.07594931],[95.11442435,6.07040656],[95.12117696,6.07323074],[95.11929715,6.07594931]],[[95.31843746,5.5861181],[95.31933856,5.58806467],[95.31739736,5.58597887],[95.31843746,5.5861181]],[[95.21572304,5.57978725],[95.18889475,5.57918584],[95.18280375,5.57415724],[95.21572304,5.57978725]],[[95.21744776,5.57749844],[95.22105265,5.57861066],[95.21689296,5.58014035],[95.21744776,5.57749844]],[[95.17934406,5.57425606],[95.1809386,5.57314384],[95.18107724,5.57418656],[95.17934406,5.57425606]],[[95.16789985,5.56361234],[95.14961076,5.55153465],[95.17805552,5.55861115],[95.16789985,5.56361234]],[[95.2071197,5.27391446],[95.20690584,5.28050005],[95.20295072,5.27885485],[95.2071197,5.27391446]],[[95.22327101,5.27072406],[95.22435474,5.27213573],[95.22300351,5.27213573],[95.22327101,5.27072406]],[[95.29416335,5.12575114],[95.29060674,5.12951004],[95.2892065,5.12678146],[95.29416335,5.12575114]],[[95.36568844,4.87600327],[95.38102365,4.85772598],[95.38974094,4.87235916],[95.38689351,4.87676132],[95.36568844,4.87600327]],[[95.45057726,4.77524555],[95.44457686,4.77267528],[95.45196343,4.76929271],[95.45057726,4.77524555]],[[95.48731816,4.72419155],[95.48887014,4.72197711],[95.48826635,4.72520804],[95.48731816,4.72419155]],[[95.50408602,4.72242165],[95.50345576,4.72465885],[95.50242233,4.72326243],[95.50408602,4.72242165]],[[95.48076618,4.72272158],[95.48132265,4.72016752],[95.48270905,4.72110844],[95.48076618,4.72272158]],[[95.48514855,4.7227236],[95.48340893,4.72436404],[95.48344147,4.72311306],[95.48514855,4.7227236]],[[95.50916517,4.68616664],[95.5098561,4.68870127],[95.50828552,4.68690455],[95.50916517,4.68616664]],[[95.55893111,4.64869225],[95.55628526,4.64314806],[95.55983102,4.64229786],[95.55893111,4.64869225]],[[95.56451011,4.64091802],[95.56512225,4.64442646],[95.56345177,4.64371884],[95.56451011,4.64091802]],[[95.52081215,4.63562846],[95.52053177,4.63938761],[95.51811326,4.63726676],[95.52081215,4.63562846]],[[95.39957893,3.01505685],[95.40896213,3.01368833],[95.40738642,3.01754797],[95.39957893,3.01505685]],[[95.39239287,2.96404612],[95.40281022,2.97250497],[95.38694894,2.98685753],[95.39239287,2.96404612]],[[95.79700494,2.92850041],[95.77025616,2.904024],[95.76308084,2.85700583],[95.79330134,2.84025633],[95.79119933,2.83077335],[95.76018751,2.82308936],[95.73285031,2.83139086],[95.7195611,2.82460594],[95.69208097,2.77415383],[95.70443821,2.74681926],[95.73476994,2.75540316],[95.72219265,2.74033844],[95.76388216,2.71340716],[95.75506055,2.69930923],[95.78572547,2.68073094],[95.79637015,2.62980688],[95.81554365,2.64674485],[95.83915484,2.62173724],[95.86493456,2.63611841],[95.88912988,2.61986291],[95.88539684,2.60325205],[95.91668022,2.59828782],[95.94934654,2.56955266],[95.98038733,2.58814371],[95.99672461,2.56621301],[96.00959766,2.59015214],[96.0583266,2.56390834],[96.07542455,2.56940055],[96.12000132,2.54163241],[96.12877834,2.51914215],[96.16076243,2.51169264],[96.22856474,2.44216645],[96.31018221,2.42268252],[96.31353474,2.38531947],[96.33642983,2.38873196],[96.31441677,2.35899043],[96.34562457,2.34064782],[96.38719344,2.34895694],[96.44397163,2.32807827],[96.49798262,2.36218202],[96.47646427,2.39912701],[96.49239445,2.40771425],[96.46805787,2.42772853],[96.47224975,2.45022535],[96.45451903,2.47478163],[96.42904007,2.49127877],[96.42506921,2.47808135],[96.4042443,2.51274335],[96.40679598,2.46042585],[96.38574195,2.45628166],[96.39256334,2.47447073],[96.36991513,2.48765755],[96.36341608,2.50469136],[96.37034392,2.51280785],[96.33974385,2.52302063],[96.3445729,2.54482901],[96.35040212,2.5454483],[96.25302076,2.58583522],[96.23957884,2.61866784],[96.17384446,2.67379844],[96.15245044,2.66678786],[96.18120921,2.65549076],[96.19181275,2.61760497],[96.15400505,2.64826095],[96.14750552,2.63927555],[96.14414477,2.63702655],[96.14228106,2.65420842],[96.1229552,2.63404143],[96.10772026,2.63621044],[96.09295917,2.67465377],[96.11379695,2.69174373],[96.15154433,2.68863285],[96.14574802,2.71201468],[96.12900198,2.70100951],[96.11414921,2.71628737],[96.11175394,2.72863221],[96.13125205,2.71923101],[96.13181615,2.73008776],[96.12523818,2.72851074],[96.09103692,2.74939334],[96.08221567,2.73153436],[96.08519375,2.75355732],[96.10405123,2.7512269],[96.09265041,2.75699008],[96.02573335,2.75717735],[95.97970223,2.79149962],[95.9765625,2.81054676],[95.93312466,2.82356584],[95.9166224,2.84497476],[95.91055787,2.82832634],[95.88349926,2.82447827],[95.88739562,2.84268045],[95.86609411,2.85755432],[95.88282847,2.87201655],[95.91231501,2.84754527],[95.90479088,2.89576328],[95.83536923,2.91376424],[95.84032595,2.88284445],[95.79700494,2.92850041]],[[97.51488125,2.88616991],[97.51499283,2.88899243],[97.51365113,2.88749731],[97.51488125,2.88616991]],[[97.51965904,2.88241482],[97.51754093,2.88222873],[97.51908195,2.8805387],[97.51965904,2.88241482]],[[95.93028224,2.86067307],[95.92968476,2.86455905],[95.92739725,2.86415815],[95.93028224,2.86067307]],[[95.94427276,2.85185695],[95.94257224,2.85540748],[95.94288671,2.85127282],[95.94427276,2.85185695]],[[95.96357846,2.84718251],[95.96448803,2.84180474],[95.96564841,2.84581304],[95.96357846,2.84718251]],[[95.88229883,2.86728024],[95.88416755,2.86623573],[95.88389075,2.86783743],[95.88229883,2.86728024]],[[95.88375235,2.87006581],[95.88506734,2.86867297],[95.88562095,2.86943901],[95.88375235,2.87006581]],[[95.96461856,2.82376623],[95.96440577,2.82840395],[95.96140838,2.82693207],[95.96461856,2.82376623]],[[97.59171772,2.80820155],[97.59457111,2.8083148],[97.59266102,2.81026781],[97.59171772,2.80820155]],[[96.01148415,2.78066325],[96.01295865,2.78499675],[96.00972271,2.78308344],[96.01148415,2.78066325]],[[96.11230767,2.7522521],[96.09852755,2.74814272],[96.12833786,2.73420095],[96.11230767,2.7522521]],[[96.13290787,2.72614038],[96.13926446,2.71965134],[96.13844347,2.72341084],[96.13567436,2.72593653],[96.13290787,2.72614038]],[[96.13315272,2.71329725],[96.13787246,2.71126437],[96.13475037,2.71481216],[96.13315272,2.71329725]],[[96.14386666,2.71346807],[96.14188445,2.71417046],[96.14376998,2.71217394],[96.14386666,2.71346807]],[[96.14413691,2.67420816],[96.14672816,2.67650151],[96.14443958,2.67733002],[96.14413691,2.67420816]],[[96.12472475,2.65783536],[96.12411964,2.65829432],[96.12377214,2.65682936],[96.12472475,2.65783536]],[[96.13205981,2.65855741],[96.12961602,2.65357041],[96.12985265,2.64954603],[96.13205981,2.65855741]],[[96.11973584,2.64872634],[96.11368215,2.64609945],[96.12027216,2.64567876],[96.11973584,2.64872634]],[[96.11862755,2.65101004],[96.11730623,2.65159798],[96.11704302,2.65063822],[96.11862755,2.65101004]],[[96.12214625,2.65152872],[96.12145245,2.65522873],[96.11734986,2.65627944],[96.12014008,2.6551249],[96.12084651,2.65189016],[96.12214625,2.65152872]],[[96.11811554,2.64109576],[96.12372172,2.63960087],[96.12430882,2.64087701],[96.11811554,2.64109576]],[[96.35564935,2.65348995],[96.38138115,2.64416218],[96.39733672,2.64540005],[96.36504924,2.66317916],[96.35564935,2.65348995]],[[96.2157464,2.64969563],[96.21321785,2.65485477],[96.21032357,2.65367007],[96.2157464,2.64969563]],[[96.32583332,2.63722205],[96.32694435,2.63972223],[96.32611287,2.64027846],[96.32583332,2.63722205]],[[96.30583334,2.62861097],[96.30361116,2.63027775],[96.30371523,2.62899172],[96.30583334,2.62861097]],[[96.34692621,2.54188585],[96.35207427,2.53841043],[96.35321283,2.53927815],[96.34692621,2.54188585]],[[96.35913086,2.54026592],[96.35961914,2.53864825],[96.3596493,2.54012644],[96.35913086,2.54026592]],[[96.35580277,2.53864956],[96.35743105,2.53739727],[96.35796416,2.53834224],[96.35580277,2.53864956]],[[96.3446393,2.53950787],[96.34619117,2.54008305],[96.34514523,2.54086471],[96.3446393,2.53950787]],[[96.35026872,2.52943444],[96.34906483,2.53418565],[96.34408152,2.53405011],[96.35026872,2.52943444]],[[96.34697366,2.52845967],[96.34577656,2.52656186],[96.34950244,2.52546465],[96.34697366,2.52845967]],[[96.39148271,2.51158011],[96.36278915,2.52114332],[96.37142301,2.51437855],[96.39148271,2.51158011]],[[96.36873102,2.50979388],[96.37441695,2.50472736],[96.37517631,2.50770032],[96.36873102,2.50979388]],[[96.38234007,2.50418174],[96.38078213,2.50477207],[96.38215721,2.50341725],[96.38234007,2.50418174]],[[96.39384615,2.50349104],[96.39543808,2.50363028],[96.39260042,2.50418735],[96.39384615,2.50349104]],[[96.37982202,2.5022397],[96.38030374,2.4999063],[96.38087046,2.5023303],[96.37982202,2.5022397]],[[96.40293181,2.49640667],[96.40111935,2.49810195],[96.40263152,2.49582922],[96.40293181,2.49640667]],[[96.51690638,2.42288041],[96.49067044,2.42965436],[96.48028183,2.42505062],[96.50049114,2.41128695],[96.51690638,2.42288041]],[[97.38070345,2.33783865],[97.39004648,2.34401441],[97.42096186,2.30375683],[97.41006005,2.3417176],[97.38319206,2.36269546],[97.38070345,2.33783865]],[[97.40269411,2.31287765],[97.40769804,2.29590917],[97.41088021,2.29428327],[97.41266096,2.29875958],[97.40269411,2.31287765]],[[97.42036295,2.30143094],[97.42529094,2.28355205],[97.42630684,2.29274225],[97.42036295,2.30143094]],[[97.40794396,2.28515625],[97.41077328,2.27245355],[97.41994166,2.2618674],[97.40794396,2.28515625]],[[97.32787037,2.26857495],[97.32847774,2.26099396],[97.32991815,2.26093912],[97.32787037,2.26857495]],[[97.29389215,2.26220977],[97.29208171,2.25770783],[97.29383135,2.25809002],[97.29389215,2.26220977]],[[97.29778397,2.25864947],[97.29955602,2.25300694],[97.30085695,2.25353241],[97.29778397,2.25864947]],[[97.25100935,2.25465155],[97.24474025,2.26599157],[97.24772811,2.2500391],[97.25100935,2.25465155]],[[97.25932884,2.25117576],[97.25639665,2.25055301],[97.25719464,2.24966621],[97.25932884,2.25117576]],[[97.43154025,2.24743116],[97.42445123,2.23889923],[97.42822313,2.23883343],[97.43154025,2.24743116]],[[97.43513644,2.24226356],[97.43519747,2.24475014],[97.43340087,2.24336755],[97.43513644,2.24226356]],[[97.31208825,2.24318373],[97.31002724,2.24005544],[97.3157655,2.23887241],[97.31208825,2.24318373]],[[97.22431445,2.2353512],[97.2128067,2.23367643],[97.22354686,2.22393334],[97.22431445,2.2353512]],[[97.23579144,2.23539352],[97.21886444,2.2047708],[97.19328594,2.20446324],[97.18861496,2.22808433],[97.17866576,2.21800947],[97.16876161,2.23627436],[97.11257923,2.21486366],[97.17488694,2.17683685],[97.2089895,2.18102586],[97.21816802,2.15847325],[97.23377395,2.16768503],[97.2306416,2.14963222],[97.26135314,2.13476586],[97.26542437,2.10606086],[97.31347084,2.05632806],[97.33729577,2.05913603],[97.32839024,2.04031825],[97.34058976,2.03479123],[97.34195173,2.08688414],[97.36057675,2.09293282],[97.33506405,2.11815524],[97.33931243,2.16430688],[97.33333814,2.15243733],[97.32367456,2.16272688],[97.33100116,2.1721065],[97.30490577,2.18236041],[97.31666148,2.19227993],[97.2925266,2.20132816],[97.30621874,2.20806992],[97.29865611,2.23007214],[97.23579144,2.23539352]],[[97.32068145,2.20633972],[97.31979215,2.19699275],[97.32844365,2.19307125],[97.32068145,2.20633972]],[[97.32281995,2.1890856],[97.33012867,2.18438327],[97.32563198,2.19171762],[97.32281995,2.1890856]],[[97.44371975,2.18982434],[97.43112695,2.1633743],[97.44225144,2.15835941],[97.44371975,2.18982434]],[[98.03722143,2.18728483],[98.03680074,2.19088638],[98.03525305,2.18903995],[98.03722143,2.18728483]],[[97.46190715,2.17438304],[97.46472001,2.17924428],[97.46179926,2.18616795],[97.46190715,2.17438304]],[[97.33059394,2.16909885],[97.33218586,2.16840255],[97.33163226,2.16930783],[97.33059394,2.16909885]],[[97.32023072,2.18765712],[97.31951034,2.18472695],[97.32060575,2.187415],[97.32023072,2.18765712]],[[98.12398493,2.14440751],[98.12651157,2.14863837],[98.12209713,2.14808071],[98.12398493,2.14440751]],[[98.14337254,2.14148843],[98.14236212,2.13824046],[98.14534056,2.14035225],[98.14337254,2.14148843]],[[97.34972274,2.13431478],[97.352458,2.12801886],[97.35251892,2.13297915],[97.34972274,2.13431478]],[[98.16287887,2.11959624],[98.1619004,2.12113023],[98.16076541,2.12024426],[98.16287887,2.11959624]],[[97.34422231,2.11724341],[97.34450185,2.11398125],[97.347332,2.11564434],[97.34422231,2.11724341]],[[98.17341256,2.0955677],[98.18115127,2.09608781],[98.17709124,2.09907734],[98.17341256,2.0955677]],[[97.35380137,2.07535458],[97.35439885,2.06339765],[97.35877931,2.06574595],[97.35380137,2.07535458]],[[97.35381842,2.05773175],[97.35194957,2.05842817],[97.35257244,2.05710506],[97.35381842,2.05773175]],[[97.38549185,2.03849387],[97.39038753,2.04293907],[97.38479066,2.04195166],[97.38549185,2.03849387]],[[97.12207615,2.04047644],[97.16246247,2.07240498],[97.1302073,2.10807335],[97.09928107,2.11401033],[97.09863985,2.09083438],[97.07768416,2.07628405],[97.11543965,2.00397587],[97.1290729,2.01238632],[97.12207615,2.04047644]],[[96.64515066,2.05728161],[96.68803525,2.08554924],[96.67854142,2.11204851],[96.62423587,2.12106431],[96.61439311,2.07855022],[96.64515066,2.05728161]],[[96.66000187,2.15910792],[96.63565445,2.18774951],[96.60906994,2.18293226],[96.63458157,2.15129495],[96.66000187,2.15910792]],[[97.21021044,2.21244395],[97.21036696,2.2157315],[97.20803666,2.21403074],[97.21021044,2.21244395]],[[97.21322155,2.20993412],[97.21178627,2.21033144],[97.21199214,2.20939553],[97.21322155,2.20993412]],[[97.21079445,2.24343705],[97.20938838,2.24114001],[97.21145642,2.24251115],[97.21079445,2.24343705]],[[97.27583325,2.24249995],[97.27527773,2.24500001],[97.27388895,2.24416661],[97.27583325,2.24249995]],[[97.34222221,2.24805546],[97.34444428,2.24749994],[97.34333324,2.24888885],[97.34222221,2.24805546]],[[97.20894051,2.24842715],[97.21226633,2.25499916],[97.20344555,2.26504087],[97.20894051,2.24842715]],[[97.18394887,2.25646985],[97.18639803,2.25511766],[97.18440044,2.25701594],[97.18394887,2.25646985]],[[97.27665293,2.28041303],[97.25881171,2.28435206],[97.24648833,2.29371321],[97.2549839,2.27804196],[97.27665293,2.28041303]],[[97.23262775,2.27810883],[97.22933793,2.27776384],[97.23055875,2.27655017],[97.23262775,2.27810883]],[[97.31532776,2.29311097],[97.31565595,2.30717886],[97.31022596,2.31090796],[97.30605292,2.29841053],[97.31532776,2.29311097]],[[97.24572325,2.30638516],[97.24486196,2.29942012],[97.24846137,2.30399776],[97.24572325,2.30638516]],[[97.40031707,2.29175043],[97.4061352,2.29066455],[97.40059257,2.2975111],[97.40031707,2.29175043]],[[97.33981395,2.28047216],[97.34158826,2.28113234],[97.34026742,2.2821722],[97.33981395,2.28047216]],[[97.22663593,2.3253206],[97.21888745,2.31966054],[97.22850263,2.31929755],[97.22663593,2.3253206]],[[96.23495221,2.34471166],[96.25615513,2.37367165],[96.21846461,2.35811245],[96.23495221,2.34471166]],[[96.19388235,2.35897064],[96.20230103,2.35038745],[96.20436275,2.36085892],[96.19388235,2.35897064]],[[96.2294507,2.41489077],[96.23218536,2.41356516],[96.23153496,2.41522265],[96.2294507,2.41489077]],[[95.96089876,2.52250445],[95.9330312,2.54682827],[95.91877985,2.53088343],[95.96089876,2.52250445]],[[95.86410213,2.60752833],[95.87236297,2.61227155],[95.87056637,2.61417305],[95.86410213,2.60752833]],[[95.73989797,2.70285845],[95.73546314,2.71307683],[95.71499455,2.71250224],[95.73989797,2.70285845]],[[95.76476312,2.83052754],[95.77167726,2.83141625],[95.76542056,2.83562911],[95.76476312,2.83052754]],[[95.77751005,2.8312819],[95.77726555,2.82822704],[95.77915001,2.82843614],[95.77751005,2.8312819]],[[95.78460622,2.8373214],[95.78702676,2.83746314],[95.78506112,2.83850396],[95.78460622,2.8373214]],[[95.76136696,2.89014542],[95.76138878,2.89472222],[95.75902915,2.89299202],[95.76136696,2.89014542]],[[95.75716412,2.90501487],[95.75738585,2.90222144],[95.75835502,2.90375352],[95.75716412,2.90501487]],[[95.76119375,2.92904901],[95.75812471,2.92560434],[95.76175213,2.92522681],[95.76119375,2.92904901]],[[97.38396585,1.97684705],[97.38472223,1.98638892],[97.38098025,1.98019338],[97.38396585,1.97684705]],[[98.34861112,1.97416663],[98.35666657,1.9730556],[98.35611105,1.97583318],[98.34861112,1.97416663]],[[98.49555552,1.93805552],[98.49882257,1.93433034],[98.49972224,1.94000006],[98.49555552,1.93805552]],[[98.54333317,1.85277772],[98.54888892,1.85249984],[98.54861104,1.85388875],[98.54333317,1.85277772]],[[98.02527773,1.84500003],[98.02888894,1.84611106],[98.02590251,1.84756875],[98.02527773,1.84500003]],[[98.7677778,1.71611094],[98.76194441,1.70555556],[98.76916671,1.70666671],[98.7677778,1.71611094]],[[97.45246685,1.70131254],[97.43848896,1.70214844],[97.44478595,1.69316316],[97.45246685,1.70131254]],[[98.46749985,1.70194435],[98.44111097,1.67666662],[98.45111096,1.64138877],[98.50138891,1.62361097],[98.54138875,1.63527775],[98.55944443,1.61694443],[98.59472215,1.62333333],[98.60944438,1.61333334],[98.58638895,1.64722216],[98.58777773,1.66583335],[98.57138884,1.64999986],[98.57138884,1.66888893],[98.54833317,1.68083334],[98.53444445,1.64027774],[98.49555552,1.65333331],[98.50527775,1.67944443],[98.46749985,1.70194435]],[[98.5126847,1.65287983],[98.51403165,1.65482998],[98.51318276,1.6553688],[98.5126847,1.65287983]],[[98.5958333,1.6469444],[98.59972215,1.64527774],[98.59833336,1.64722216],[98.5958333,1.6469444]],[[98.57166672,1.61333334],[98.56944442,1.59638894],[98.58749986,1.59388876],[98.57166672,1.61333334]],[[98.58963752,1.61795521],[98.5872848,1.61997497],[98.58645427,1.61823368],[98.58963752,1.61795521]],[[98.69666672,1.5844444],[98.69916666,1.59000003],[98.69416654,1.58777773],[98.69666672,1.5844444]],[[98.60888875,1.58277774],[98.61138892,1.57611096],[98.61222208,1.5802778],[98.60888875,1.58277774]],[[98.71361113,1.57777774],[98.72138894,1.57722223],[98.71694446,1.58000004],[98.71361113,1.57777774]],[[98.75746524,1.57668972],[98.75999784,1.57329071],[98.76165867,1.57304001],[98.75746524,1.57668972]],[[98.59027767,1.57055545],[98.5780555,1.57777774],[98.57666671,1.56666672],[98.59027767,1.57055545]],[[98.51944435,1.57555544],[98.53583336,1.57555544],[98.5177778,1.58000004],[98.51944435,1.57555544]],[[98.60024643,1.57948744],[98.60149193,1.5767014],[98.60100746,1.57983577],[98.60024643,1.57948744]],[[98.57777774,1.56388891],[98.57166672,1.56222224],[98.58083332,1.56111097],[98.57777774,1.56388891]],[[97.35177743,1.49661434],[97.245947,1.40906966],[97.20187914,1.40154004],[97.18779588,1.41763413],[97.17126715,1.39607191],[97.13595307,1.4318397],[97.05907035,1.41017616],[97.07260203,1.38993585],[97.09493232,1.40827012],[97.13618863,1.37922251],[97.20913851,1.28369284],[97.20721447,1.26728785],[97.22363031,1.27238822],[97.26336372,1.24315774],[97.25837195,1.21533537],[97.28294396,1.20735014],[97.29561484,1.16775572],[97.31966484,1.15951884],[97.37047815,1.07744801],[97.40663493,0.98262322],[97.40614271,0.93892741],[97.41897035,0.949983],[97.48702586,0.93858647],[97.59999836,0.84233785],[97.65594065,0.74149132],[97.66161776,0.67636025],[97.69614947,0.61676896],[97.68490517,0.58326983],[97.70994878,0.56116426],[97.74064136,0.58086896],[97.74450517,0.55361342],[97.76662791,0.55702984],[97.78060246,0.57950306],[97.78101826,0.55303228],[97.79219294,0.56188476],[97.82735205,0.54412878],[97.82028925,0.56735992],[97.83697903,0.55840945],[97.90065944,0.62544322],[97.88680124,0.74353313],[97.91155672,0.80164194],[97.89456058,0.85784066],[97.90342224,0.89609265],[97.94695616,0.95556188],[97.9212867,1.02190375],[97.89707005,1.05382061],[97.85035658,1.07061374],[97.80073047,1.15059614],[97.68841708,1.18005776],[97.59873521,1.32966721],[97.5424242,1.38807404],[97.54070735,1.41918075],[97.49639201,1.44829464],[97.48284042,1.47963154],[97.44094336,1.47315371],[97.42247462,1.51788068],[97.39551735,1.49947143],[97.35008407,1.54126418],[97.33540893,1.52822351],[97.35177743,1.49661434]],[[98.1761111,1.47555554],[98.17999995,1.47888875],[98.17527783,1.47805548],[98.1761111,1.47555554]],[[98.81694436,1.26833332],[98.82777774,1.2719444],[98.81805551,1.27583325],[98.81694436,1.26833332]],[[97.93020976,1.07931292],[97.92910266,1.08077562],[97.92889512,1.07945216],[97.93020976,1.07931292]],[[97.9035331,1.0726372],[97.90574741,1.07855773],[97.90111125,1.07758248],[97.9035331,1.0726372]],[[97.95577705,1.02346206],[97.95287085,1.02645731],[97.95204043,1.02443731],[97.95577705,1.02346206]],[[97.96487772,1.02177954],[97.96591556,1.02379954],[97.96439326,1.02352095],[97.96487772,1.02177954]],[[98.01959574,0.90790546],[98.01880515,0.90973067],[98.01818395,0.90747225],[98.01959574,0.90790546]],[[98.92187524,0.87402904],[98.92111111,0.87722135],[98.91985965,0.87576282],[98.92187524,0.87402904]],[[98.94920361,0.86288905],[98.94366884,0.85980153],[98.95047557,0.86185884],[98.94920361,0.86288905]],[[99.00955927,0.78002477],[99.00353181,0.77716815],[99.00851572,0.77623033],[99.00955927,0.78002477]],[[99.03757191,0.76342773],[99.03667486,0.76611698],[99.03624666,0.76608145],[99.03757191,0.76342773]],[[99.04116786,0.76224601],[99.03942931,0.76162243],[99.04074013,0.761168],[99.04116786,0.76224601]],[[99.02609014,0.73319447],[99.02453125,0.73434174],[99.02410364,0.73326027],[99.02609014,0.73319447]],[[99.05161834,0.70996094],[99.04696214,0.71141052],[99.04761565,0.70907795],[99.05161834,0.70996094]],[[99.05843568,0.60944664],[99.05903113,0.61129415],[99.05752623,0.61026716],[99.05843568,0.60944664]],[[97.36048055,0.81837404],[97.34987998,0.84119582],[97.33597386,0.8381716],[97.34024215,0.82036293],[97.36048055,0.81837404]],[[97.37634706,0.83908641],[97.3828125,0.84095967],[97.37883008,0.84324694],[97.37634706,0.83908641]],[[97.33295035,0.84960294],[97.3206737,0.85930455],[97.30909514,0.85434306],[97.32252085,0.84545255],[97.33295035,0.84960294]],[[97.33210313,0.85768044],[97.35514176,0.86781895],[97.35570133,0.87394452],[97.33712065,0.87035477],[97.33210313,0.85768044]],[[97.2864933,0.86315012],[97.28836465,0.86937296],[97.28131485,0.86956847],[97.2864933,0.86315012]],[[97.37217414,0.86182082],[97.36894453,0.84725034],[97.38468134,0.85584664],[97.37217414,0.86182082]],[[97.54481697,0.85859728],[97.54714251,0.8608551],[97.54442394,0.85916233],[97.54481697,0.85859728]],[[97.37489975,0.87813735],[97.37028945,0.87944686],[97.37459815,0.87735426],[97.37489975,0.87813735]],[[97.28436255,0.89953423],[97.26624405,0.90952325],[97.28217316,0.89553285],[97.28436255,0.89953423]],[[97.42873025,0.92965984],[97.42808485,0.93693221],[97.42525291,0.93053603],[97.42873025,0.92965984]],[[97.09443748,1.1970638],[97.09969664,1.21113348],[97.09596002,1.21461618],[97.09443748,1.1970638]],[[97.08858836,1.20411444],[97.08774436,1.20242882],[97.08858836,1.2035433],[97.08858836,1.20411444]],[[97.08599556,1.20723295],[97.08495748,1.20597935],[97.08585715,1.20577025],[97.08599556,1.20723295]],[[97.08364284,1.21343207],[97.08101332,1.21461618],[97.08516514,1.20932257],[97.08364284,1.21343207]],[[97.08315837,1.21663606],[97.09187734,1.23007917],[97.09049332,1.23265624],[97.08239257,1.23046875],[97.08315837,1.21663606]],[[97.11101067,1.358428],[97.10056186,1.35891545],[97.10222256,1.35320401],[97.11101067,1.358428]],[[97.24364913,1.42693043],[97.24198842,1.42895031],[97.24247265,1.42700005],[97.24364913,1.42693043]],[[97.21486294,1.42114925],[97.22219777,1.42379606],[97.21451688,1.42498004],[97.21486294,1.42114925]],[[97.22572684,1.41940784],[97.22766435,1.41515887],[97.22967124,1.41836298],[97.22572684,1.41940784]],[[97.22493815,1.4146018],[97.22576845,1.41432321],[97.22549164,1.41489434],[97.22493815,1.4146018]],[[97.22435677,1.41350114],[97.22272384,1.41461575],[97.22185194,1.4137938],[97.22435677,1.41350114]],[[97.22932518,1.44162714],[97.23043227,1.43946791],[97.23181641,1.44120908],[97.22932518,1.44162714]],[[97.23816121,1.46246791],[97.24210536,1.45571136],[97.24245155,1.45919406],[97.25497615,1.46002996],[97.25977194,1.46447325],[97.23816121,1.46246791]],[[97.23290217,1.45424867],[97.23269463,1.45452738],[97.23234856,1.45424867],[97.23290217,1.45424867]],[[99.1051414,0.3630445],[99.08991575,0.36541796],[99.08965862,0.36050045],[99.1051414,0.3630445]],[[99.30550981,0.19230664],[99.31181502,0.18341875],[99.31299567,0.19388485],[99.30550981,0.19230664]],[[98.70965993,0.17826295],[98.56654573,0.17354906],[98.52542508,0.14378822],[98.5358994,0.10186565],[98.65457344,0.07223344],[98.74930656,0.0706619],[98.78860462,0.09843397],[98.85366273,0.08064473],[98.85450137,0.11664987],[98.79940033,0.17128766],[98.78810203,0.16715765],[98.77491224,0.17432904],[98.75321984,0.15629935],[98.7224251,0.15742254],[98.70965993,0.17826295]],[[99.27790165,0.17578125],[99.28387785,0.17406452],[99.27971542,0.17801344],[99.27790165,0.17578125]],[[98.78814435,0.17474544],[98.78860664,0.16941965],[98.78932154,0.16946435],[98.78814435,0.17474544]],[[99.29196441,0.14214086],[99.29513037,0.13824725],[99.29372931,0.1440562],[99.29196441,0.14214086]],[[99.36100245,0.12308443],[99.36095703,0.12642896],[99.35944104,0.12458241],[99.36100245,0.12308443]],[[98.89423585,0.08812523],[98.89805555,0.09055555],[98.89527774,0.09166658],[98.89423585,0.08812523]],[[98.63861096,0.06861115],[98.63185096,0.07129514],[98.62861097,0.06444442],[98.63861096,0.06861115]],[[99.29795384,0.18752766],[99.29862964,0.18384051],[99.29978692,0.18689954],[99.29795384,0.18752766]],[[98.23181295,0.05210304],[98.2402544,0.05816352],[98.22773063,0.06359684],[98.23181295,0.05210304]],[[98.92752421,0.05285835],[98.93187225,0.04805565],[98.92843175,0.05440843],[98.92752421,0.05285835]],[[98.30030203,0.05292571],[98.29704988,0.04825854],[98.30230856,0.04860675],[98.30030203,0.05292571]],[[98.214311,0.05021644],[98.21313465,0.05481386],[98.21209681,0.05014682],[98.214311,0.05021644]],[[98.45566595,0.03250361],[98.45922625,0.03668952],[98.45504832,0.04208267],[98.45566595,0.03250361]],[[98.62367523,0.03438985],[98.62085962,0.03515124],[98.62361193,0.03324294],[98.62367523,0.03438985]],[[98.93002141,0.03137743],[98.92801702,0.03067195],[98.92967331,0.03022611],[98.93002141,0.03137743]],[[98.21344912,0.01942563],[98.21760285,0.02227187],[98.21232414,0.0235548],[98.21344912,0.01942563]],[[98.64069426,0.01890194],[98.64298522,0.01961172],[98.64194405,0.02085102],[98.64069426,0.01890194]],[[98.25441957,0.01191592],[98.24903083,-0.00167882],[98.26586223,0.01188195],[98.25441957,0.01191592]],[[98.61249995,0.01250005],[98.61111104,0.01416671],[98.60979044,0.01298487],[98.61249995,0.01250005]],[[98.39108241,0.00484431],[98.34755743,0.00502014],[98.29409587,-0.02118182],[98.34957993,-0.04227185],[98.38116622,-0.10434806],[98.36727226,-0.10791016],[98.43277061,-0.18631423],[98.43194914,-0.20577407],[98.50624692,-0.29802287],[98.55791545,-0.39131713],[98.5408591,-0.33202541],[98.56816983,-0.33101642],[98.57358634,-0.2804594],[98.49375331,-0.21006036],[98.48419964,-0.12459707],[98.47895706,-0.12217498],[98.46937823,-0.11009085],[98.47067523,-0.09321165],[98.41885698,-0.03670585],[98.41601562,0.00041854],[98.39625657,-0.01336336],[98.39108241,0.00484431]],[[98.45196831,-0.02310264],[98.45210671,-0.02003801],[98.45065355,-0.01864493],[98.45196831,-0.02310264]],[[98.48597157,-0.03548658],[98.49305546,-0.06555545],[98.50055552,-0.07138884],[98.50333333,-0.03916657],[98.48597157,-0.03548658]],[[98.53327978,-0.03833854],[98.52580845,-0.05632532],[98.54561031,-0.07157183],[98.53327978,-0.03833854]],[[99.76285374,-0.07117975],[99.76170123,-0.08016515],[99.76576662,-0.08001721],[99.76285374,-0.07117975]],[[99.76166856,-0.08236742],[99.75973105,-0.08571064],[99.76056135,-0.08612847],[99.76166856,-0.08236742]],[[98.50603652,-0.09457982],[98.50418675,-0.09310365],[98.50434792,-0.09457254],[98.50603652,-0.09457982]],[[98.49000001,-0.10000002],[98.48833334,-0.11000001],[98.49736261,-0.11541462],[98.49000001,-0.10000002]],[[98.51083326,-0.11083317],[98.51499987,-0.11500001],[98.51388884,-0.10888875],[98.51083326,-0.11083317]],[[98.48666763,-0.11388874],[98.46972108,-0.10771811],[98.48444438,-0.12277782],[98.48666763,-0.11388874]],[[98.51666665,-0.14138877],[98.52840352,-0.14444435],[98.51499987,-0.13638878],[98.51666665,-0.14138877]],[[98.52992022,-0.22327304],[98.53499985,-0.23055553],[98.53222215,-0.22333336],[98.52992022,-0.22327304]],[[98.57548535,-0.32685554],[98.57757413,-0.33629167],[98.57893205,-0.32882404],[98.57548535,-0.32685554]],[[98.53653336,-0.39402282],[98.53274107,-0.39611554],[98.5358957,-0.39742231],[98.53653336,-0.39402282]],[[98.50083327,-0.39527774],[98.51527774,-0.39666665],[98.52305555,-0.37944436],[98.51094306,-0.37221122],[98.52222216,-0.36055553],[98.50111115,-0.33805561],[98.5,-0.32305551],[98.49277782,-0.31500006],[98.48993075,-0.30027688],[98.44722223,-0.25805545],[98.44727743,-0.24723327],[98.41583335,-0.24138892],[98.44110811,-0.29840457],[98.38372755,-0.34304225],[98.37483203,-0.46146667],[98.35474002,-0.47049165],[98.34444427,-0.51916671],[98.32638884,-0.52222216],[98.32194436,-0.50750005],[98.28773987,-0.52394736],[98.39199185,-0.56253946],[98.41621077,-0.59854996],[98.4267981,-0.58531594],[98.41638875,-0.5575],[98.43654215,-0.53893554],[98.47555554,-0.53472221],[98.46638894,-0.57472205],[98.48979235,-0.55131841],[98.49312568,-0.57381845],[98.50722206,-0.54666662],[98.48166656,-0.51611114],[98.5063889,-0.49388885],[98.51444435,-0.41583335],[98.50083327,-0.39527774]],[[99.90275013,-0.41294622],[99.90185046,-0.41043866],[99.90115845,-0.41211045],[99.90275013,-0.41294622]],[[99.90080547,-0.42379117],[99.89866054,-0.42218924],[99.89866054,-0.42379117],[99.90080547,-0.42379117]],[[98.51757038,-0.45663726],[98.51574564,-0.45442641],[98.51442146,-0.45719504],[98.51757038,-0.45663726]],[[98.51686692,-0.47867096],[98.51963055,-0.47727132],[98.51799655,-0.47544634],[98.51686692,-0.47867096]],[[98.51604342,-0.50015724],[98.52494144,-0.49855793],[98.52299225,-0.49299455],[98.51604342,-0.50015724]],[[98.62156928,-0.53141665],[98.62302256,-0.52988434],[98.62267661,-0.52932715],[98.62156928,-0.53141665]],[[98.5010395,-0.52982795],[98.50245631,-0.53483725],[98.50538838,-0.53195465],[98.5010395,-0.52982795]],[[98.4913187,-0.6044445],[98.49138892,-0.62277782],[98.52092135,-0.63562441],[98.51111114,-0.60083318],[98.4913187,-0.6044445]],[[98.40747344,-0.31252146],[98.41186833,-0.30938685],[98.40839005,-0.30604756],[98.40747344,-0.31252146]],[[98.38926196,-0.26469028],[98.38200486,-0.27194452],[98.38952625,-0.27774405],[98.38926196,-0.26469028]],[[98.46883774,-0.27697957],[98.46766138,-0.27809405],[98.46883774,-0.27858174],[98.46883774,-0.27697957]],[[98.48803043,-0.28713691],[98.49180686,-0.28708291],[98.48749995,-0.28382003],[98.48803043,-0.28713691]],[[98.49517274,-0.3157351],[98.49550462,-0.31090462],[98.49366045,-0.31321776],[98.49517274,-0.3157351]],[[98.51138878,-0.32444441],[98.52111113,-0.32777774],[98.51361096,-0.3188889],[98.51138878,-0.32444441]],[[98.50914836,-0.33460295],[98.50595927,-0.33147812],[98.50613105,-0.33602715],[98.50914836,-0.33460295]],[[98.51098061,-0.33452511],[98.5136255,-0.34022033],[98.51435244,-0.33778417],[98.51098061,-0.33452511]],[[98.51895714,-0.37451565],[98.52027774,-0.37249994],[98.51896012,-0.37277782],[98.51895714,-0.37451565]],[[98.40772736,-0.23271275],[98.39791393,-0.23188162],[98.40902936,-0.23469496],[98.40772736,-0.23271275]],[[98.38654435,-0.21229124],[98.38691592,-0.21847916],[98.38907266,-0.21323717],[98.38654435,-0.21229124]],[[98.37186503,-0.19581676],[98.37330735,-0.19872737],[98.37393534,-0.19720757],[98.37186503,-0.19581676]],[[98.41103625,-0.16957974],[98.40943181,-0.17337823],[98.41236198,-0.17032325],[98.41103625,-0.16957974]],[[98.19166672,-0.1405555],[98.20715404,-0.12556207],[98.19978034,-0.10740936],[98.18166661,-0.12027764],[98.19166672,-0.1405555]],[[97.90232205,-0.09904861],[97.88816011,-0.06136894],[97.83683336,-0.06703365],[97.87897623,-0.10728824],[97.90232205,-0.09904861]],[[98.28181255,-0.09413505],[98.29026425,-0.07845891],[98.27235723,-0.03225875],[98.26356328,-0.05967176],[98.28181255,-0.09413505]],[[98.25993717,-0.03699362],[98.25450885,-0.04191112],[98.25627422,-0.0428344],[98.25993717,-0.03699362]],[[98.31578755,-0.05508161],[98.32075393,-0.06503653],[98.29757595,-0.05892074],[98.29643631,-0.07206631],[98.35725057,-0.08981013],[98.31578755,-0.05508161]],[[98.36090553,-0.07254827],[98.35889876,-0.07630944],[98.36187434,-0.07679713],[98.36090553,-0.07254827]],[[98.34908426,-0.08163714],[98.34818482,-0.07968676],[98.34763122,-0.08052266],[98.34908426,-0.08163714]],[[98.3603636,-0.09494066],[98.36015594,-0.09326911],[98.35939467,-0.09382641],[98.3603636,-0.09494066]],[[98.33055556,-0.09277773],[98.32000005,-0.12555552],[98.3458333,-0.14333332],[98.33916664,-0.10000002],[98.33055556,-0.09277773]],[[98.30305314,-0.09628105],[98.30363286,-0.11298501],[98.32042098,-0.11522782],[98.31694996,-0.09821653],[98.30305314,-0.09628105]],[[98.22227621,-0.11045361],[98.2265352,-0.10161853],[98.21961701,-0.10298645],[98.22227621,-0.11045361]],[[98.25900292,-0.095173],[98.26481116,-0.10030866],[98.26271486,-0.09168971],[98.25900292,-0.095173]],[[98.30361962,-0.09482956],[98.30792606,-0.0887078],[98.30344164,-0.09104538],[98.30361962,-0.09482956]],[[98.28899992,-0.09831083],[98.27992511,-0.10389018],[98.28562915,-0.11104262],[98.28899992,-0.09831083]],[[98.25766301,-0.02521622],[98.25577986,-0.02880645],[98.2588737,-0.02914953],[98.25766301,-0.02521622]],[[98.24459815,-0.00708401],[98.24483526,-0.00969851],[98.24576747,-0.00981724],[98.24459815,-0.00708401]],[[98.22177255,-0.0092262],[98.22151232,0.00682664],[98.21651781,-0.00906813],[98.22177255,-0.0092262]],[[99.99591732,-0.76143861],[99.99750876,-0.75934887],[99.99612486,-0.75893104],[99.99591732,-0.76143861]],[[98.8996942,-0.90544236],[98.78836501,-0.95814717],[98.71080542,-0.94521594],[98.66294718,-0.97994995],[98.65638125,-1.08925021],[98.59634244,-1.19902718],[98.60228348,-1.22564876],[98.80394435,-1.51861155],[98.83562517,-1.58386815],[98.82449806,-1.61639595],[98.87811196,-1.67978334],[99.10669744,-1.81222093],[99.14140821,-1.80493295],[99.16564524,-1.77988446],[99.24078238,-1.79735064],[99.26286685,-1.77362382],[99.22135258,-1.66447675],[99.23447847,-1.6847707],[99.24085796,-1.67645025],[99.21493065,-1.63981748],[99.20025492,-1.64134204],[99.20887423,-1.62496817],[99.22206986,-1.62902462],[99.26280534,-1.71786666],[99.26230633,-1.73758471],[99.28044522,-1.75244236],[99.29191577,-1.74992216],[99.28615844,-1.72738254],[99.30156875,-1.72473896],[99.29178393,-1.68481445],[99.3038305,-1.68558657],[99.28585684,-1.66271424],[99.28234875,-1.69017816],[99.27436996,-1.66244018],[99.29257107,-1.65280545],[99.27019346,-1.64605236],[99.29305506,-1.63599873],[99.26042163,-1.59213471],[99.21955872,-1.60383308],[99.19421315,-1.56800032],[99.19571364,-1.55785382],[99.208938,-1.55288196],[99.19357073,-1.54399371],[99.20668685,-1.52694213],[99.19735765,-1.50876856],[99.18540382,-1.52104056],[99.11582243,-1.44349825],[99.17148781,-1.46997082],[99.14874375,-1.40090406],[99.12865615,-1.40768814],[99.12914372,-1.38606036],[99.11387575,-1.39645612],[99.10474396,-1.38873076],[99.11743808,-1.37820852],[99.10883093,-1.37878835],[99.09843338,-1.36406767],[99.08032835,-1.29308665],[99.0505172,-1.29536414],[99.06462085,-1.28983915],[99.05517685,-1.27500784],[99.07407844,-1.27028215],[99.05316281,-1.22826457],[99.02607703,-1.22244895],[99.04122007,-1.20620334],[99.00803065,-1.16344273],[99.00292885,-1.11413085],[98.93566203,-1.06133294],[98.91995275,-0.98930275],[98.95166945,-1.01301396],[98.92982376,-0.93378854],[98.90753818,-0.94558775],[98.89910412,-0.94246185],[98.91253185,-0.91362655],[98.8996942,-0.90544236]],[[98.94805408,-0.99173868],[98.94639325,-0.98867404],[98.94618583,-0.99187815],[98.94805408,-0.99173868]],[[98.95200348,-1.0423007],[98.94812083,-1.03708255],[98.95024407,-1.04376674],[98.95200348,-1.0423007]],[[98.95922434,-1.04201817],[98.9577018,-1.04187906],[98.95832455,-1.04278433],[98.95922434,-1.04201817]],[[98.95472205,-1.06777775],[98.95805538,-1.06194437],[98.95333326,-1.05916655],[98.95472205,-1.06777775]],[[99.11177838,-1.35068595],[99.11109793,-1.37495673],[99.12177253,-1.37440586],[99.11177838,-1.35068595]],[[99.17931545,-1.48201847],[99.16926753,-1.48204303],[99.17518914,-1.48990202],[99.17931545,-1.48201847]],[[99.18090296,-1.48797631],[99.18535244,-1.49825692],[99.18801308,-1.49665666],[99.18090296,-1.48797631]],[[99.19826233,-1.56579888],[99.20512545,-1.5608989],[99.20483673,-1.55941606],[99.19826233,-1.56579888]],[[99.30838478,-1.7262125],[99.31025374,-1.72851062],[99.31080735,-1.7262125],[99.30838478,-1.7262125]],[[99.29744303,-1.73604357],[99.29297781,-1.73688054],[99.2986989,-1.73869371],[99.29744303,-1.73604357]],[[99.26877666,-1.74475014],[99.26676941,-1.74781406],[99.26815355,-1.74781406],[99.26877666,-1.74475014]],[[99.26002514,-1.71894372],[99.25158095,-1.71392965],[99.25891757,-1.72472346],[99.26002514,-1.71894372]],[[99.24825823,-1.70377386],[99.24722004,-1.70669866],[99.24825823,-1.70704675],[99.24825823,-1.70377386]],[[99.24597406,-1.70314717],[99.24417448,-1.70119727],[99.24521267,-1.70370436],[99.24597406,-1.70314717]],[[99.248245,-1.69846368],[99.24941516,-1.69807661],[99.24884272,-1.69717944],[99.248245,-1.69846368]],[[99.24438214,-1.69158745],[99.24694324,-1.69437301],[99.24638951,-1.69186604],[99.24438214,-1.69158745]],[[99.23990107,-1.6879369],[99.24090636,-1.68703234],[99.23938286,-1.68671191],[99.23990107,-1.6879369]],[[99.21783233,-1.63457751],[99.21527135,-1.63513458],[99.21824765,-1.63624883],[99.21783233,-1.63457751]],[[99.26620257,-1.77398241],[99.26915324,-1.77019835],[99.26439786,-1.76761281],[99.26620257,-1.77398241]],[[99.29586935,-1.78138375],[99.29711533,-1.77873754],[99.29462361,-1.77880716],[99.29586935,-1.78138375]],[[99.26142931,-1.79446161],[99.26931953,-1.81284571],[99.24163425,-1.85100675],[99.29741561,-1.83010244],[99.28980672,-1.80546415],[99.26142931,-1.79446161]],[[99.31464732,-1.84488785],[99.30343485,-1.85491562],[99.32048297,-1.85462952],[99.31464732,-1.84488785]],[[99.14969945,-1.83706057],[99.14180923,-1.83706057],[99.15170658,-1.84054255],[99.14969945,-1.83706057]],[[99.04265296,-1.81068921],[99.04943597,-1.80748594],[99.04625225,-1.80477011],[99.04265296,-1.81068921]],[[99.09100652,-1.85976231],[99.07737136,-1.86637783],[99.09509015,-1.86345315],[99.09100652,-1.85976231]],[[99.28772497,-1.87230384],[99.27914262,-1.87884974],[99.29083967,-1.87780523],[99.28772497,-1.87230384]],[[99.31086492,-1.93084705],[99.29257751,-1.9088943],[99.29576135,-1.9286015],[99.31086492,-1.93084705]],[[99.31545854,-1.90328026],[99.31448555,-1.90091324],[99.31390226,-1.90126336],[99.31545854,-1.90328026]],[[99.56881905,-1.967381],[99.5701102,-1.96407855],[99.56641924,-1.96390307],[99.56881905,-1.967381]],[[99.57607305,-1.97484386],[99.6067841,-1.99505818],[99.58059382,-1.96743643],[99.57607305,-1.97484386]],[[99.5786947,-2.00320232],[99.56876433,-1.98929644],[99.56512094,-2.00144994],[99.5786947,-2.00320232]],[[99.55916655,-2.00222206],[99.55269635,-2.01912296],[99.57706904,-2.02497005],[99.57083726,-2.00659311],[99.55916655,-2.00222206]],[[99.60874963,-2.02113664],[99.55777764,-2.04416656],[99.56666672,-2.06388891],[99.54499996,-2.07138884],[99.57166672,-2.15027773],[99.52805555,-2.15277767],[99.57416666,-2.245],[99.59472215,-2.22472215],[99.59182525,-2.2529155],[99.61027765,-2.24888885],[99.59688234,-2.26396716],[99.60722208,-2.29111111],[99.62638891,-2.27333331],[99.6313889,-2.29055548],[99.6714257,-2.28839815],[99.73833334,-2.3458333],[99.78277767,-2.34416664],[99.79777765,-2.37222207],[99.83683574,-2.36431587],[99.84444427,-2.3991667],[99.86000001,-2.40333331],[99.84802747,-2.33611512],[99.81467164,-2.29648256],[99.78277767,-2.29083335],[99.78083324,-2.25555551],[99.72122002,-2.18247282],[99.70253921,-2.08525062],[99.60874963,-2.02113664]],[[99.74874842,-2.38310957],[99.73850095,-2.37949002],[99.75013316,-2.36918771],[99.71135867,-2.35916376],[99.71855974,-2.38478041],[99.73656213,-2.39536095],[99.74874842,-2.38310957]],[[99.53771186,-2.22078228],[99.54460335,-2.2124989],[99.53912485,-2.21168184],[99.53771186,-2.22078228]],[[99.52750862,-2.13399875],[99.53554368,-2.12775516],[99.52630246,-2.12972903],[99.52750862,-2.13399875]],[[99.52285814,-2.12551785],[99.52394426,-2.12232006],[99.52154565,-2.1235702],[99.52285814,-2.12551785]],[[99.97863913,-2.75132442],[99.98888671,-2.75202036],[99.98203194,-2.74575555],[99.97863913,-2.75132442]],[[99.98930097,-2.75561225],[99.98971653,-2.75875485],[99.99172437,-2.75736272],[99.98930097,-2.75561225]],[[99.63208365,0.06126678],[99.63061941,0.06161427],[99.63188577,0.06053805],[99.63208365,0.06126678]],[[99.4286772,0.15018773],[99.42856073,0.1516149],[99.42788196,0.15101206],[99.4286772,0.15018773]],[[99.29522216,0.21164191],[99.29176271,0.22627008],[99.28657317,0.22801161],[99.28145313,0.21317434],[99.29522216,0.21164191]],[[99.30148601,0.22325051],[99.30072701,0.22492933],[99.30002797,0.22367501],[99.30148601,0.22325051]],[[98.78027773,1.73027766],[98.77944446,1.72666657],[98.78222215,1.72805548],[98.78027773,1.73027766]],[[98.75472224,1.72972214],[98.75250006,1.73111105],[98.75305545,1.7294445],[98.75472224,1.72972214]],[[98.75055552,1.75555551],[98.74472225,1.75333333],[98.74972224,1.74472225],[98.75055552,1.75555551]],[[98.74333334,1.77138877],[98.74055552,1.76944435],[98.74416661,1.77027774],[98.74333334,1.77138877]],[[97.86805546,2.25194442],[97.86625052,2.25659704],[97.86555552,2.25583327],[97.86805546,2.25194442]],[[96.73846686,3.74797845],[96.73722124,3.74607897],[96.73800135,3.74562705],[96.73846686,3.74797845]],[[95.22578895,5.27243376],[95.22687292,5.27409947],[95.22577476,5.27436781],[95.22578895,5.27243376]],[[95.35506213,5.59838605],[95.35292745,5.59215665],[95.35443473,5.59206402],[95.35506213,5.59838605]],[[95.34930301,5.59393537],[95.35005796,5.58706963],[95.35138476,5.58747053],[95.34930301,5.59393537]],[[96.83138883,5.27444434],[96.80055547,5.26805556],[96.79518735,5.2643038],[96.83138883,5.27444434]],[[96.78444445,5.26027775],[96.76833332,5.25444436],[96.78527772,5.25944436],[96.78444445,5.26027775]],[[96.75555551,5.24972224],[96.75166655,5.25277781],[96.74555552,5.24972224],[96.75555551,5.24972224]],[[96.40722215,5.2094444],[96.38805544,5.21111095],[96.37972224,5.20666671],[96.40722215,5.2094444]],[[96.86387742,5.25587225],[96.86200178,5.25964725],[96.85928488,5.26158106],[96.86387742,5.25587225]],[[96.86896777,5.25182652],[96.87990391,5.24722123],[96.88090122,5.24886525],[96.86896777,5.25182652]],[[97.27309561,5.17023361],[97.27482283,5.1710664],[97.27239597,5.1705842],[97.27309561,5.17023361]],[[97.53686213,5.21501243],[97.53995335,5.21302915],[97.53730524,5.21542835],[97.53686213,5.21501243]],[[97.9658885,4.53687966],[97.96782541,4.53225005],[97.96624494,4.53749716],[97.9658885,4.53687966]],[[98.04009807,4.54081154],[98.05019355,4.53938675],[98.04568327,4.54668975],[98.04009807,4.54081154]],[[98.08787501,4.49304485],[98.08698225,4.49256623],[98.08773744,4.49198556],[98.08787501,4.49304485]],[[98.08895636,4.48030055],[98.08745074,4.48217654],[98.08652484,4.48136091],[98.08895636,4.48030055]],[[98.17888892,4.47138894],[98.17694437,4.46944427],[98.17777765,4.46888876],[98.17888892,4.47138894]],[[98.49305546,4.00333333],[98.49333334,4.00833333],[98.49062085,4.01025951],[98.49305546,4.00333333]],[[98.49649441,3.98944867],[98.49598253,3.99121034],[98.49488187,3.98867476],[98.49649441,3.98944867]],[[98.5070399,3.93344605],[98.50551677,3.93746185],[98.50501478,3.94089162],[98.50378561,3.93553436],[98.5070399,3.93344605]],[[98.54383504,3.93422234],[98.53770757,3.93631923],[98.53898871,3.93164933],[98.54383504,3.93422234]],[[98.50308788,3.92372286],[98.50369513,3.92229521],[98.50765991,3.92309356],[98.50308788,3.92372286]],[[98.53886533,3.92870176],[98.54054642,3.92969263],[98.53879166,3.93031621],[98.53886533,3.92870176]],[[99.80338824,2.98551464],[99.80294848,2.98828125],[99.80275011,2.98533833],[99.80338824,2.98551464]],[[99.80407727,2.98385966],[99.80504632,2.98316324],[99.80497706,2.98560047],[99.80407727,2.98385966]],[[99.81354737,2.96179986],[99.81129253,2.96597958],[99.80987024,2.96619892],[99.81354737,2.96179986]],[[99.82963037,2.95444834],[99.83271325,2.95643938],[99.82470942,2.95797038],[99.82963037,2.95444834]]],[[[100.0,2.66488373],[99.99629128,2.64745116],[100.0,2.631134927984708],[99.98902726,2.6487174],[100.0,2.66488373]]],[[[99.99636745,2.57140064],[99.99274838,2.57078147],[99.98871875,2.57354963],[99.97542083,2.58824432],[99.9666326,2.58768988],[99.97722638,2.56012833],[99.97652817,2.55233657],[99.9735682,2.54617882],[99.95008767,2.53628814],[99.94728506,2.50745881],[99.93775666,2.50733018],[99.92871678,2.50951612],[99.92491233,2.50078106],[99.92049205,2.49996114],[99.91670334,2.50264955],[99.91135395,2.52702665],[99.91978693,2.50165916],[99.92899656,2.51041007],[99.94652235,2.50837564],[99.94847882,2.53654993],[99.9731816,2.54925084],[99.96591723,2.58956456],[99.97722185,2.59061396],[100.0,2.5796051],[99.99636745,2.57140064]],[[99.99141598,2.57968175],[99.97837114,2.58663642],[99.99547327,2.57213485],[99.99141598,2.57968175]]],[[[100.0,2.58528113],[99.99761724,2.58916307],[100.0,2.59039605],[100.0,2.58528113]]],[[[99.99988294,-2.5042721],[100.0,-2.50400877],[100.0,-2.5043889091213036],[99.99988294,-2.5042721]]]]}}]}