{"type":"FeatureCollection","features":[{"type":"Feature","properties":{"layer":"land"},"geometry":{"type":"MultiPolygon","coordinates":[[[[72.980968,0.303616],[72.988129,0.301907],[72.986013,0.299628],[72.980968,0.303616]]],[[[72.961192,0.394029],[72.957774,0.396796],[72.958344,0.403306],[72.958425,0.403144],[72.961192,0.394029]]],[[[72.940603,0.487291],[72.937022,0.493638],[72.940929,0.496324],[72.940603,0.487291]]],[[[72.948416,2.274888],[72.9463,2.272366],[72.943126,2.273017],[72.948416,2.274888]]],[[[72.926117,2.32746],[72.927013,2.316067],[72.922537,2.319566],[72.926117,2.32746]]],[[[72.900076,2.682196],[72.90447,2.675727],[72.901134,2.676174],[72.900076,2.682196]]],[[[72.867361,2.686672],[72.872569,2.694159],[72.873709,2.683661],[72.867361,2.686672]]],[[[72.870128,2.969184],[72.867686,2.960883],[72.865082,2.958157],[72.864919,2.960883],[72.870128,2.969184]]],[[[72.901622,3.083808],[72.90447,3.077379],[72.899913,3.07685],[72.901622,3.083808]]],[[[72.977875,3.110175],[72.981781,3.105048],[72.978201,3.102729],[72.975108,3.104193],[72.977875,3.110175]]],[[[72.833263,3.312486],[72.837657,3.309068],[72.831391,3.305609],[72.831228,3.30683],[72.833263,3.312486]]],[[[72.831554,3.510403],[72.835053,3.505439],[72.831065,3.503567],[72.827973,3.505439],[72.831554,3.510403]]],[[[72.791189,3.510891],[72.793712,3.516913],[72.798839,3.511949],[72.791189,3.510891]]],[[[72.915701,3.548977],[72.928396,3.551907],[72.911632,3.541653],[72.915701,3.548977]]],[[[72.941905,3.618842],[72.945567,3.613715],[72.938487,3.613715],[72.941905,3.618842]]],[[[72.69158,3.723578],[72.697358,3.718817],[72.694591,3.714993],[72.689708,3.717963],[72.69158,3.723578]]],[[[72.952403,3.733832],[72.951996,3.726874],[72.948985,3.728583],[72.952403,3.733832]]],[[[72.945811,3.772121],[72.949392,3.766995],[72.945323,3.765204],[72.942393,3.766995],[72.945811,3.772121]]],[[[72.944591,3.836859],[72.94809,3.831692],[72.944102,3.829901],[72.941173,3.831692],[72.944591,3.836859]]],[[[72.699067,3.999457],[72.703136,4.003323],[72.706635,3.997911],[72.7046,3.996405],[72.699067,3.999457]]],[[[72.970632,4.265815],[72.975597,4.262356],[72.975759,4.260403],[72.972504,4.260403],[72.970632,4.265815]]],[[[72.958588,4.262519],[72.954356,4.261461],[72.94516,4.266303],[72.958588,4.262519]]],[[[72.957042,4.4383],[72.956065,4.422105],[72.947113,4.423082],[72.94337,4.431586],[72.957042,4.4383]]],[[[72.970063,4.890367],[72.97934,4.895453],[72.969493,4.88052],[72.970063,4.890367]]],[[[72.920909,4.897854],[72.917491,4.898586],[72.922862,4.899075],[72.920909,4.897854]]],[[[72.909434,5.030788],[72.910167,5.032701],[72.912852,5.034084],[72.909434,5.030788]]],[[[72.927094,5.033922],[72.924327,5.033026],[72.927745,5.036526],[72.927094,5.033922]]],[[[72.856619,5.234442],[72.860118,5.237942],[72.859223,5.2355],[72.856619,5.234442]]],[[[72.952403,5.350084],[72.949555,5.349311],[72.953136,5.352769],[72.952403,5.350084]]],[[[72.943044,5.467475],[72.940278,5.462144],[72.938243,5.461493],[72.937022,5.465562],[72.943044,5.467475]]],[[[72.877696,5.492092],[72.881114,5.488471],[72.879161,5.48786],[72.877696,5.492092]]],[[[72.975108,5.804429],[72.971039,5.810452],[72.976573,5.813625],[72.975108,5.804429]]],[[[72.961925,5.856676],[72.963715,5.86404],[72.966482,5.850246],[72.961925,5.856676]]],[[[72.930186,5.956936],[72.925792,5.963284],[72.931651,5.969062],[72.930186,5.956936]]],[[[72.915701,5.98135],[72.912852,5.976304],[72.909841,5.977932],[72.909679,5.982123],[72.915701,5.98135]]],[[[72.948497,6.344428],[72.95338,6.346259],[72.953136,6.343492],[72.948497,6.344428]]],[[[72.685883,6.411607],[72.687185,6.407416],[72.685883,6.40648],[72.685883,6.411607]]],[[[72.902843,6.440172],[72.907481,6.435858],[72.906586,6.433824],[72.902029,6.43476],[72.902843,6.440172]]],[[[72.89088,6.448228],[72.897227,6.447903],[72.896332,6.445787],[72.89088,6.448228]]],[[[72.956798,6.560004],[72.958018,6.554348],[72.955821,6.555325],[72.956798,6.560004]]],[[[72.924001,6.565253],[72.927745,6.558946],[72.922537,6.56151],[72.924001,6.565253]]],[[[72.913259,6.764879],[72.914317,6.759223],[72.912283,6.760159],[72.913259,6.764879]]],[[[72.971528,6.849758],[72.976329,6.846666],[72.974132,6.845852],[72.971528,6.849758]]],[[[72.964692,6.860663],[72.960623,6.856024],[72.958344,6.857001],[72.959239,6.86164],[72.964692,6.860663]]],[[[72.925955,6.957017],[72.924585,6.951704],[72.925955,6.957424],[72.925955,6.957017]]],[[[72.891938,6.987698],[72.890473,6.985419],[72.891938,6.991034],[72.891938,6.987698]]],[[[72.977306,7.019029],[72.979747,7.027533],[72.981456,7.013983],[72.977306,7.019029]]],[[[72.949962,7.056423],[72.947765,7.0539],[72.949962,7.056545],[72.949962,7.056423]]],[[[72.906423,7.089016],[72.912852,7.092719],[72.911876,7.083197],[72.906423,7.089016]]],[[[72.8838,7.107245],[72.884532,7.103705],[72.882498,7.10163],[72.8838,7.107245]]],[[[72.64975,10.56684],[72.627452,10.554755],[72.650564,10.572577],[72.64975,10.56684]]],[[[72.541189,10.772895],[72.545421,10.778306],[72.548839,10.779446],[72.541189,10.772895]]],[[[72.172699,10.809231],[72.179047,10.8487],[72.200043,10.878119],[72.200043,10.864447],[72.172699,10.809231]]],[[[72.750011,11.119086],[72.744965,11.109524],[72.739513,11.108832],[72.750011,11.119086]]],[[[72.775401,11.186591],[72.770356,11.20364],[72.774181,11.222886],[72.789073,11.261664],[72.795909,11.261664],[72.775401,11.186591]]],[[[72.716075,11.694078],[72.705251,11.687323],[72.700938,11.686428],[72.705089,11.692328],[72.716075,11.694078]]],[[[67.409434,24.013495],[67.393403,24.028062],[67.375499,24.06273],[67.390391,24.049262],[67.413259,24.048774],[67.458018,24.06273],[67.485281,24.048489],[67.46518,24.040595],[67.453949,24.013414],[67.426931,24.007514],[67.409434,24.013495]]],[[[73.172537,-0.688572],[73.163585,-0.686619],[73.163097,-0.681817],[73.172537,-0.688572]]],[[[73.201182,-0.675063],[73.191417,-0.682794],[73.204112,-0.671157],[73.201182,-0.675063]]],[[[73.124278,-0.656183],[73.126964,-0.666274],[73.123871,-0.664727],[73.124278,-0.656183]]],[[[73.240001,-0.625584],[73.227306,-0.642836],[73.229991,-0.623305],[73.234874,-0.619399],[73.240001,-0.625584]]],[[[73.104991,-0.586602],[73.098806,-0.587172],[73.097504,-0.599705],[73.111583,-0.61712],[73.118663,-0.64129],[73.111176,-0.64129],[73.0949,-0.604669],[73.091156,-0.586033],[73.104991,-0.579197],[73.104991,-0.586602]]],[[[73.24464,-0.607192],[73.236339,-0.59238],[73.247325,-0.577895],[73.248383,-0.580824],[73.24464,-0.607192]]],[[[73.102875,0.213446],[73.09547,0.228013],[73.10255,0.222805],[73.102875,0.213446]]],[[[73.212657,0.232082],[73.208995,0.239976],[73.217377,0.237698],[73.212657,0.232082]]],[[[73.036143,0.260932],[73.036794,0.26968],[73.040375,0.259345],[73.036143,0.260932]]],[[[73.243988,1.89411],[73.25172,1.892401],[73.243663,1.888739],[73.243988,1.89411]]],[[[73.038422,2.164618],[73.043712,2.166449],[73.041352,2.1647],[73.038422,2.164618]]],[[[73.103852,2.18651],[73.099457,2.181952],[73.098888,2.184638],[73.103852,2.18651]]],[[[73.115001,2.191799],[73.115489,2.199693],[73.12086,2.191799],[73.115001,2.191799]]],[[[73.143809,2.55036],[73.140961,2.55036],[73.145518,2.55329],[73.143809,2.55036]]],[[[73.028005,2.738227],[73.022309,2.741685],[73.032237,2.745022],[73.028005,2.738227]]],[[[73.014903,2.947414],[73.009044,2.949449],[73.008474,2.953315],[73.014903,2.947414]]],[[[73.042247,3.205471],[73.045095,3.19892],[73.040701,3.198472],[73.042247,3.205471]]],[[[73.028982,3.246894],[73.031749,3.252997],[73.035655,3.247789],[73.028982,3.246894]]],[[[73.04477,5.121649],[73.04127,5.118394],[73.04477,5.121812],[73.04477,5.121649]]],[[[73.049164,5.133165],[73.051443,5.126654],[73.047618,5.12637],[73.045258,5.128892],[73.049164,5.133165]]],[[[73.091319,5.161363],[73.087901,5.157986],[73.087738,5.157945],[73.091319,5.161363]]],[[[73.110525,5.170315],[73.107107,5.170966],[73.103852,5.173041],[73.110525,5.170315]]],[[[73.131847,5.242499],[73.128429,5.241156],[73.131847,5.244574],[73.131847,5.242499]]],[[[73.112641,5.298448],[73.109223,5.295152],[73.109223,5.296698],[73.112641,5.298448]]],[[[72.999034,5.461086],[73.002615,5.457587],[73.000987,5.456244],[72.999034,5.461086]]],[[[73.009776,5.490871],[73.013031,5.487454],[73.010997,5.486802],[73.009776,5.490871]]],[[[73.012869,5.615709],[73.019054,5.617825],[73.014008,5.611558],[73.012869,5.615709]]],[[[73.013194,5.675035],[73.008556,5.674994],[73.014659,5.676988],[73.013194,5.675035]]],[[[72.99879,5.711982],[73.002289,5.707099],[72.999766,5.706977],[72.99879,5.711982]]],[[[72.986827,5.770738],[72.98585,5.76557],[72.982758,5.762519],[72.986827,5.770738]]],[[[73.219005,6.129299],[73.21518,6.128567],[73.22047,6.132066],[73.219005,6.129299]]],[[[73.218923,6.172268],[73.215831,6.17121],[73.219086,6.172349],[73.218923,6.172268]]],[[[73.030447,6.221015],[73.03419,6.222357],[73.028982,6.218817],[73.030447,6.221015]]],[[[73.24171,6.239691],[73.240245,6.228949],[73.236339,6.232123],[73.24171,6.239691]]],[[[73.12615,6.284003],[73.122895,6.283352],[73.128429,6.286851],[73.12615,6.284003]]],[[[73.213064,6.289211],[73.208751,6.286444],[73.21518,6.294827],[73.213064,6.289211]]],[[[73.083344,6.30858],[73.081391,6.305609],[73.078136,6.30508],[73.083344,6.30858]]],[[[73.195079,6.319648],[73.197032,6.32746],[73.20102,6.318264],[73.195079,6.319648]]],[[[73.120942,6.331041],[73.124197,6.332261],[73.119314,6.328925],[73.120942,6.331041]]],[[[73.184906,6.349066],[73.181,6.34984],[73.187266,6.350775],[73.184906,6.349066]]],[[[73.020518,6.368964],[73.024181,6.362698],[73.018728,6.36522],[73.020518,6.368964]]],[[[73.046235,6.436265],[73.043142,6.433702],[73.048813,6.441342],[73.046235,6.436265]]],[[[73.025564,6.57925],[73.030365,6.576117],[73.028168,6.575181],[73.025564,6.57925]]],[[[73.04477,6.621894],[73.038422,6.61815],[73.041026,6.623603],[73.04477,6.621894]]],[[[73.069509,6.667955],[73.061778,6.660956],[73.062266,6.666897],[73.069509,6.667955]]],[[[73.105968,6.709947],[73.095876,6.698432],[73.09669,6.706122],[73.105968,6.709947]]],[[[73.131684,6.725043],[73.164236,6.787055],[73.166515,6.780341],[73.152843,6.749213],[73.131684,6.725043]]],[[[73.036632,6.759711],[73.036876,6.753485],[73.034679,6.75259],[73.031993,6.756578],[73.036632,6.759711]]],[[[73.183767,6.821153],[73.181651,6.830512],[73.197276,6.828111],[73.183767,6.821153]]],[[[72.995697,6.841457],[72.989431,6.837633],[72.992035,6.843004],[72.995697,6.841457]]],[[[73.144379,6.843411],[73.138031,6.839667],[73.140636,6.845038],[73.144379,6.843411]]],[[[73.092947,6.853095],[73.094005,6.847561],[73.091807,6.848334],[73.092947,6.853095]]],[[[73.101736,6.893541],[73.106619,6.890448],[73.10434,6.889553],[73.101736,6.893541]]],[[[73.214041,6.918606],[73.203949,6.884955],[73.201915,6.902248],[73.214041,6.918606]]],[[[73.191905,6.967597],[73.198497,6.97134],[73.193858,6.950995],[73.191905,6.951646],[73.191905,6.967597]]],[[[73.022472,8.274359],[73.029307,8.274359],[73.029307,8.259996],[73.04835,8.267564],[73.073009,8.295396],[73.077159,8.315253],[73.083018,8.314358],[73.056651,8.259996],[73.032725,8.249498],[73.024099,8.255439],[73.022472,8.274359]]],[[[73.005626,11.479641],[73.004405,11.496487],[73.013194,11.502183],[73.010916,11.490139],[73.005626,11.479641]]],[[[73.435069,-0.283624],[73.444509,-0.304295],[73.435232,-0.293634],[73.435069,-0.283624]]],[[[73.37908,0.285183],[73.36964,0.280015],[73.371104,0.285956],[73.37908,0.285183]]],[[[73.508637,0.380683],[73.506602,0.387763],[73.513438,0.387763],[73.513357,0.387681],[73.508637,0.380683]]],[[[73.49464,0.498969],[73.489757,0.50259],[73.491954,0.508002],[73.49464,0.498969]]],[[[73.384288,0.640326],[73.386729,0.635403],[73.384776,0.635565],[73.384288,0.640326]]],[[[73.373057,0.763088],[73.371837,0.756578],[73.369965,0.757025],[73.368826,0.760443],[73.373057,0.763088]]],[[[73.352875,0.841539],[73.350434,0.845689],[73.353852,0.847724],[73.352875,0.841539]]],[[[73.370453,1.782538],[73.365001,1.791083],[73.375824,1.78856],[73.370453,1.782538]]],[[[73.394379,1.794745],[73.400238,1.806342],[73.40211,1.7956],[73.394379,1.794745]]],[[[73.456716,1.82038],[73.452647,1.826809],[73.463634,1.826321],[73.456716,1.82038]]],[[[73.517914,1.842678],[73.499197,1.827704],[73.498057,1.828803],[73.502289,1.834906],[73.517914,1.842678]]],[[[73.53297,1.86164],[73.5324,1.865668],[73.536469,1.870103],[73.536306,1.869737],[73.53297,1.86164]]],[[[73.541189,1.89289],[73.549815,1.924994],[73.553071,1.93244],[73.548839,1.911363],[73.541189,1.89289]]],[[[73.550059,1.976386],[73.549815,1.965684],[73.549815,1.965522],[73.547699,1.968329],[73.550059,1.976386]]],[[[73.322602,1.987982],[73.31837,1.9831],[73.31544,1.985053],[73.317231,1.9914],[73.322602,1.987982]]],[[[73.542979,2.022162],[73.540294,2.022528],[73.5442,2.026597],[73.542979,2.022162]]],[[[73.386974,2.028632],[73.386241,2.030341],[73.386974,2.033026],[73.386974,2.028632]]],[[[73.551443,2.072414],[73.553233,2.079901],[73.555675,2.082506],[73.551443,2.072414]]],[[[73.342052,2.342108],[73.344005,2.348049],[73.343598,2.344184],[73.342052,2.342108]]],[[[73.354259,2.437201],[73.367035,2.398017],[73.362559,2.384914],[73.354259,2.437201]]],[[[73.315196,2.494127],[73.311534,2.499254],[73.314789,2.505805],[73.315196,2.494127]]],[[[73.348481,2.775377],[73.353526,2.771918],[73.35141,2.770697],[73.348481,2.775377]]],[[[73.399262,2.785712],[73.390636,2.775377],[73.391856,2.78148],[73.399262,2.785712]]],[[[73.551036,2.890611],[73.549083,2.888739],[73.548595,2.892727],[73.551036,2.890611]]],[[[73.360362,2.903876],[73.362804,2.898383],[73.360688,2.897528],[73.35727,2.899807],[73.360362,2.903876]]],[[[73.56129,2.948472],[73.56422,2.954617],[73.562022,2.946112],[73.56129,2.948472]]],[[[73.516531,3.36107],[73.519216,3.356391],[73.516368,3.361233],[73.516531,3.36107]]],[[[73.506114,3.497707],[73.50587,3.501207],[73.508556,3.496487],[73.506114,3.497707]]],[[[73.435232,3.844916],[73.432465,3.846829],[73.437266,3.846625],[73.435232,3.844916]]],[[[73.443533,3.920559],[73.443044,3.918769],[73.438162,3.916449],[73.443533,3.920559]]],[[[73.46754,3.933661],[73.471528,3.938707],[73.477306,3.942125],[73.46754,3.933661]]],[[[73.3449,3.944566],[73.341482,3.943101],[73.345063,3.944729],[73.3449,3.944566]]],[[[73.502452,4.098538],[73.508149,4.103583],[73.508311,4.093329],[73.502452,4.098538]]],[[[73.422618,4.118354],[73.421397,4.11636],[73.418956,4.115709],[73.422618,4.118354]]],[[[73.431201,4.184649],[73.432093,4.189998],[73.512015,4.186301],[73.520533,4.191123],[73.533271,4.231004],[73.546197,4.243039],[73.552883,4.236799],[73.538174,4.183312],[73.510891,4.162087],[73.486916,4.164146],[73.431201,4.184649]]],[[[73.37672,4.474433],[73.377289,4.465277],[73.373871,4.466986],[73.37672,4.474433]]],[[[73.553559,4.62051],[73.553884,4.613918],[73.551606,4.612982],[73.549815,4.615383],[73.553559,4.62051]]],[[[73.404959,4.634996],[73.405284,4.628404],[73.403005,4.627427],[73.401215,4.629828],[73.404959,4.634996]]],[[[73.490489,4.723334],[73.490733,4.716742],[73.488455,4.715969],[73.490489,4.723334]]],[[[73.447276,4.97134],[73.436534,4.969875],[73.441173,4.974921],[73.447276,4.97134]]],[[[73.499766,5.246894],[73.497244,5.245022],[73.493826,5.245998],[73.499766,5.246894]]],[[[73.467052,5.308336],[73.464366,5.306871],[73.464203,5.30683],[73.467052,5.308336]]],[[[73.397553,5.362006],[73.400645,5.357652],[73.401215,5.356147],[73.396169,5.357123],[73.397553,5.362006]]],[[[73.319347,5.362942],[73.323253,5.368232],[73.330089,5.366848],[73.319347,5.362942]]],[[[73.3449,5.426825],[73.347504,5.428778],[73.350759,5.42768],[73.3449,5.426825]]],[[[73.534923,5.449856],[73.531261,5.450426],[73.537446,5.451402],[73.534923,5.449856]]],[[[73.360688,5.457831],[73.362966,5.46308],[73.363129,5.459377],[73.360688,5.457831]]],[[[73.459321,5.541734],[73.456309,5.54267],[73.462413,5.543606],[73.459321,5.541734]]],[[[73.380707,5.714586],[73.382579,5.722113],[73.392833,5.737698],[73.380707,5.714586]]],[[[73.382335,5.794989],[73.384532,5.786933],[73.380707,5.784125],[73.376801,5.78734],[73.382335,5.794989]]],[[[73.438975,5.838284],[73.449799,5.840725],[73.433442,5.830715],[73.438975,5.838284]]],[[[73.429047,5.9112],[73.428477,5.904446],[73.42628,5.903266],[73.423188,5.906887],[73.429047,5.9112]]],[[[73.395333,5.957802],[73.384532,5.964748],[73.389822,5.970282],[73.395333,5.957802]]],[[[73.250662,6.083279],[73.245453,6.079779],[73.250743,6.083401],[73.250662,6.083279]]],[[[73.248871,6.110175],[73.251964,6.111151],[73.246837,6.107733],[73.248871,6.110175]]],[[[73.270274,6.156928],[73.267263,6.150946],[73.265147,6.150621],[73.265391,6.153551],[73.270274,6.156928]]],[[[73.270844,6.189439],[73.268077,6.178697],[73.265961,6.185004],[73.270844,6.189439]]],[[[73.583507,2.10814],[73.567719,2.097805],[73.561778,2.094713],[73.567638,2.109931],[73.583507,2.10814]]],[[[73.578461,2.957343],[73.585948,2.961615],[73.577485,2.951158],[73.578461,2.957343]]],[[[73.613048,3.106757],[73.612559,3.102973],[73.608409,3.100409],[73.613048,3.106757]]],[[[73.753184,3.446357],[73.748546,3.448188],[73.747569,3.451117],[73.747732,3.450995],[73.753184,3.446357]]],[[[73.595876,4.342271],[73.592459,4.340155],[73.589122,4.340562],[73.595876,4.342271]]],[[[73.611501,4.363105],[73.611827,4.356513],[73.609548,4.355618],[73.607677,4.3581],[73.611501,4.363105]]],[[[73.633637,4.364691],[73.63795,4.370551],[73.637055,4.363959],[73.633637,4.364691]]],[[[73.667817,4.390692],[73.664317,4.388332],[73.667979,4.3935],[73.667817,4.390692]]],[[[73.70281,4.434719],[73.697602,4.431464],[73.697439,4.431383],[73.70281,4.434719]]],[[[73.702647,4.452908],[73.699962,4.451646],[73.70281,4.45303],[73.702647,4.452908]]],[[[73.582856,5.27558],[73.569998,5.27676],[73.593598,5.282701],[73.582856,5.27558]]],[[[73.629568,5.332831],[73.627208,5.331122],[73.623302,5.331855],[73.629568,5.332831]]],[[[73.643403,5.34394],[73.640066,5.34219],[73.639903,5.34219],[73.643403,5.34394]]],[[[73.636729,5.402899],[73.632498,5.386054],[73.629568,5.418524],[73.636729,5.402899]]],[[[81.725108,7.739936],[81.737966,7.727484],[81.770763,7.65469],[81.806326,7.598578],[81.823253,7.511298],[81.822602,7.49136],[81.807791,7.479193],[81.787364,7.496812],[81.787364,7.593451],[81.73878,7.660468],[81.725108,7.69892],[81.729991,7.728217],[81.725108,7.739936]]],[[[81.831554,6.765367],[81.779796,6.663642],[81.786632,6.639268],[81.775645,6.610419],[81.681488,6.462144],[81.650076,6.430854],[81.592052,6.389879],[81.547699,6.370673],[81.362071,6.225409],[81.324962,6.20539],[81.204356,6.162746],[81.202647,6.178046],[81.187673,6.181586],[81.176443,6.150377],[81.112559,6.120307],[80.90268,6.070787],[80.877452,6.061103],[80.862315,6.039862],[80.835216,6.045152],[80.809093,6.035102],[80.732107,5.97842],[80.714366,5.957913],[80.656261,5.957913],[80.590831,5.923733],[80.539561,5.944281],[80.4817,5.937445],[80.46518,5.94066],[80.444021,5.970933],[80.411957,5.959947],[80.378591,5.964748],[80.358409,5.97842],[80.340994,5.970933],[80.327322,5.985256],[80.247569,6.009182],[80.211192,6.033637],[80.203868,6.02619],[80.094005,6.136054],[80.09311,6.148749],[80.031993,6.266343],[80.012055,6.361314],[79.993663,6.39411],[79.977875,6.458197],[79.964203,6.471869],[79.965343,6.477729],[79.977875,6.478705],[79.969574,6.535346],[79.863048,6.807196],[79.848155,6.890204],[79.848155,6.962144],[79.861583,7.011868],[79.813731,7.180732],[79.820323,7.205512],[79.819998,7.190253],[79.848155,7.122952],[79.85434,7.122952],[79.861827,7.136664],[79.861583,7.167426],[79.85434,7.19184],[79.836436,7.197903],[79.826345,7.210395],[79.833832,7.232815],[79.784679,7.589789],[79.778575,7.602729],[79.785818,7.607571],[79.792979,7.602729],[79.802013,7.659329],[79.788829,7.688178],[79.785981,7.743354],[79.760265,7.868394],[79.721934,7.985541],[79.696788,8.098293],[79.696788,8.130316],[79.703624,8.123481],[79.707205,8.142076],[79.696788,8.219062],[79.72877,8.249701],[79.749034,8.30386],[79.778575,8.350043],[79.744477,8.281155],[79.757091,8.263739],[79.778575,8.259996],[79.7588,8.212877],[79.746104,8.206122],[79.744477,8.164496],[79.72755,8.110907],[79.729503,8.081122],[79.751964,8.054633],[79.731944,8.013129],[79.763845,7.990139],[79.810232,7.986518],[79.833832,8.003079],[79.818858,8.040188],[79.796397,8.061998],[79.793468,8.072821],[79.827159,8.136542],[79.813487,8.171291],[79.813487,8.212877],[79.804698,8.22899],[79.806651,8.24018],[79.827159,8.277737],[79.848155,8.438178],[79.865896,8.461412],[79.87379,8.538072],[79.916515,8.575995],[79.941661,8.642483],[79.950531,8.739814],[79.926443,8.801907],[79.930186,8.884426],[79.924815,8.919745],[79.915538,8.938544],[79.947113,8.948676],[80.005138,9.000556],[80.048025,9.026272],[80.105642,9.192857],[80.115977,9.233832],[80.118175,9.300442],[80.066173,9.332587],[80.052989,9.391547],[80.087087,9.414984],[80.14088,9.430325],[80.162852,9.459215],[80.197032,9.473456],[80.161306,9.520575],[80.067882,9.57803],[80.052989,9.596381],[80.085216,9.595364],[80.175955,9.54857],[80.233409,9.534247],[80.272227,9.504136],[80.278087,9.493313],[80.26588,9.487128],[80.272146,9.473456],[80.26588,9.466702],[80.286876,9.452704],[80.336274,9.464667],[80.426606,9.50019],[80.504242,9.483303],[80.567149,9.455227],[80.614757,9.446194],[80.546723,9.492418],[80.496349,9.510484],[80.471446,9.528062],[80.444021,9.528062],[80.428966,9.517768],[80.415701,9.527493],[80.368663,9.530219],[80.297537,9.591254],[80.186046,9.648505],[80.173595,9.648668],[80.175955,9.624335],[80.199962,9.599189],[80.193614,9.586412],[80.186046,9.584133],[80.115489,9.635728],[80.094005,9.644843],[80.13559,9.603827],[80.087413,9.618354],[80.039317,9.644843],[80.000987,9.674709],[79.959239,9.692816],[79.958018,9.685736],[79.947032,9.693183],[79.937022,9.727362],[79.909679,9.768297],[79.931326,9.779039],[79.970714,9.815131],[79.988455,9.822943],[80.066661,9.816107],[80.122325,9.818915],[80.130138,9.77733],[80.170909,9.767279],[80.180431,9.755805],[80.211192,9.760891],[80.222341,9.754462],[80.338552,9.629218],[80.444021,9.575914],[80.444021,9.583319],[80.407725,9.601508],[80.319835,9.672756],[80.247813,9.755072],[80.211192,9.774522],[80.153819,9.787991],[80.138682,9.798733],[80.136729,9.81391],[80.157725,9.822943],[80.226817,9.829576],[80.246755,9.825873],[80.26059,9.81623],[80.278982,9.769843],[80.409923,9.617499],[80.468272,9.581366],[80.744395,9.359687],[80.798839,9.294867],[80.786632,9.28852],[80.768321,9.305406],[80.744395,9.311347],[80.736501,9.308987],[80.74171,9.298489],[80.79363,9.250556],[80.813894,9.239529],[80.801036,9.26321],[80.803559,9.271633],[80.823904,9.270494],[80.882172,9.145209],[80.840099,9.155992],[80.834483,9.14175],[80.873057,9.126451],[80.875336,9.103583],[80.896495,9.116604],[80.916352,9.062161],[80.935313,9.033433],[80.958344,9.01789],[80.953624,9.003852],[80.944347,9.000556],[80.930675,9.020982],[80.875336,9.04149],[80.922862,8.992255],[80.923188,8.973212],[80.935069,8.964911],[80.914887,8.943915],[80.930675,8.931627],[80.947602,8.932929],[80.961436,8.945746],[80.978526,8.979967],[81.014659,8.936713],[81.046723,8.882148],[81.059825,8.868638],[81.092784,8.85163],[81.114268,8.799994],[81.150157,8.777167],[81.176524,8.698879],[81.182302,8.712226],[81.19752,8.705715],[81.194591,8.696112],[81.2317,8.651068],[81.231619,8.633043],[81.204356,8.610093],[81.224946,8.616848],[81.246593,8.570136],[81.249766,8.545803],[81.224864,8.541815],[81.229991,8.557929],[81.223318,8.570828],[81.21225,8.572699],[81.204356,8.555487],[81.218028,8.522528],[81.210623,8.507107],[81.176524,8.530585],[81.159028,8.534573],[81.142345,8.527574],[81.129405,8.510321],[81.133962,8.501288],[81.149425,8.503648],[81.170258,8.520697],[81.213145,8.472398],[81.235118,8.466132],[81.281098,8.467027],[81.296641,8.476793],[81.286388,8.50023],[81.334158,8.514553],[81.365733,8.482164],[81.388438,8.390611],[81.389415,8.363715],[81.37672,8.372545],[81.363455,8.399075],[81.351817,8.40469],[81.356619,8.362494],[81.362071,8.350043],[81.399262,8.33926],[81.448497,8.127997],[81.430349,8.103013],[81.403575,8.191799],[81.396251,8.191799],[81.396251,8.136542],[81.408051,8.130072],[81.417979,8.105943],[81.435557,8.093166],[81.452403,8.09455],[81.458263,8.116034],[81.464366,8.116034],[81.480642,8.065375],[81.519705,7.999335],[81.533946,8.013617],[81.540212,7.986314],[81.56072,7.999254],[81.565929,7.986802],[81.56072,7.958401],[81.59547,7.917426],[81.581716,7.9112],[81.575857,7.88939],[81.587576,7.855292],[81.608246,7.831692],[81.636404,7.835517],[81.653656,7.797756],[81.710704,7.731147],[81.713145,7.711819],[81.690929,7.705146],[81.64324,7.754136],[81.626638,7.760199],[81.612966,7.759019],[81.60255,7.74844],[81.59547,7.726264],[81.618988,7.719224],[81.636404,7.7331],[81.659028,7.723334],[81.665294,7.715847],[81.663748,7.705146],[81.711518,7.650499],[81.705089,7.638861],[81.711599,7.622545],[81.717784,7.630072],[81.714041,7.643663],[81.749034,7.622545],[81.77296,7.567979],[81.766124,7.540676],[81.77296,7.523912],[81.757579,7.505439],[81.779796,7.472357],[81.769054,7.464626],[81.771007,7.456977],[81.779063,7.455308],[81.793305,7.465562],[81.800792,7.410346],[81.807791,7.410346],[81.811046,7.438544],[81.821462,7.458726],[81.820486,7.476508],[81.834972,7.465562],[81.840343,7.436469],[81.855724,7.412177],[81.880707,7.327094],[81.875987,7.091946],[81.89031,7.019924],[81.884613,6.98017],[81.838552,6.821438],[81.831554,6.765367]]],[[[79.910899,8.95303],[79.915863,8.946845],[79.907237,8.935696],[79.910899,8.95303]]],[[[79.916433,9.021023],[79.85434,9.04149],[79.909679,8.973212],[79.885753,8.976223],[79.799815,9.048977],[79.758962,9.067043],[79.702973,9.079983],[79.698009,9.089586],[79.701182,9.099189],[79.7588,9.103583],[79.799001,9.093329],[79.882335,9.053778],[79.916433,9.021023]]],[[[79.664724,9.070217],[79.644216,9.070217],[79.631196,9.067084],[79.643647,9.074856],[79.664724,9.070217]]],[[[79.553966,9.090969],[79.553315,9.084459],[79.551443,9.093126],[79.553966,9.090969]]],[[[79.063813,9.204861],[79.088145,9.194322],[79.083018,9.191026],[79.058604,9.200629],[79.063813,9.204861]]],[[[79.992686,9.295071],[79.991303,9.288275],[79.980072,9.277655],[79.971609,9.292873],[79.98349,9.304755],[79.992686,9.295071]]],[[[79.658702,9.555365],[79.67628,9.53498],[79.719249,9.524359],[79.730805,9.50019],[79.714692,9.485053],[79.689464,9.483588],[79.666026,9.491278],[79.655772,9.503892],[79.658702,9.555365]]],[[[79.814464,9.622789],[79.833995,9.593166],[79.846365,9.597317],[79.841075,9.613023],[79.859548,9.605496],[79.863455,9.591783],[79.857677,9.565985],[79.815847,9.571194],[79.809418,9.580146],[79.814464,9.622789]]],[[[79.894054,9.757392],[79.888438,9.723619],[79.894705,9.688178],[79.902843,9.678941],[79.929698,9.675971],[79.933604,9.654731],[79.973399,9.633775],[79.977875,9.624335],[79.970958,9.617255],[79.926524,9.629462],[79.895844,9.617499],[79.864919,9.651516],[79.840668,9.699408],[79.851736,9.716539],[79.860525,9.756252],[79.894054,9.757392]]],[[[73.645193,10.09219],[73.644054,10.076972],[73.632579,10.057278],[73.633311,10.077867],[73.645193,10.09219]]],[[[73.662201,10.144517],[73.657888,10.139065],[73.654633,10.141506],[73.65561,10.144761],[73.662201,10.144517]]],[[[73.67628,10.824368],[73.671397,10.829739],[73.684418,10.827541],[73.67628,10.824368]]],[[[80.937266,15.818915],[80.988536,15.770738],[80.97169,15.750474],[80.942556,15.741075],[80.917979,15.755113],[80.8685,15.811957],[80.879161,15.840074],[80.888357,15.846747],[80.937266,15.818915]]],[[[99.987641,12.790473],[99.965017,12.71015],[99.960948,12.625393],[99.980805,12.540351],[99.980805,12.454657],[100.0,12.409256425510076],[100.0,12.34157667510124],[99.9817,12.279934],[99.982758,12.270453],[100.0,12.25188508691309],[100.0,12.166949159808848],[99.987641,12.153022],[99.981456,12.117174],[99.955333,12.072496],[99.855317,11.968411],[99.831228,11.924709],[99.823253,11.878648],[99.836925,11.843451],[99.812511,11.832099],[99.809825,11.824612],[99.817068,11.77558],[99.811046,11.753079],[99.817068,11.741441],[99.780447,11.73725],[99.751801,11.709866],[99.670584,11.577867],[99.661306,11.551011],[99.641856,11.523261],[99.625743,11.440497],[99.592947,11.364203],[99.569347,11.33397],[99.566254,11.276313],[99.586192,11.213853],[99.586192,11.195136],[99.569347,11.179145],[99.562022,11.19892],[99.546153,11.198432],[99.528575,11.186835],[99.508149,11.162177],[99.496349,11.13288],[99.497569,11.093085],[99.51531,11.039211],[99.494151,10.967475],[99.51531,10.881537],[99.511567,10.86636],[99.503266,10.866848],[99.494151,10.878119],[99.461192,10.877427],[99.443207,10.870347],[99.435069,10.801825],[99.375011,10.711982],[99.37436,10.681383],[99.343516,10.67536],[99.327159,10.663275],[99.302419,10.631049],[99.288259,10.562934],[99.278168,10.546047],[99.24464,10.535142],[99.242686,10.514472],[99.268321,10.508205],[99.243826,10.472357],[99.240408,10.456977],[99.246755,10.443915],[99.288748,10.412014],[99.285004,10.364488],[99.278168,10.357367],[99.256358,10.356147],[99.234141,10.343695],[99.223399,10.365383],[99.200043,10.378485],[99.160655,10.367987],[99.151622,10.357367],[99.158458,10.30272],[99.168956,10.287746],[99.22462,10.232367],[99.254649,10.234442],[99.24171,10.214504],[99.201345,10.210639],[99.151622,10.103461],[99.153494,10.075832],[99.178884,10.025295],[99.158458,9.990546],[99.165294,9.946479],[99.165294,9.867621],[99.17213,9.850246],[99.151622,9.829169],[99.144786,9.788235],[99.172862,9.665229],[99.212087,9.597724],[99.223155,9.542629],[99.26531,9.46601],[99.323578,9.391547],[99.290782,9.390082],[99.288748,9.377265],[99.254649,9.356838],[99.235525,9.33633],[99.230235,9.31977],[99.234141,9.278266],[99.255056,9.232489],[99.350759,9.219184],[99.378184,9.192939],[99.474783,9.200995],[99.50172,9.220282],[99.521495,9.269924],[99.535818,9.281684],[99.593516,9.274848],[99.672374,9.302191],[99.689464,9.315863],[99.733735,9.312161],[99.739513,9.320502],[99.752778,9.31977],[99.781586,9.308417],[99.803396,9.322659],[99.81544,9.311184],[99.853526,9.294664],[99.85963,9.257758],[99.877778,9.226467],[99.885997,9.233303],[99.886485,9.157904],[99.891449,9.138332],[99.91627,9.101996],[99.919444,9.038398],[99.933116,9.000556],[99.919444,8.980048],[99.919444,8.955797],[99.931163,8.878974],[99.92628,8.863349],[99.93922,8.832465],[99.959239,8.637641],[99.967133,8.605658],[99.984141,8.579413],[100.0,8.569934166893237],[100.0,6.570779365418367],[99.991222,6.597846],[99.984141,6.6022],[99.964122,6.593736],[99.960948,6.598456],[99.973969,6.622707],[99.960948,6.660549],[99.937348,6.66474],[99.928477,6.692613],[99.891449,6.725043],[99.867524,6.7626],[99.851736,6.776435],[99.82488,6.769599],[99.809581,6.808295],[99.797211,6.821682],[99.710704,6.854153],[99.685802,6.877346],[99.69044,6.935492],[99.713878,6.942206],[99.707205,6.961005],[99.680919,6.973619],[99.686209,7.013373],[99.67921,7.02676],[99.70574,7.075426],[99.716807,7.081977],[99.748057,7.126044],[99.740571,7.137112],[99.692882,7.116116],[99.677582,7.123277],[99.671886,7.135403],[99.672374,7.170722],[99.614106,7.136664],[99.61085,7.150865],[99.583995,7.15644],[99.557872,7.197455],[99.54005,7.244127],[99.545421,7.266303],[99.566742,7.278022],[99.585216,7.306708],[99.603526,7.376166],[99.597341,7.376166],[99.569021,7.322211],[99.549571,7.301825],[99.524669,7.311347],[99.520518,7.326972],[99.525401,7.370022],[99.521495,7.383612],[99.508149,7.384955],[99.490977,7.35102],[99.488292,7.285712],[99.470714,7.279975],[99.420665,7.30744],[99.392345,7.312201],[99.378184,7.32095],[99.336599,7.383612],[99.345876,7.400051],[99.347423,7.423489],[99.344005,7.46898],[99.329845,7.503404],[99.295584,7.507148],[99.308849,7.528306],[99.292735,7.620673],[99.268321,7.6164],[99.249766,7.627753],[99.246755,7.634101],[99.262218,7.643256],[99.255707,7.657375],[99.243663,7.671454],[99.214366,7.679999],[99.192556,7.705146],[99.153087,7.730658],[99.137543,7.74433],[99.130544,7.767239],[99.124278,7.767239],[99.121918,7.733059],[99.112153,7.705512],[99.091482,7.69184],[99.056,7.69892],[99.033214,7.722805],[99.02768,7.788886],[99.014415,7.815009],[99.056,7.847357],[99.062266,7.859361],[99.069591,7.924872],[99.050304,7.905463],[99.028087,7.903754],[99.000255,7.942572],[98.967784,7.956204],[98.96046,7.976386],[98.96046,8.006781],[98.929454,8.030992],[98.917979,8.051337],[98.898936,8.042711],[98.888194,8.021064],[98.843598,8.002875],[98.829438,8.006781],[98.812755,8.044989],[98.800304,8.052436],[98.788585,8.034735],[98.770274,8.023668],[98.765391,8.047105],[98.747406,8.068264],[98.744151,8.214911],[98.727061,8.253852],[98.712738,8.225898],[98.706554,8.225898],[98.703136,8.298529],[98.6963,8.308498],[98.648204,8.284857],[98.63087,8.287991],[98.63087,8.281155],[98.624034,8.281155],[98.626231,8.346096],[98.655447,8.379625],[98.603526,8.397203],[98.598888,8.374905],[98.552013,8.360012],[98.526052,8.33633],[98.510427,8.331122],[98.493663,8.343207],[98.486664,8.324897],[98.466319,8.335761],[98.466319,8.32274],[98.445649,8.3251],[98.428233,8.316962],[98.422211,8.306342],[98.453136,8.294013],[98.462901,8.216132],[98.446137,8.175116],[98.424978,8.148424],[98.405528,8.164496],[98.391287,8.136542],[98.375255,8.150824],[98.356944,8.185004],[98.331228,8.195054],[98.323985,8.209621],[98.286876,8.219916],[98.277599,8.240709],[98.277599,8.283515],[98.26238,8.312812],[98.242035,8.40648],[98.199474,8.534369],[98.198009,8.556057],[98.209727,8.581488],[98.215668,8.553371],[98.247325,8.514553],[98.253103,8.534654],[98.219981,8.569159],[98.240489,8.651068],[98.219981,8.726223],[98.250743,8.759955],[98.261567,8.850653],[98.283539,8.884955],[98.292735,8.924384],[98.32488,8.975246],[98.333018,8.980048],[98.364024,8.973944],[98.358084,8.995998],[98.391287,9.035305],[98.342459,9.018215],[98.332693,9.026068],[98.329845,9.052069],[98.342052,9.062893],[98.365977,9.06391],[98.382009,9.071926],[98.370779,9.103583],[98.32838,9.164374],[98.322276,9.209377],[98.339692,9.199774],[98.370779,9.226467],[98.352306,9.235907],[98.351899,9.25137],[98.383311,9.316555],[98.397146,9.378811],[98.425466,9.432522],[98.443207,9.520819],[98.457205,9.548529],[98.486827,9.528062],[98.531098,9.566107],[98.528494,9.575873],[98.493663,9.575873],[98.483409,9.596381],[98.46339,9.604438],[98.47169,9.621161],[98.490245,9.634955],[98.500499,9.634508],[98.514171,9.654731],[98.493663,9.685736],[98.51002,9.686591],[98.513194,9.694892],[98.493663,9.71369],[98.500499,9.719916],[98.531423,9.703925],[98.543956,9.706488],[98.549001,9.723619],[98.565766,9.742621],[98.521007,9.754625],[98.514171,9.740383],[98.507986,9.740383],[98.507986,9.774563],[98.555431,9.798041],[98.583018,9.842841],[98.549001,9.809272],[98.54005,9.810981],[98.512706,9.836859],[98.520763,9.854438],[98.549001,9.883734],[98.559906,9.873033],[98.576182,9.87759],[98.570486,9.884223],[98.589854,9.905463],[98.571625,9.915473],[98.59197,9.942694],[98.63087,9.952704],[98.633149,9.962958],[98.612559,9.965969],[98.610362,9.96011],[98.59962,9.973863],[98.603526,9.993598],[98.662283,10.085273],[98.689626,10.162055],[98.712901,10.205512],[98.730805,10.291734],[98.746267,10.329006],[98.747406,10.350531],[98.735037,10.343085],[98.718923,10.312567],[98.696056,10.2237],[98.644216,10.155015],[98.589854,10.04206],[98.543142,9.987454],[98.521007,10.028998],[98.513927,10.146918],[98.493663,10.179185],[98.489594,10.197903],[98.512218,10.26142],[98.528494,10.364203],[98.512218,10.422797],[98.494151,10.45246],[98.500499,10.515041],[98.495453,10.556871],[98.46339,10.630032],[98.459321,10.715399],[98.463552,10.729438],[98.476573,10.734687],[98.498302,10.731594],[98.510997,10.722886],[98.528494,10.693101],[98.538748,10.704413],[98.538341,10.718695],[98.521007,10.740953],[98.543712,10.745063],[98.563243,10.727281],[98.577403,10.770413],[98.599864,10.805487],[98.602712,10.819485],[98.59669,10.837144],[98.615977,10.838446],[98.63087,10.850816],[98.586436,10.861029],[98.578868,10.87519],[98.581554,10.882025],[98.61378,10.890286],[98.634044,10.913723],[98.64796,10.919094],[98.673106,10.905463],[98.68922,10.913398],[98.706554,10.912828],[98.712413,10.924384],[98.717621,10.960679],[98.712738,10.974311],[98.720225,10.980536],[98.692882,11.00845],[98.695323,11.020087],[98.716482,11.032375],[98.722423,11.044867],[98.706554,11.097846],[98.688813,11.092475],[98.67628,11.100572],[98.658214,11.131985],[98.702647,11.143622],[98.724132,11.156195],[98.733165,11.176011],[98.733165,11.207099],[98.759288,11.268948],[98.74643,11.285875],[98.721934,11.350084],[98.727061,11.385199],[98.702647,11.379055],[98.698009,11.388007],[98.715343,11.443183],[98.774913,11.453518],[98.765636,11.467434],[98.763438,11.506252],[98.754405,11.522406],[98.745291,11.524848],[98.728852,11.517646],[98.717947,11.531887],[98.725759,11.548407],[98.720225,11.557115],[98.733572,11.573432],[98.736339,11.588772],[98.735606,11.642035],[98.752208,11.681708],[98.768077,11.68008],[98.780284,11.68651],[98.805919,11.673245],[98.817149,11.677395],[98.822602,11.707953],[98.85434,11.707099],[98.891612,11.693671],[98.87672,11.722642],[98.804942,11.736518],[98.78297,11.755113],[98.790294,11.77969],[98.825694,11.825873],[98.80893,11.851304],[98.816091,11.833808],[98.768077,11.761949],[98.744151,11.762519],[98.712169,11.736518],[98.703136,11.697455],[98.684337,11.682807],[98.674164,11.685248],[98.610362,11.731269],[98.603282,11.753607],[98.605968,11.769192],[98.617849,11.789252],[98.632091,11.792873],[98.63087,11.803616],[98.603526,11.803616],[98.624034,11.830268],[98.651378,11.830268],[98.680919,11.877346],[98.706554,11.878648],[98.694102,11.89289],[98.63087,11.878648],[98.549001,11.878648],[98.558116,11.899115],[98.578136,11.906684],[98.627452,11.905951],[98.664073,11.920356],[98.67921,11.932807],[98.690929,11.954332],[98.720225,11.964301],[98.721446,11.997789],[98.703136,12.048082],[98.712738,12.063625],[98.66505,12.060248],[98.6338,12.090318],[98.640961,12.113674],[98.629649,12.131985],[98.63087,12.146186],[98.673106,12.159166],[98.673106,12.166653],[98.658214,12.166653],[98.709727,12.20425],[98.713715,12.215766],[98.703298,12.237779],[98.6963,12.241767],[98.662934,12.236802],[98.59669,12.193996],[98.563243,12.207668],[98.54713,12.223456],[98.539073,12.241767],[98.540212,12.260972],[98.552013,12.279608],[98.56837,12.29092],[98.676768,12.315253],[98.697765,12.327948],[98.706554,12.347886],[98.699962,12.363959],[98.651378,12.385728],[98.626801,12.409573],[98.607432,12.41828],[98.605154,12.428941],[98.616222,12.485745],[98.628429,12.492133],[98.701427,12.498725],[98.709727,12.512397],[98.673106,12.529731],[98.639985,12.531887],[98.63087,12.537258],[98.623057,12.558173],[98.651378,12.62226],[98.673106,12.625393],[98.66505,12.64643],[98.667654,12.674791],[98.691173,12.710435],[98.692882,12.725287],[98.648448,12.723334],[98.641775,12.728095],[98.644542,12.742011],[98.673025,12.746812],[98.678722,12.756293],[98.670177,12.760932],[98.627696,12.756252],[98.617849,12.766262],[98.617442,12.777411],[98.641775,12.782416],[98.651378,12.797309],[98.634288,12.878607],[98.589854,12.919582],[98.600108,12.941636],[98.614024,12.954291],[98.583832,13.026597],[98.580414,13.065375],[98.589854,13.084662],[98.578461,13.186754],[98.500499,13.249172],[98.489919,13.297838],[98.479991,13.283881],[98.473155,13.324897],[98.46046,13.35578],[98.460134,13.36933],[98.473155,13.379462],[98.473155,13.413031],[98.458995,13.39997],[98.45281,13.379462],[98.445323,13.424302],[98.41863,13.454576],[98.431651,13.478746],[98.426443,13.490058],[98.394054,13.542792],[98.357188,13.56387],[98.361095,13.576158],[98.356619,13.584866],[98.336111,13.598578],[98.336436,13.619818],[98.288259,13.69477],[98.295665,13.687974],[98.302013,13.700995],[98.257335,13.706366],[98.244802,13.714057],[98.240489,13.746039],[98.254161,13.797797],[98.247813,13.837592],[98.254161,13.851793],[98.233653,13.917304],[98.227224,13.988959],[98.233653,14.002631],[98.208669,14.029608],[98.192149,14.064683],[98.185802,14.064683],[98.178966,14.019721],[98.199474,13.992743],[98.198253,13.964911],[98.180186,13.925035],[98.199474,13.869208],[98.179454,13.732408],[98.196056,13.668362],[98.168468,13.584296],[98.17156,13.56387],[98.18686,13.54385],[98.171072,13.537828],[98.151052,13.557603],[98.144298,13.537095],[98.141368,13.573228],[98.129731,13.582343],[98.151052,13.606024],[98.137462,13.626532],[98.151866,13.630357],[98.158458,13.64232],[98.151052,13.673733],[98.167654,13.673163],[98.168793,13.680813],[98.147634,13.69477],[98.12379,13.693508],[98.103282,13.700995],[98.116954,13.728949],[98.092052,13.739691],[98.082774,13.769965],[98.088878,13.795111],[98.110118,13.790351],[98.103282,13.87637],[98.11085,13.902167],[98.082286,13.924465],[98.061697,14.010077],[98.066254,14.032701],[98.096446,14.078355],[98.107677,14.110012],[98.108572,14.132636],[98.096446,14.167792],[98.110118,14.167792],[98.101085,14.19184],[98.095225,14.193793],[98.08961,14.181383],[98.041759,14.242865],[97.9935,14.330512],[97.979747,14.397406],[98.000255,14.468736],[97.97641,14.443752],[97.966075,14.44831],[97.951834,14.502916],[97.921397,14.557685],[97.913585,14.586737],[97.925059,14.612779],[97.900076,14.630316],[97.885509,14.655951],[97.885509,14.684068],[97.904063,14.70897],[97.943126,14.720201],[97.992442,14.663723],[98.027599,14.647528],[97.982188,14.715277],[98.000255,14.722073],[97.971039,14.735907],[97.96461,14.747056],[97.972911,14.763617],[97.94988,14.798896],[97.938162,14.784735],[97.945567,14.763617],[97.931163,14.752183],[97.917166,14.758612],[97.906749,14.775946],[97.904063,14.797756],[97.897227,14.797756],[97.894542,14.77969],[97.902192,14.737698],[97.875499,14.716742],[97.863048,14.715806],[97.850352,14.723619],[97.84254,14.736314],[97.815115,14.850816],[97.79477,14.880316],[97.802501,14.900946],[97.804454,14.935981],[97.815929,14.958808],[97.812836,14.983344],[97.804373,14.998684],[97.774262,15.017483],[97.787446,15.030707],[97.80836,15.031155],[97.79477,15.058498],[97.806814,15.075263],[97.810232,15.09512],[97.80714,15.174954],[97.822765,15.209296],[97.780284,15.211493],[97.769379,15.223334],[97.743175,15.266832],[97.742035,15.317939],[97.72641,15.339586],[97.73406,15.355292],[97.750499,15.360093],[97.760753,15.394232],[97.766938,15.38935],[97.79477,15.407904],[97.761404,15.490546],[97.774262,15.531399],[97.742931,15.604478],[97.747325,15.617743],[97.740245,15.641262],[97.743663,15.664862],[97.725597,15.701321],[97.733897,15.726304],[97.712901,15.75731],[97.72641,15.777818],[97.727061,15.843207],[97.721365,15.856187],[97.706065,15.860338],[97.71225,15.887681],[97.691417,15.912299],[97.637218,15.949164],[97.575694,16.017401],[97.568858,16.062405],[97.571788,16.080024],[97.600841,16.092475],[97.61964,16.125434],[97.639008,16.238349],[97.65089,16.271308],[97.626475,16.35163],[97.623057,16.394477],[97.637218,16.477362],[97.651866,16.507229],[97.673839,16.533433],[97.703136,16.552069],[97.740245,16.559272],[97.729503,16.572496],[97.712901,16.579779],[97.652843,16.539862],[97.630382,16.531968],[97.54835,16.538153],[97.499848,16.531968],[97.476329,16.518297],[97.423106,16.523424],[97.402599,16.516913],[97.370291,16.483547],[97.329828,16.679847],[97.311194,16.652366],[97.285836,16.658922],[97.255445,16.697869],[97.230173,16.769142],[97.230209,16.796646],[97.244802,16.81745],[97.233084,16.83983],[97.240489,16.874579],[97.233084,16.874579],[97.219493,16.826158],[97.208995,16.833197],[97.2046,16.859809],[97.219493,16.901272],[97.211436,16.907864],[97.19158,16.901272],[97.183279,16.921536],[97.198253,17.013495],[97.164561,17.059312],[97.157237,17.086859],[97.17449,17.112494],[97.233653,17.09516],[97.260997,17.107327],[97.202647,17.131578],[97.158051,17.129299],[97.130626,17.079413],[97.100271,17.133775],[97.095958,17.165758],[97.10963,17.189276],[97.088715,17.193508],[97.068614,17.25137],[97.007172,17.278062],[97.013357,17.29914],[96.895518,17.38467],[96.883067,17.457424],[96.871593,17.441718],[96.855724,17.388495],[96.842052,17.409003],[96.821544,17.394721],[96.851248,17.359565],[96.910655,17.317084],[96.910899,17.284857],[96.865489,17.240302],[96.849376,17.212958],[96.855724,17.168769],[96.910167,17.06684],[96.910899,17.024807],[96.886892,16.979397],[96.87908,16.934719],[96.868337,16.928412],[96.835216,16.936021],[96.855724,16.901272],[96.807872,16.908677],[96.807872,16.901272],[96.844005,16.873928],[96.84669,16.844916],[96.831879,16.821926],[96.81129,16.764716],[96.789399,16.75609],[96.801036,16.737372],[96.783214,16.712348],[96.716319,16.658352],[96.698416,16.62995],[96.679473,16.574868],[96.640027,16.545373],[96.615943,16.518005],[96.55898,16.496897],[96.436261,16.477768],[96.400157,16.504055],[96.357107,16.5185],[96.289806,16.56684],[96.265961,16.596829],[96.261567,16.640692],[96.229259,16.718736],[96.225759,16.761298],[96.234548,16.776923],[96.28712,16.813137],[96.257579,16.815904],[96.206554,16.777493],[96.171153,16.771552],[96.194102,16.74315],[96.2046,16.696479],[96.240896,16.650133],[96.246104,16.631293],[96.233653,16.597886],[96.23463,16.576361],[96.310069,16.464586],[96.336436,16.439439],[96.3213,16.415269],[96.304698,16.406399],[96.285336,16.365993],[96.221818,16.344787],[96.118988,16.321763],[96.097667,16.328559],[96.077403,16.360826],[96.006602,16.387356],[96.06658,16.335639],[96.067556,16.310248],[95.979991,16.223131],[95.961925,16.216702],[95.942393,16.219062],[95.951427,16.257636],[95.907888,16.211737],[95.883067,16.209174],[95.889903,16.243964],[95.818126,16.176011],[95.797699,16.144924],[95.776622,16.140692],[95.755544,16.14525],[95.74586,16.158352],[95.73463,16.212836],[95.724864,16.222846],[95.73227,16.127265],[95.725271,16.106431],[95.697032,16.065985],[95.690684,16.048489],[95.687348,15.988227],[95.664724,15.949205],[95.523448,15.803656],[95.415782,15.722968],[95.374197,15.715033],[95.310557,15.723212],[95.294444,15.727851],[95.287934,15.740139],[95.282563,15.838324],[95.312673,15.866523],[95.317719,15.884182],[95.313975,15.900702],[95.338552,15.922024],[95.364268,15.984565],[95.3685,16.038804],[95.34547,16.104967],[95.361583,16.148383],[95.338227,16.129869],[95.327485,16.107408],[95.348643,16.041571],[95.341807,15.983873],[95.31186,15.947089],[95.29713,15.902981],[95.27475,15.876451],[95.251638,15.868232],[95.23878,15.893948],[95.27589,15.970649],[95.27296,16.00373],[95.223969,15.918606],[95.217621,15.884263],[95.224376,15.810126],[95.212738,15.786566],[95.173595,15.777818],[95.144542,15.78913],[95.125743,15.817613],[95.116222,15.855292],[95.115245,15.893948],[95.137543,16.006659],[95.128917,16.03852],[95.107758,15.983873],[95.097667,16.025133],[95.110199,16.06745],[95.13795,16.100328],[95.173595,16.113593],[95.207205,16.111558],[95.225922,16.11994],[95.193696,16.129381],[95.183604,16.140937],[95.148692,16.132025],[95.135753,16.148383],[95.128917,16.148383],[95.094005,16.093655],[95.070567,16.074856],[95.072927,15.970649],[95.055024,15.846137],[95.033946,15.805732],[94.997569,15.795315],[94.975597,15.764146],[94.937755,15.764146],[94.903575,15.777818],[94.858653,15.78262],[94.846853,15.790595],[94.858653,15.808824],[94.890391,15.827053],[94.896332,15.847398],[94.882579,15.867174],[94.863943,15.844143],[94.853201,15.840277],[94.848399,15.908149],[94.834727,15.949164],[94.862804,15.991767],[94.907237,16.006049],[94.920665,16.018622],[94.924083,16.03852],[94.889334,16.017401],[94.880219,16.079983],[94.863536,16.112372],[94.863129,16.127753],[94.900076,16.183783],[94.959239,16.200873],[94.975108,16.214342],[94.992442,16.2508],[94.96697,16.220404],[94.893077,16.205756],[94.854666,16.160224],[94.848399,16.096503],[94.869395,16.040961],[94.846202,15.999986],[94.786876,15.962144],[94.745372,15.880845],[94.721202,15.856676],[94.683849,15.846747],[94.658702,15.854478],[94.635509,15.908149],[94.632823,15.889716],[94.622406,15.891547],[94.601329,15.92121],[94.703136,15.982367],[94.73227,16.017401],[94.74171,16.067288],[94.76588,16.093166],[94.772716,16.131008],[94.792654,16.147895],[94.793712,16.162014],[94.765961,16.139472],[94.705333,16.020657],[94.614757,15.943671],[94.589854,15.931586],[94.56658,15.935492],[94.562348,15.961859],[94.588715,15.996243],[94.642345,16.044664],[94.678884,16.121283],[94.686697,16.165351],[94.683849,16.209174],[94.665212,16.257636],[94.685313,16.291978],[94.704926,16.353217],[94.710704,16.360338],[94.73227,16.360663],[94.72169,16.378485],[94.705821,16.47309],[94.710704,16.497219],[94.731619,16.510199],[94.73227,16.524563],[94.697276,16.508368],[94.68393,16.51081],[94.677013,16.531968],[94.670177,16.50967],[94.683849,16.422065],[94.683849,16.364081],[94.678477,16.348538],[94.655121,16.322699],[94.643728,16.283515],[94.62794,16.260199],[94.6067,16.243109],[94.583995,16.236518],[94.582042,16.243476],[94.615001,16.285549],[94.635509,16.326483],[94.629731,16.344184],[94.618175,16.342027],[94.6067,16.325995],[94.598888,16.293647],[94.583669,16.274848],[94.562022,16.273749],[94.539887,16.291693],[94.521169,16.295478],[94.515636,16.287258],[94.517345,16.223944],[94.507009,16.189602],[94.455577,16.105618],[94.428071,16.074164],[94.360606,16.049262],[94.340017,15.996243],[94.300792,15.989732],[94.286632,15.997504],[94.251475,15.968451],[94.239513,15.976304],[94.209809,16.028998],[94.215099,16.15766],[94.237804,16.273139],[94.235362,16.348375],[94.258637,16.387356],[94.273123,16.466498],[94.268321,16.527493],[94.273123,16.538153],[94.308604,16.527777],[94.331065,16.528632],[94.341319,16.548407],[94.348969,16.578111],[94.346202,16.592434],[94.327647,16.600246],[94.327647,16.606431],[94.352061,16.618598],[94.36199,16.635484],[94.364431,16.701117],[94.379649,16.755357],[94.40268,16.788275],[94.400645,16.830634],[94.378917,16.886949],[94.382335,16.901272],[94.390636,16.906643],[94.423188,16.901272],[94.464692,16.949652],[94.444347,16.949652],[94.457774,16.982896],[94.457856,17.059556],[94.478363,17.093085],[94.48878,17.124213],[94.485688,17.141018],[94.457774,17.153754],[94.454356,17.18008],[94.464692,17.189276],[94.510916,17.169013],[94.537852,17.187405],[94.535004,17.205146],[94.511974,17.21719],[94.508637,17.230129],[94.511974,17.275214],[94.518891,17.288153],[94.545421,17.296088],[94.546153,17.319648],[94.57252,17.311103],[94.594493,17.292304],[94.576834,17.358344],[94.56658,17.47663],[94.570323,17.505194],[94.553884,17.543606],[94.560313,17.582099],[94.576915,17.576239],[94.615001,17.545559],[94.590668,17.593248],[94.595225,17.615465],[94.562999,17.661689],[94.553477,17.727362],[94.543956,17.748033],[94.50172,17.786607],[94.492198,17.816799],[94.483409,17.902289],[94.447439,17.973334],[94.444347,17.988105],[94.450857,18.002427],[94.481781,18.015204],[94.492198,18.025946],[94.494884,18.048814],[94.480968,18.094224],[94.461925,18.121772],[94.457856,18.155707],[94.436778,18.182359],[94.422862,18.242499],[94.406505,18.251288],[94.341563,18.247504],[94.327647,18.258734],[94.331065,18.303127],[94.339203,18.305976],[94.350271,18.292914],[94.365896,18.29857],[94.378591,18.287095],[94.389171,18.286038],[94.417003,18.313951],[94.389659,18.362698],[94.350597,18.37523],[94.331065,18.425971],[94.258962,18.509019],[94.244965,18.539252],[94.258962,18.535712],[94.262218,18.545111],[94.24879,18.638861],[94.148936,18.731024],[94.148936,18.738511],[94.156423,18.738511],[94.174571,18.725043],[94.211599,18.725531],[94.279307,18.738511],[94.252452,18.752143],[94.228038,18.735541],[94.212413,18.741848],[94.153087,18.821031],[94.147309,18.83983],[94.148936,18.868232],[94.138194,18.860093],[94.133556,18.846503],[94.135102,18.820461],[94.11964,18.816636],[94.078461,18.833075],[94.066905,18.848334],[94.053233,18.840888],[94.038097,18.859117],[94.032074,18.888577],[94.036632,18.918036],[94.053233,18.93651],[94.040375,18.971177],[94.041189,18.997626],[94.066091,19.042873],[94.060069,19.063707],[94.094249,19.087348],[94.04656,19.081122],[94.030528,19.087958],[94.029063,19.095404],[94.039073,19.122056],[94.032725,19.169257],[94.053233,19.221381],[94.045909,19.304674],[94.069672,19.350898],[94.073904,19.373847],[94.066905,19.388983],[94.03061,19.315904],[94.025238,19.286566],[94.033376,19.204535],[93.994395,19.159084],[93.973481,19.146308],[93.947113,19.159654],[93.937266,19.204657],[93.925466,19.210273],[93.910411,19.190985],[93.914887,19.169582],[93.955414,19.126899],[93.950206,19.098212],[93.952485,19.03205],[93.957774,19.012193],[93.984386,18.967841],[93.973888,18.922797],[93.950206,18.895494],[93.937266,18.88935],[93.944102,18.868232],[93.930431,18.858629],[93.9074,18.881781],[93.865733,18.895494],[93.813731,18.943996],[93.73463,18.981187],[93.703868,19.018459],[93.678884,19.019599],[93.667735,19.043931],[93.670909,19.066881],[93.642345,19.134223],[93.594005,19.176703],[93.567149,19.231106],[93.497813,19.31391],[93.483246,19.350653],[93.484141,19.392727],[93.490896,19.40762],[93.530121,19.432074],[93.552989,19.430569],[93.568044,19.406724],[93.611339,19.403266],[93.631114,19.372301],[93.636974,19.349066],[93.621349,19.334377],[93.665294,19.305609],[93.71754,19.293402],[93.722911,19.268459],[93.754649,19.247138],[93.796886,19.235175],[93.834239,19.238186],[93.929942,19.29975],[93.950206,19.320705],[93.950206,19.341783],[93.963878,19.348049],[93.980968,19.37226],[93.987315,19.386705],[93.984386,19.437445],[93.991059,19.45718],[93.984386,19.464057],[93.947113,19.457913],[93.923839,19.462388],[93.914561,19.472805],[93.9192,19.48428],[93.937266,19.492011],[93.882091,19.501899],[93.794444,19.571234],[93.777192,19.603095],[93.739594,19.617499],[93.731212,19.632554],[93.738455,19.651353],[93.756114,19.661078],[93.800059,19.65648],[93.794444,19.67357],[93.827403,19.718573],[93.806814,19.745836],[93.783865,19.691107],[93.761078,19.674872],[93.731212,19.677639],[93.720958,19.685289],[93.709483,19.713528],[93.718761,19.743598],[93.741873,19.754055],[93.751638,19.765692],[93.721934,19.768988],[93.693533,19.724799],[93.648448,19.725165],[93.636241,19.735012],[93.635509,19.759508],[93.615571,19.723863],[93.60141,19.718573],[93.60141,19.783433],[93.606456,19.796129],[93.660655,19.870836],[93.679942,19.883368],[93.738048,19.882473],[93.725597,19.905585],[93.730479,19.914293],[93.745372,19.916571],[93.740001,19.925116],[93.71754,19.93769],[93.70753,19.916571],[93.611339,19.910346],[93.600841,19.888577],[93.58074,19.881334],[93.546723,19.902899],[93.565929,19.916571],[93.518321,19.939602],[93.531912,19.951361],[93.5171,19.958564],[93.511974,19.970445],[93.516856,19.981187],[93.531912,19.984849],[93.525645,19.999172],[93.503429,19.986274],[93.492198,19.964993],[93.47047,19.984849],[93.457042,19.95425],[93.446544,19.951361],[93.423188,19.965318],[93.413585,19.977525],[93.383962,20.064399],[93.382335,20.088528],[93.374848,20.088528],[93.372081,20.030829],[93.361827,20.026435],[93.340668,20.1022],[93.333832,20.1022],[93.326508,20.081285],[93.312755,20.065375],[93.272472,20.047512],[93.190278,20.064439],[93.17628,20.053697],[93.147472,20.070014],[93.128429,20.094672],[93.129893,20.0751],[93.155772,20.026435],[93.17628,19.957506],[93.23585,19.847235],[93.238292,19.82099],[93.217621,19.837104],[93.201427,19.862779],[93.148123,19.99433],[93.131521,20.006578],[93.109141,19.993801],[93.102061,19.964097],[93.10613,19.93065],[93.12436,19.893866],[93.134532,19.848293],[93.168793,19.807318],[93.149181,19.828925],[93.134532,19.834052],[93.059418,19.951117],[93.038422,20.012926],[92.980724,20.077948],[92.970225,20.129462],[92.988292,20.124986],[93.042491,20.129462],[93.054454,20.134752],[93.080089,20.170478],[93.086925,20.14997],[93.094249,20.14997],[93.120942,20.211982],[93.120942,20.218207],[93.089203,20.210354],[93.047374,20.167955],[93.018565,20.14997],[92.990489,20.154934],[92.987478,20.186672],[93.001231,20.239325],[93.018809,20.256496],[93.04127,20.332017],[93.056163,20.349189],[93.080821,20.358547],[93.091319,20.381008],[93.100434,20.431098],[93.081879,20.416978],[93.07252,20.376614],[93.059581,20.36225],[93.043224,20.364936],[93.031016,20.409654],[93.032237,20.431098],[93.085623,20.532945],[93.073253,20.554633],[93.060313,20.513373],[93.022634,20.452541],[93.024913,20.368476],[93.016287,20.324856],[92.994802,20.286607],[92.936046,20.211982],[92.898448,20.135688],[92.880544,20.123196],[92.860362,20.124945],[92.84669,20.143134],[92.772146,20.201483],[92.778168,20.231635],[92.79949,20.259182],[92.864024,20.300767],[92.942882,20.321234],[92.893321,20.329535],[92.880707,20.349189],[92.846934,20.377346],[92.840505,20.390123],[92.826915,20.495063],[92.815278,20.504706],[92.792654,20.506252],[92.79656,20.483832],[92.78533,20.462958],[92.769298,20.455064],[92.758556,20.472113],[92.778982,20.478258],[92.750987,20.498521],[92.736583,20.563137],[92.720714,20.592231],[92.662852,20.679185],[92.63502,20.697984],[92.708263,20.578681],[92.71697,20.499986],[92.737478,20.44477],[92.731212,20.382717],[92.739268,20.27969],[92.731212,20.259182],[92.697113,20.308254],[92.653168,20.41828],[92.632579,20.446601],[92.539887,20.527533],[92.529145,20.543402],[92.52003,20.589667],[92.507009,20.60928],[92.470551,20.643378],[92.453624,20.668524],[92.428966,20.673896],[92.381114,20.700141],[92.305431,20.917711],[92.281016,20.959418],[92.265147,21.061103],[92.257091,20.981106],[92.261485,20.940253],[92.271983,20.90351],[92.305431,20.851955],[92.333263,20.767727],[92.333995,20.746405],[92.325531,20.738715],[92.301036,20.762274],[92.278087,20.814114],[92.209727,20.930813],[92.192882,20.995673],[92.134125,21.047512],[92.045421,21.170966],[92.052257,21.256659],[92.045258,21.299547],[91.989757,21.394232],[91.959727,21.423977],[91.949718,21.458401],[91.96339,21.452135],[91.982921,21.488837],[91.999034,21.499498],[92.017914,21.493109],[91.995372,21.52261],[91.990001,21.561998],[92.022146,21.599351],[92.017914,21.616034],[92.035818,21.640448],[92.031749,21.650133],[92.035899,21.668158],[92.022797,21.676825],[92.029307,21.704901],[92.025401,21.712836],[92.01238,21.664211],[92.000743,21.649807],[91.983897,21.650133],[91.976085,21.662055],[91.983897,21.70539],[91.977061,21.70539],[91.971934,21.688218],[91.962657,21.689521],[91.949718,21.715969],[91.952973,21.738349],[91.990001,21.759996],[91.983897,21.766832],[91.967296,21.755439],[91.960297,21.763821],[91.966563,21.778876],[91.990001,21.787909],[91.990001,21.794827],[91.943696,21.791409],[91.908702,21.781155],[91.899262,21.789496],[91.90089,21.8133],[91.911388,21.834703],[91.929373,21.843166],[91.921641,21.85342],[91.925548,21.86286],[91.949718,21.876695],[91.949718,21.884182],[91.929942,21.878648],[91.915701,21.862454],[91.898204,21.944892],[91.88087,21.969184],[91.88087,22.007025],[91.855235,22.109198],[91.853526,22.143622],[91.867198,22.137397],[91.862071,22.150621],[91.853282,22.148749],[91.846039,22.135972],[91.846039,22.116889],[91.839854,22.116889],[91.812999,22.180325],[91.816905,22.220282],[91.839854,22.246649],[91.83839,22.263088],[91.812022,22.281399],[91.808849,22.306342],[91.874034,22.336005],[91.908051,22.42475],[91.887706,22.42475],[91.877452,22.363349],[91.791352,22.301907],[91.793956,22.286038],[91.826345,22.267768],[91.825938,22.248481],[91.80893,22.236274],[91.78712,22.237942],[91.771658,22.260321],[91.743663,22.411078],[91.676036,22.534613],[91.548106,22.700344],[91.516368,22.712226],[91.498709,22.727281],[91.476817,22.761176],[91.469005,22.757066],[91.462413,22.761908],[91.458344,22.797065],[91.467784,22.809312],[91.490001,22.880561],[91.490489,22.904527],[91.483084,22.904527],[91.462413,22.833441],[91.452485,22.822659],[91.430431,22.816311],[91.416759,22.799994],[91.411632,22.777818],[91.414724,22.75373],[91.38502,22.770697],[91.346446,22.774848],[91.346446,22.767401],[91.367442,22.761664],[91.370128,22.752183],[91.360118,22.743394],[91.290782,22.73843],[91.332774,22.720201],[91.329926,22.705715],[91.317393,22.697211],[91.284434,22.692288],[91.244802,22.698391],[91.243419,22.720201],[91.181895,22.726467],[91.199229,22.698798],[91.192149,22.691636],[91.168956,22.692288],[91.168956,22.684882],[91.253429,22.660712],[91.264496,22.640815],[91.241569,22.575396],[91.202743,22.54322],[91.127343,22.527026],[91.089201,22.54443],[91.06958,22.571557],[91.058604,22.614325],[91.018321,22.683092],[91.003754,22.678656],[91.018728,22.664455],[91.032237,22.636868],[91.040212,22.607733],[91.037934,22.588609],[90.985118,22.574368],[90.954926,22.575832],[90.941742,22.585883],[90.935557,22.599677],[90.908214,22.617865],[90.884125,22.654486],[90.876475,22.682807],[90.835948,22.684882],[90.819509,22.726467],[90.794932,22.74136],[90.771007,22.784817],[90.717459,22.940619],[90.640147,23.038031],[90.629405,23.064399],[90.627208,23.086656],[90.640147,23.18887],[90.665212,23.248765],[90.661143,23.267646],[90.667328,23.267646],[90.65089,23.300238],[90.650157,23.313544],[90.661143,23.322252],[90.653656,23.329739],[90.628429,23.321519],[90.611339,23.342475],[90.599132,23.391181],[90.600271,23.449937],[90.608735,23.472724],[90.633311,23.486762],[90.69158,23.486477],[90.715017,23.498358],[90.711192,23.548814],[90.695811,23.555487],[90.675466,23.55093],[90.702159,23.528388],[90.695323,23.50788],[90.666759,23.518215],[90.607758,23.491116],[90.588145,23.534166],[90.592052,23.562486],[90.608165,23.585761],[90.633311,23.596625],[90.627126,23.603461],[90.61964,23.596625],[90.61199,23.606106],[90.59547,23.604397],[90.558767,23.590399],[90.564464,23.576402],[90.547211,23.563788],[90.514659,23.563788],[90.476329,23.582953],[90.498383,23.557278],[90.568696,23.547512],[90.576834,23.539496],[90.578949,23.449856],[90.559906,23.418402],[90.551931,23.384955],[90.518321,23.398261],[90.322439,23.433295],[90.284434,23.446194],[90.250336,23.466946],[90.24936,23.45539],[90.2588,23.444566],[90.38852,23.372382],[90.404145,23.360419],[90.428477,23.326117],[90.503591,23.301744],[90.569102,23.294989],[90.606619,23.247219],[90.614513,23.195461],[90.593516,23.219875],[90.602875,23.141303],[90.599132,23.117499],[90.571951,23.081732],[90.565603,23.075873],[90.553722,23.078559],[90.555919,23.096829],[90.565603,23.103827],[90.565603,23.110663],[90.558767,23.110663],[90.522797,23.080146],[90.453624,23.072333],[90.448904,23.055732],[90.468272,22.99608],[90.507009,22.942084],[90.510427,22.918199],[90.521007,22.915676],[90.54005,22.896552],[90.534923,22.887152],[90.52003,22.880194],[90.476329,22.884101],[90.457205,22.861762],[90.436046,22.800605],[90.40797,22.794664],[90.424001,22.781684],[90.419932,22.768256],[90.406423,22.763088],[90.394298,22.774848],[90.372569,22.76142],[90.435232,22.733303],[90.444591,22.751654],[90.461681,22.748847],[90.489919,22.720201],[90.512706,22.611477],[90.500173,22.592353],[90.459239,22.579291],[90.442068,22.493638],[90.462657,22.520982],[90.46046,22.551174],[90.472504,22.575588],[90.505138,22.586249],[90.524099,22.583075],[90.559744,22.562323],[90.606619,22.465766],[90.586192,22.473212],[90.586436,22.450588],[90.618419,22.376654],[90.613455,22.314887],[90.581554,22.238227],[90.557953,22.203355],[90.538341,22.198879],[90.50115,22.176703],[90.488292,22.138617],[90.459646,22.091946],[90.43865,22.075995],[90.408458,22.085924],[90.387462,22.102607],[90.39324,22.127387],[90.417491,22.175035],[90.421641,22.198879],[90.40797,22.240424],[90.410899,22.284247],[90.394298,22.288235],[90.398692,22.267483],[90.388682,22.223212],[90.39088,22.208808],[90.410492,22.195705],[90.412852,22.178046],[90.397146,22.160631],[90.392589,22.143012],[90.380056,22.143622],[90.369884,22.08983],[90.332205,22.038072],[90.308604,21.984036],[90.299978,21.92768],[90.282888,21.870795],[90.217621,21.813463],[90.184825,21.800971],[90.092947,21.830268],[90.088552,21.846747],[90.095388,21.859442],[90.112478,21.856269],[90.104991,21.870266],[90.126231,21.90119],[90.121349,21.921576],[90.126231,21.931952],[90.098481,21.878607],[90.066905,21.85342],[90.049327,21.85102],[90.024425,21.862454],[90.033946,21.943549],[90.044932,21.966132],[90.077159,21.987982],[90.105642,22.054267],[90.146739,22.089016],[90.164073,22.113227],[90.172862,22.117011],[90.195079,22.109524],[90.216156,22.123236],[90.2317,22.145657],[90.239106,22.172268],[90.236095,22.198879],[90.205821,22.132961],[90.191661,22.123114],[90.164806,22.119818],[90.148285,22.110785],[90.088878,22.051174],[90.052419,21.989],[90.028168,21.988105],[89.996349,22.00023],[90.010753,22.041205],[90.035411,22.059801],[90.034679,22.10517],[90.042735,22.131252],[90.072602,22.152045],[90.07838,22.164049],[90.052582,22.155463],[90.04005,22.138088],[90.024425,22.089016],[89.982758,22.044623],[89.982758,21.986558],[89.967784,21.974555],[89.949718,21.980902],[89.934418,21.997707],[89.917491,22.049872],[89.912364,22.135565],[89.90089,22.201972],[89.880382,22.240424],[89.876801,22.274726],[89.900157,22.33393],[89.982758,22.445258],[89.997895,22.480862],[90.010102,22.49022],[89.982758,22.473212],[89.947439,22.439683],[89.933604,22.423529],[89.920421,22.391832],[89.903087,22.39643],[89.872895,22.418606],[89.884125,22.363511],[89.880382,22.342231],[89.838715,22.267768],[89.861339,22.211005],[89.872895,22.143622],[89.871349,22.091864],[89.862966,22.079047],[89.846202,22.070624],[89.797211,22.075995],[89.797211,22.068508],[89.835948,22.049465],[89.847911,22.033881],[89.852387,22.010443],[89.846202,21.972317],[89.887218,21.900092],[89.880382,21.884182],[89.850922,21.877509],[89.81422,21.840806],[89.786388,21.828925],[89.775727,21.827582],[89.76588,21.846747],[89.725841,21.828925],[89.709158,21.830064],[89.67335,21.840074],[89.661306,21.849351],[89.652599,21.878852],[89.663341,21.896308],[89.646983,21.925116],[89.618988,21.869859],[89.64975,21.826361],[89.700694,21.784857],[89.689952,21.765204],[89.668224,21.750881],[89.631521,21.764065],[89.59547,21.759996],[89.605968,21.719062],[89.586925,21.700832],[89.565684,21.713365],[89.53712,21.753811],[89.53891,21.77147],[89.527354,21.812812],[89.530284,21.835761],[89.564464,21.884182],[89.563487,21.973131],[89.5713,22.031236],[89.605968,22.113227],[89.593761,22.155422],[89.567882,22.18891],[89.567231,22.202826],[89.605968,22.256903],[89.610606,22.298896],[89.626475,22.336005],[89.580821,22.277248],[89.577159,22.2685],[89.586192,22.245429],[89.549164,22.205268],[89.550304,22.192125],[89.576345,22.145494],[89.579356,22.113227],[89.566742,22.082099],[89.551443,21.994045],[89.532888,21.984687],[89.52475,22.000149],[89.523448,22.044623],[89.53712,22.089016],[89.492035,22.188381],[89.493012,22.273505],[89.483165,22.295071],[89.475759,22.295071],[89.467459,22.22899],[89.475759,22.102607],[89.483165,22.102607],[89.494151,22.136868],[89.518321,22.081],[89.509125,22.041205],[89.491873,22.034573],[89.490408,22.023993],[89.521821,21.962307],[89.512543,21.909125],[89.475759,21.876695],[89.46461,21.859198],[89.469493,21.804389],[89.465831,21.781317],[89.442719,21.746649],[89.406423,21.717353],[89.395193,21.716376],[89.36964,21.743313],[89.364268,21.758205],[89.365896,21.828925],[89.386974,21.90119],[89.35963,21.972317],[89.352224,21.972317],[89.345958,21.957017],[89.35963,21.91767],[89.355968,21.892524],[89.328868,21.864651],[89.30128,21.809394],[89.283946,21.822089],[89.294688,21.757799],[89.290701,21.733344],[89.273692,21.698798],[89.276622,21.687567],[89.297537,21.678127],[89.268728,21.653998],[89.248709,21.645901],[89.229259,21.643948],[89.21046,21.65412],[89.204438,21.672675],[89.220714,21.709418],[89.189708,21.791246],[89.187673,21.81151],[89.18336,21.815619],[89.174083,21.810045],[89.154552,21.786851],[89.119395,21.800971],[89.104666,21.815863],[89.07781,21.914252],[89.091482,22.00023],[89.057384,22.06509],[89.063487,22.111029],[89.060313,22.130601],[89.043712,22.137397],[89.048595,22.122952],[89.036876,22.085598],[89.057384,22.031236],[89.065603,21.967108],[89.060883,21.938463],[89.036876,21.925116],[89.013031,21.929429],[89.009532,21.904608],[88.944672,21.938788],[88.928722,21.986558],[88.91391,21.986558],[88.90504,21.969428],[88.924083,21.926337],[88.99586,21.884182],[89.01588,21.853339],[89.030935,21.770453],[89.043712,21.733344],[89.067882,21.709133],[89.085216,21.674709],[89.088227,21.633734],[89.082693,21.617336],[89.053233,21.609809],[89.038829,21.619452],[89.033946,21.633246],[89.019786,21.606106],[89.000255,21.60342],[88.933849,21.643948],[88.891612,21.65351],[88.881602,21.672024],[88.872081,21.74901],[88.866059,21.766832],[88.858653,21.766832],[88.838227,21.701972],[88.859874,21.652574],[88.858653,21.636542],[88.844249,21.622219],[88.823985,21.617255],[88.805837,21.62287],[88.797862,21.640204],[88.81837,21.65762],[88.810883,21.691718],[88.800466,21.661851],[88.784028,21.655951],[88.77711,21.643541],[88.781749,21.614244],[88.796641,21.584418],[88.790538,21.568264],[88.762462,21.555854],[88.727875,21.559882],[88.70753,21.578315],[88.722179,21.609198],[88.687999,21.678127],[88.684906,21.697211],[88.703624,21.810614],[88.694509,21.83983],[88.714692,21.897854],[88.71697,21.951972],[88.722179,21.966132],[88.758311,21.999457],[88.763031,22.017279],[88.754649,22.037584],[88.717052,22.058051],[88.708507,22.072211],[88.730154,22.103583],[88.763031,22.130561],[88.726573,22.121161],[88.694835,22.081529],[88.692882,22.065863],[88.699474,22.053209],[88.718516,22.048041],[88.730724,22.037177],[88.689952,21.94599],[88.678722,21.936672],[88.667003,21.945014],[88.642589,21.940904],[88.63087,21.945461],[88.627452,21.970404],[88.653494,22.018012],[88.639496,22.109524],[88.656993,22.151068],[88.674001,22.162055],[88.683116,22.184963],[88.679942,22.204413],[88.660167,22.205024],[88.656016,22.183254],[88.619151,22.109524],[88.625987,22.048041],[88.60255,22.006415],[88.598399,21.929348],[88.567068,21.850816],[88.564626,21.766832],[88.604177,21.778754],[88.624034,21.778022],[88.632823,21.750067],[88.623383,21.710273],[88.612641,21.697496],[88.591807,21.70539],[88.59962,21.637274],[88.595063,21.612128],[88.578136,21.62344],[88.578136,21.571682],[88.572276,21.557929],[88.55893,21.555569],[88.54477,21.561998],[88.536469,21.5751],[88.529633,21.553371],[88.543956,21.534084],[88.51295,21.524644],[88.493907,21.534817],[88.487966,21.556545],[88.495616,21.581855],[88.514008,21.600816],[88.518809,21.639146],[88.529633,21.65762],[88.504893,21.741523],[88.532888,21.795315],[88.531016,21.824123],[88.495616,21.876695],[88.514659,21.916205],[88.514985,21.937201],[88.495616,21.951809],[88.499848,21.933661],[88.481212,21.909898],[88.474457,21.890326],[88.492035,21.837144],[88.4935,21.805162],[88.474457,21.800971],[88.45338,21.741767],[88.454763,21.70539],[88.472179,21.663275],[88.456309,21.62401],[88.409679,21.59927],[88.393077,21.600246],[88.383556,21.631415],[88.382823,21.671332],[88.392589,21.698554],[88.355724,21.684963],[88.346202,21.688625],[88.331228,21.719062],[88.324718,21.701361],[88.345714,21.6706],[88.348806,21.650295],[88.33546,21.61579],[88.321788,21.605658],[88.309744,21.610175],[88.298188,21.764106],[88.273123,21.797919],[88.261567,21.798651],[88.295421,21.676581],[88.297048,21.653876],[88.283376,21.609198],[88.300629,21.589342],[88.305837,21.571682],[88.278982,21.555162],[88.254405,21.554674],[88.237478,21.601711],[88.224376,21.613023],[88.208263,21.602973],[88.181895,21.665229],[88.180919,21.684963],[88.21046,21.74726],[88.201427,21.774319],[88.209727,21.78856],[88.154063,21.888088],[88.159434,21.906155],[88.146739,21.959215],[88.156261,21.990871],[88.222423,22.077948],[88.198009,22.167792],[88.081309,22.217353],[88.077322,22.240424],[88.043468,22.224758],[88.009044,22.240424],[87.972667,22.283189],[87.94044,22.413031],[87.927989,22.424221],[87.906586,22.42475],[87.922862,22.397773],[87.935802,22.35517],[87.94752,22.277655],[87.965343,22.244818],[88.008474,22.204901],[88.09547,22.19123],[88.132579,22.179145],[88.160981,22.156562],[88.173513,22.116889],[88.164317,22.089789],[88.111176,22.034857],[88.084727,22.020697],[88.043142,22.017279],[88.050792,21.985012],[87.983653,21.854193],[87.97047,21.836493],[87.899181,21.794827],[87.892914,21.774319],[87.833995,21.729315],[87.755707,21.691718],[87.703787,21.655504],[87.683849,21.650133],[87.621349,21.650621],[87.468761,21.611396],[87.341807,21.562405],[87.293468,21.553656],[87.256114,21.561998],[87.200938,21.551988],[87.113048,21.507961],[87.063731,21.475002],[86.917654,21.327379],[86.866954,21.256049],[86.83725,21.174709],[86.844005,21.082221],[86.952159,20.849107],[86.965668,20.805976],[86.953868,20.780585],[86.916515,20.788072],[86.878754,20.780585],[86.889334,20.764472],[86.910655,20.756415],[86.986583,20.751858],[87.000011,20.728217],[86.998709,20.711127],[86.988617,20.70425],[86.961192,20.712836],[86.948253,20.709052],[86.940196,20.697984],[86.986501,20.684394],[86.994884,20.670722],[87.043224,20.697984],[87.003591,20.65705],[86.976248,20.637885],[86.923188,20.621731],[86.774181,20.511949],[86.751475,20.489163],[86.733897,20.462226],[86.72462,20.431952],[86.72047,20.368476],[86.769786,20.400702],[86.788748,20.390123],[86.796153,20.437323],[86.809825,20.415107],[86.7942,20.37816],[86.768321,20.343451],[86.693696,20.293931],[86.701671,20.284654],[86.754649,20.314439],[86.628184,20.235256],[86.511485,20.197455],[86.495128,20.184068],[86.467133,20.094672],[86.41505,20.036322],[86.391449,20.020209],[86.404145,20.002631],[86.42628,19.999172],[86.397227,19.982856],[86.348399,20.008857],[86.275401,20.067369],[86.209158,20.066636],[86.173025,20.1022],[86.163097,20.134833],[86.152517,20.143134],[86.14503,20.122016],[86.154307,20.089993],[86.167735,20.072943],[86.230235,20.035305],[86.289073,20.026435],[86.295909,20.006578],[86.314952,19.986884],[86.372406,19.964993],[86.268565,19.910346],[86.089041,19.844224],[86.07838,19.843573],[86.056651,19.856879],[86.032074,19.841498],[85.846365,19.795844],[85.788829,19.765692],[85.734386,19.763617],[85.684581,19.747748],[85.624278,19.718573],[85.63795,19.731635],[85.614268,19.727932],[85.549164,19.690619],[85.480479,19.666327],[85.44988,19.666693],[85.446788,19.690619],[85.430431,19.691718],[85.427013,19.704088],[85.521983,19.739081],[85.525564,19.734036],[85.514985,19.711127],[85.576508,19.745836],[85.563243,19.756903],[85.570323,19.773179],[85.570323,19.875637],[85.476817,19.901028],[85.440115,19.896226],[85.319591,19.793647],[85.268077,19.780015],[85.220958,19.736029],[85.20338,19.707261],[85.206554,19.683783],[85.189952,19.670966],[85.175141,19.636908],[85.140147,19.596584],[85.139334,19.579779],[85.151378,19.560289],[85.122895,19.549018],[85.102875,19.529608],[85.108735,19.506781],[85.124034,19.519355],[85.128754,19.509508],[85.124034,19.478339],[85.135753,19.481594],[85.151378,19.498847],[85.185557,19.505683],[85.202891,19.517157],[85.1963,19.538479],[85.199229,19.554104],[85.214529,19.547268],[85.233246,19.554104],[85.193044,19.57392],[85.193044,19.580797],[85.212901,19.581122],[85.247569,19.60871],[85.233246,19.632554],[85.247569,19.65648],[85.309093,19.642239],[85.350597,19.677639],[85.383067,19.676093],[85.391449,19.690619],[85.403168,19.671291],[85.405284,19.645941],[85.384613,19.635972],[85.37794,19.614936],[85.336762,19.596096],[85.326427,19.618801],[85.31837,19.619534],[85.309093,19.595038],[85.288422,19.601264],[85.302501,19.586656],[85.302908,19.57392],[85.330577,19.576402],[85.576508,19.690619],[85.46339,19.631049],[85.336681,19.575181],[85.285411,19.536282],[85.240571,19.518052],[85.180431,19.475002],[85.069509,19.372138],[84.99586,19.32331],[84.872081,19.219875],[84.791026,19.120592],[84.775157,19.115302],[84.73878,19.14765],[84.719981,19.10163],[84.740489,19.073676],[84.760997,19.10163],[84.78004,19.097073],[84.741059,19.028144],[84.66505,18.930121],[84.63087,18.915717],[84.547862,18.796088],[84.54184,18.775784],[84.448253,18.68065],[84.423676,18.636461],[84.370453,18.601304],[84.332856,18.553697],[84.306326,18.543687],[84.281749,18.52558],[84.246918,18.52558],[84.237641,18.510932],[84.24936,18.501654],[84.271007,18.50019],[84.349946,18.552924],[84.287934,18.505764],[84.230479,18.446234],[84.188324,18.418036],[84.143891,18.374823],[84.113129,18.298285],[84.077403,18.271552],[83.775157,18.139594],[83.613943,18.045152],[83.582286,18.01911],[83.556651,17.973456],[83.526134,17.942532],[83.472911,17.902493],[83.465587,17.902493],[83.451915,17.922919],[83.452973,17.868476],[83.431163,17.854234],[83.417735,17.80622],[83.402354,17.784491],[83.341319,17.717434],[83.298595,17.690131],[83.284679,17.696357],[83.26824,17.717475],[83.246918,17.716254],[83.242035,17.706529],[83.249278,17.69538],[83.292491,17.677476],[83.299083,17.664293],[83.246918,17.634223],[83.212901,17.634914],[83.238943,17.592963],[83.209239,17.583686],[83.171397,17.559801],[83.088227,17.530707],[83.019867,17.490912],[82.975841,17.453681],[82.945486,17.443101],[82.896821,17.409329],[82.888682,17.410142],[82.883311,17.422065],[82.837657,17.392768],[82.796397,17.383043],[82.758149,17.359198],[82.718516,17.348619],[82.474864,17.205959],[82.422862,17.13996],[82.387706,17.126939],[82.299327,17.030341],[82.291677,16.99844],[82.252696,16.929185],[82.255138,16.885321],[82.267914,16.867499],[82.29835,16.858466],[82.31422,16.846625],[82.334646,16.854071],[82.352061,16.845404],[82.362478,16.859076],[82.357432,16.924872],[82.348888,16.956488],[82.361176,16.936021],[82.366547,16.908637],[82.365571,16.811591],[82.338145,16.678412],[82.31422,16.62816],[82.312836,16.60814],[82.299327,16.610093],[82.293793,16.625637],[82.286876,16.62816],[82.280935,16.620836],[82.307384,16.579779],[82.259044,16.565497],[82.203461,16.512681],[82.122895,16.477362],[82.068614,16.444281],[82.037364,16.447659],[81.992686,16.408433],[81.956228,16.407172],[81.940766,16.388373],[81.899913,16.38581],[81.861664,16.375393],[81.783214,16.338568],[81.76295,16.322577],[81.711599,16.312201],[81.656261,16.337348],[81.636404,16.332709],[81.584972,16.342108],[81.568126,16.346381],[81.573904,16.358344],[81.556977,16.373033],[81.540212,16.373684],[81.549083,16.352362],[81.535981,16.350043],[81.49586,16.360663],[81.416677,16.340155],[81.428233,16.365668],[81.411388,16.382514],[81.398936,16.382636],[81.375743,16.367499],[81.35963,16.374335],[81.317393,16.367499],[81.259613,16.332709],[81.248546,16.320136],[81.259613,16.288642],[81.254161,16.271308],[81.230317,16.243598],[81.218516,16.199449],[81.190278,16.138861],[81.180024,16.086737],[81.156016,16.03852],[81.155447,15.9855],[81.14975,15.969631],[81.135102,15.966498],[81.088227,15.92121],[81.026866,15.880845],[80.998871,15.846747],[80.998383,15.834703],[81.019216,15.792385],[81.012543,15.777818],[80.99586,15.784329],[80.949474,15.827867],[80.921641,15.838609],[80.910004,15.852688],[80.90268,15.890815],[80.908946,15.983466],[80.896495,16.031073],[80.892263,16.020941],[80.896495,16.010565],[80.889008,16.00373],[80.875336,16.017401],[80.891287,15.978258],[80.895763,15.936021],[80.890147,15.89525],[80.855724,15.822699],[80.830251,15.747626],[80.820079,15.726874],[80.80714,15.716376],[80.80836,15.803941],[80.802745,15.842434],[80.776134,15.884263],[80.760102,15.892971],[80.670177,15.907701],[80.662852,15.88935],[80.618419,15.887681],[80.571137,15.86872],[80.553884,15.880845],[80.52589,15.85692],[80.491873,15.83926],[80.469086,15.834662],[80.43629,15.808295],[80.393321,15.797024],[80.35963,15.775824],[80.279633,15.70067],[80.263194,15.674547],[80.201345,15.518297],[80.197602,15.503079],[80.211192,15.496649],[80.183849,15.452297],[80.126801,15.388129],[80.090587,15.304877],[80.082367,15.204088],[80.052989,15.092597],[80.054535,15.014146],[80.073416,14.942043],[80.073009,14.920559],[80.105154,14.763861],[80.108165,14.714342],[80.116954,14.698147],[80.159841,14.662665],[80.166352,14.62816],[80.178477,14.60578],[80.169688,14.585842],[80.141856,14.571234],[80.149181,14.565009],[80.190196,14.571234],[80.196951,14.565009],[80.175955,14.468736],[80.174978,14.34455],[80.159434,14.324774],[80.128184,14.256537],[80.087169,14.250312],[80.070079,14.229193],[80.055024,14.221584],[80.046641,14.20661],[80.050629,14.196112],[80.073497,14.20185],[80.121104,14.242011],[80.13559,14.229193],[80.123383,14.193508],[80.125824,14.148505],[80.149669,14.027737],[80.237153,13.839667],[80.249278,13.800279],[80.245453,13.755601],[80.220958,13.696967],[80.259044,13.591742],[80.309581,13.479315],[80.313731,13.440904],[80.306895,13.440904],[80.245453,13.591742],[80.197276,13.643622],[80.183604,13.679185],[80.141856,13.728949],[80.141775,13.649115],[80.13559,13.619086],[80.121267,13.627265],[80.117849,13.674506],[80.094005,13.69477],[80.091319,13.659125],[80.052989,13.619086],[80.056488,13.59516],[80.101329,13.537095],[80.119395,13.500678],[80.175955,13.489325],[80.219737,13.487779],[80.243419,13.472154],[80.26588,13.468248],[80.26238,13.451239],[80.306895,13.413031],[80.313731,13.427232],[80.326996,13.430365],[80.34783,13.349066],[80.334158,13.242906],[80.319835,13.249172],[80.313731,13.215033],[80.334158,13.221177],[80.332774,13.198147],[80.306895,13.146064],[80.313731,13.10578],[80.285818,13.067572],[80.269054,12.957261],[80.263194,12.835354],[80.25172,12.762519],[80.233653,12.711005],[80.228689,12.674994],[80.196462,12.613715],[80.179698,12.53262],[80.156016,12.474514],[80.095958,12.36225],[80.059825,12.334215],[80.025727,12.276516],[80.005138,12.256049],[79.952159,12.229926],[79.943858,12.217841],[79.953136,12.213568],[80.005138,12.241767],[79.861827,12.02204],[79.861827,11.977973],[79.820323,11.878648],[79.803233,11.796088],[79.792735,11.788072],[79.785899,11.769192],[79.751964,11.576972],[79.785981,11.426174],[79.792979,11.426174],[79.797374,11.434882],[79.792979,11.453518],[79.809337,11.451361],[79.816661,11.443061],[79.819347,11.381496],[79.769298,11.380927],[79.749848,11.373684],[79.684337,11.312201],[79.67628,11.296454],[79.6963,11.303412],[79.751964,11.340522],[79.759288,11.358344],[79.776378,11.362982],[79.796886,11.359036],[79.833018,11.341986],[79.834972,11.263861],[79.855317,11.159857],[79.852224,11.006985],[79.840668,10.950141],[79.850271,10.592108],[79.85963,10.551459],[79.86378,10.37873],[79.8567,10.29328],[79.851329,10.282213],[79.795095,10.269232],[79.778575,10.275377],[79.78004,10.296617],[79.757091,10.309068],[79.633149,10.328599],[79.621267,10.324164],[79.614106,10.309556],[79.661794,10.307074],[79.703624,10.289049],[79.758962,10.282213],[79.773692,10.273668],[79.772472,10.261705],[79.759776,10.258246],[79.556651,10.298651],[79.551768,10.3133],[79.604015,10.329088],[79.607107,10.336005],[79.586925,10.343695],[79.567719,10.335883],[79.528575,10.338324],[79.532237,10.323188],[79.459727,10.308295],[79.437266,10.309556],[79.398123,10.324652],[79.286143,10.252834],[79.272227,10.234442],[79.269216,10.197821],[79.248302,10.189195],[79.236339,10.166571],[79.244314,10.084947],[79.254161,10.054267],[79.279063,10.035834],[79.240733,10.010565],[79.200369,9.970282],[79.141856,9.891181],[79.121349,9.850246],[79.100841,9.826077],[79.094086,9.802314],[79.038829,9.747219],[78.980805,9.667182],[78.977306,9.637926],[78.956798,9.617499],[78.938324,9.583686],[78.913259,9.47427],[78.915294,9.45303],[78.933442,9.416449],[78.959727,9.384955],[79.039887,9.314683],[79.074718,9.299872],[79.115571,9.291246],[79.25172,9.28852],[79.320079,9.32331],[79.341075,9.315863],[79.345714,9.306545],[79.333669,9.278266],[79.353526,9.240912],[79.453624,9.159003],[79.440278,9.151353],[79.424001,9.159084],[79.361013,9.213446],[79.292735,9.250312],[79.165375,9.274237],[79.129405,9.256334],[79.087169,9.253811],[79.025727,9.273749],[78.988943,9.278266],[78.956798,9.274848],[78.928966,9.253811],[78.843761,9.243964],[78.815196,9.22842],[78.77711,9.219387],[78.727794,9.187445],[78.67628,9.184149],[78.661306,9.177191],[78.648936,9.151435],[78.634776,9.144599],[78.48585,9.124823],[78.41212,9.09984],[78.239757,8.965562],[78.217621,8.938951],[78.182791,8.877102],[78.17449,8.79442],[78.162364,8.753485],[78.175792,8.763902],[78.20045,8.76968],[78.210216,8.788275],[78.21518,8.765448],[78.1692,8.733629],[78.154959,8.698879],[78.140473,8.680609],[78.136729,8.669867],[78.142589,8.657904],[78.114594,8.657904],[78.135509,8.6258],[78.142345,8.593085],[78.128266,8.488023],[78.079845,8.431952],[78.055919,8.363715],[77.999766,8.344916],[77.806163,8.228664],[77.768321,8.181545],[77.752452,8.173814],[77.643809,8.155707],[77.595225,8.138983],[77.561046,8.114569],[77.565278,8.082506],[77.510916,8.075995],[77.449718,8.08747],[77.315603,8.127753],[77.286794,8.15351],[77.225271,8.184394],[77.128754,8.271796],[76.99586,8.368109],[76.962576,8.40469],[76.880138,8.520697],[76.826508,8.56981],[76.813731,8.601264],[76.74171,8.684516],[76.731293,8.707953],[76.695649,8.739814],[76.644542,8.818996],[76.558604,8.890692],[76.543956,8.912502],[76.548106,8.924221],[76.559093,8.925238],[76.573253,8.904446],[76.620616,8.925442],[76.581554,8.919908],[76.572276,8.931627],[76.573985,8.942572],[76.603282,8.973212],[76.657563,8.966376],[76.660818,8.969875],[76.634288,8.986884],[76.668468,8.999823],[76.668468,9.007392],[76.644054,9.00788],[76.620616,8.987128],[76.582774,9.000556],[76.558604,8.952094],[76.551117,8.966376],[76.56544,8.99433],[76.538829,8.972602],[76.534434,8.957831],[76.538097,8.939114],[76.528087,8.946967],[76.513845,9.002143],[76.46046,9.114936],[76.462413,9.138332],[76.469086,9.116604],[76.476573,9.116604],[76.482758,9.17182],[76.469086,9.151353],[76.462413,9.151353],[76.428233,9.245347],[76.414561,9.246975],[76.446788,9.159613],[76.448741,9.145168],[76.442556,9.145168],[76.362966,9.325181],[76.311778,9.492987],[76.291026,9.633205],[76.29713,9.658433],[76.277354,9.809272],[76.246755,9.893744],[76.236339,9.952704],[76.251475,9.963121],[76.269542,9.950995],[76.291026,9.908596],[76.285655,9.904364],[76.256847,9.908596],[76.266856,9.876044],[76.277354,9.870754],[76.28419,9.891181],[76.288259,9.861233],[76.280772,9.842841],[76.299978,9.847805],[76.304698,9.856269],[76.29713,9.870754],[76.308604,9.879625],[76.338878,9.699408],[76.346202,9.699408],[76.337576,9.789252],[76.346202,9.816107],[76.323985,9.846177],[76.320079,9.86164],[76.332693,9.870754],[76.359223,9.816107],[76.359223,9.768297],[76.368012,9.715562],[76.377126,9.695502],[76.394054,9.678941],[76.392426,9.662828],[76.372895,9.624335],[76.353282,9.535346],[76.357432,9.520697],[76.435069,9.507636],[76.458995,9.497301],[76.477061,9.50373],[76.503266,9.53498],[76.448497,9.563422],[76.428233,9.555406],[76.406993,9.569078],[76.419688,9.594184],[76.414561,9.682685],[76.402599,9.710598],[76.394054,9.706244],[76.394054,9.747219],[76.380382,9.785102],[76.396495,9.822659],[76.394054,9.842841],[76.359223,9.915432],[76.311534,9.966946],[76.294281,9.951321],[76.278168,9.977932],[76.269298,10.016262],[76.273936,10.035834],[76.255056,10.047675],[76.245128,10.1022],[76.227712,10.109565],[76.215343,10.138251],[76.20753,10.117133],[76.229015,10.065904],[76.230968,10.025824],[76.242686,9.987454],[76.21461,10.024482],[76.182384,10.105658],[76.184581,10.144924],[76.177501,10.17064],[76.224132,10.196926],[76.24171,10.223944],[76.240245,10.238959],[76.22283,10.234442],[76.206309,10.262885],[76.194835,10.268622],[76.207856,10.234565],[76.209483,10.21601],[76.201671,10.199693],[76.184093,10.189358],[76.170584,10.193752],[76.153168,10.22016],[76.10613,10.38467],[76.070079,10.432807],[76.052419,10.513983],[76.008067,10.567084],[75.999685,10.605536],[75.922048,10.76557],[75.924083,10.780707],[75.94158,10.79621],[75.911143,10.809231],[75.894542,10.849758],[75.880138,10.932685],[75.832774,11.097846],[75.730805,11.331732],[75.729259,11.343655],[75.742442,11.35871],[75.735525,11.371527],[75.722179,11.367499],[75.677094,11.4501],[75.664806,11.462633],[75.616547,11.473619],[75.608897,11.484931],[75.600841,11.523383],[75.581879,11.549791],[75.585297,11.563381],[75.530772,11.693671],[75.506114,11.72724],[75.379731,11.864976],[75.355805,11.857652],[75.307628,11.932196],[75.326508,11.935858],[75.400238,11.920233],[75.382823,11.945502],[75.393403,11.97484],[75.349132,11.947577],[75.316091,11.955634],[75.302257,11.966051],[75.278819,12.003241],[75.281098,12.010647],[75.329763,12.012641],[75.30421,12.043158],[75.264334,12.013332],[75.260509,11.997789],[75.276703,11.967434],[75.222179,12.02204],[75.210623,12.016995],[75.208507,12.008368],[75.193696,12.022284],[75.180512,12.077297],[75.143809,12.161322],[75.13087,12.207831],[75.139659,12.248603],[75.12672,12.245836],[75.105479,12.221259],[75.098643,12.269029],[75.082856,12.305894],[75.018403,12.41474],[75.009939,12.443793],[74.992035,12.461737],[74.985362,12.49136],[74.955251,12.537258],[74.879649,12.725491],[74.855724,12.759426],[74.852306,12.797309],[74.827647,12.824652],[74.824962,12.838202],[74.859141,12.824612],[74.881114,12.848049],[74.917491,12.85814],[74.940929,12.878607],[74.850597,12.857164],[74.817556,12.861762],[74.770274,13.052436],[74.783376,13.084662],[74.769216,13.099555],[74.76295,13.118801],[74.759776,13.155219],[74.74879,13.170844],[74.715099,13.331041],[74.689464,13.381578],[74.694591,13.393134],[74.680919,13.468248],[74.693696,13.415269],[74.708263,13.413031],[74.701915,13.420356],[74.701427,13.461371],[74.677094,13.52676],[74.673513,13.619086],[74.666677,13.632758],[74.677094,13.630316],[74.680919,13.646959],[74.709972,13.64057],[74.735606,13.653795],[74.712901,13.656195],[74.688324,13.68594],[74.701427,13.69477],[74.687755,13.711819],[74.676036,13.701077],[74.660492,13.660061],[74.623057,13.774156],[74.614594,13.835517],[74.583995,13.903876],[74.495372,14.030585],[74.495372,14.071519],[74.474864,14.105699],[74.467459,14.181383],[74.429047,14.240424],[74.43336,14.263373],[74.471039,14.248684],[74.508962,14.250312],[74.427745,14.28384],[74.415375,14.301093],[74.412608,14.344794],[74.396983,14.372748],[74.394216,14.410793],[74.353852,14.505072],[74.351899,14.530219],[74.367035,14.512356],[74.388845,14.462714],[74.407237,14.461982],[74.397634,14.475409],[74.401134,14.479722],[74.427745,14.476264],[74.385427,14.524115],[74.372406,14.530219],[74.379242,14.544582],[74.368337,14.549709],[74.358735,14.544582],[74.358735,14.571234],[74.342947,14.563666],[74.339041,14.523993],[74.32488,14.517239],[74.300548,14.527411],[74.295177,14.587307],[74.307384,14.601874],[74.339041,14.605943],[74.339041,14.612779],[74.323904,14.618598],[74.28712,14.605943],[74.27589,14.610175],[74.266856,14.631293],[74.276215,14.640082],[74.263194,14.701606],[74.25294,14.71894],[74.22047,14.738105],[74.194347,14.715806],[74.173839,14.749945],[74.153331,14.749945],[74.145844,14.763617],[74.096446,14.793362],[74.091319,14.811428],[74.109141,14.802639],[74.118663,14.831855],[74.140473,14.838772],[74.159516,14.82567],[74.178966,14.856269],[74.208018,14.866645],[74.233084,14.864569],[74.235199,14.876532],[74.211192,14.887356],[74.208018,14.900824],[74.166189,14.876532],[74.14088,14.852688],[74.111827,14.846177],[74.091156,14.8876],[74.035981,14.921291],[74.030284,14.935207],[74.035981,14.979641],[74.031261,14.995307],[73.995779,15.010688],[73.964366,15.064643],[73.913097,15.078925],[73.928966,15.120592],[73.962169,15.152045],[73.954112,15.16828],[73.947276,15.160834],[73.891287,15.343207],[73.882579,15.355292],[73.827403,15.36518],[73.782888,15.407904],[73.860118,15.407864],[73.884939,15.398017],[73.899587,15.407904],[73.93336,15.395413],[73.945323,15.385688],[73.954112,15.366278],[73.967784,15.373765],[73.927582,15.417385],[73.885916,15.435207],[73.858572,15.435207],[73.841563,15.448879],[73.796397,15.448879],[73.800466,15.475002],[73.817556,15.496649],[73.872244,15.510932],[73.859548,15.521145],[73.865977,15.537584],[73.786388,15.492174],[73.766287,15.49726],[73.751231,15.513129],[73.756114,15.537584],[73.736827,15.571723],[73.737071,15.598538],[73.760427,15.632025],[73.838145,15.654283],[73.838145,15.661119],[73.783865,15.659125],[73.728282,15.619574],[73.707042,15.643704],[73.685883,15.704291],[73.686778,15.713121],[73.700857,15.723212],[73.656016,15.730292],[73.646251,15.736884],[73.646251,15.792141],[73.604666,15.880845],[73.587576,15.902899],[73.510102,15.967597],[73.490977,15.993476],[73.487315,16.014228],[73.515961,16.017401],[73.515961,16.024848],[73.483897,16.028225],[73.464854,16.051663],[73.450369,16.058905],[73.447032,16.068915],[73.460704,16.08633],[73.46339,16.159573],[73.487966,16.189358],[73.465017,16.182278],[73.45281,16.166571],[73.447032,16.113593],[73.435232,16.217841],[73.419688,16.216702],[73.413585,16.223944],[73.378673,16.332709],[73.378673,16.35692],[73.358246,16.367499],[73.364431,16.389309],[73.384939,16.401597],[73.352061,16.418118],[73.341319,16.432074],[73.319184,16.509752],[73.305837,16.52265],[73.307302,16.563178],[73.344005,16.523586],[73.378673,16.518297],[73.350841,16.538153],[73.371267,16.559272],[73.336436,16.565619],[73.322765,16.576158],[73.314626,16.599433],[73.358246,16.620673],[73.363048,16.596829],[73.371267,16.610175],[73.366466,16.628079],[73.354259,16.63467],[73.323497,16.620673],[73.312185,16.644721],[73.323497,16.679104],[73.321625,16.69245],[73.300304,16.713202],[73.289561,16.74022],[73.304454,16.793524],[73.303722,16.813137],[73.296886,16.80565],[73.286632,16.820868],[73.269379,16.875637],[73.279552,16.887641],[73.270518,16.945014],[73.289399,16.983832],[73.254568,17.006741],[73.262706,17.018541],[73.251231,17.032172],[73.251475,17.042426],[73.258962,17.044094],[73.269379,17.031643],[73.277354,17.054674],[73.275727,17.078599],[73.255138,17.120998],[73.261974,17.134955],[73.26059,17.150539],[73.236176,17.199205],[73.236013,17.220608],[73.214854,17.268744],[73.187022,17.305976],[73.231212,17.279283],[73.249034,17.284857],[73.195974,17.369371],[73.170584,17.389716],[73.165294,17.413031],[73.185395,17.441881],[73.17335,17.457424],[73.180675,17.477688],[73.165538,17.503404],[73.131684,17.539374],[73.125987,17.556545],[73.12794,17.564683],[73.163422,17.569485],[73.200694,17.586493],[73.139171,17.600775],[73.121349,17.62641],[73.12615,17.655422],[73.105479,17.68891],[73.12322,17.723334],[73.123302,17.735785],[73.109874,17.758287],[73.101329,17.796332],[73.079438,17.824612],[73.065196,17.878363],[73.018565,17.951728],[73.0171,17.972113],[73.035411,17.991848],[73.018891,17.992499],[73.008637,18.00023],[73.005219,18.012356],[73.0088,18.025946],[73.042247,18.048977],[73.043468,18.066962],[73.022716,18.057685],[73.0088,18.039008],[72.987315,18.066555],[72.980968,18.080552],[72.988129,18.096015],[72.976085,18.118638],[72.967296,18.19599],[72.954845,18.217515],[72.926931,18.223944],[72.939952,18.251288],[72.933279,18.266588],[72.939952,18.286038],[72.953136,18.281317],[72.972667,18.244696],[73.012462,18.24315],[73.050955,18.227484],[73.063487,18.210354],[73.047618,18.201158],[73.047618,18.188788],[73.057465,18.185614],[73.071544,18.204088],[73.073985,18.224189],[73.065278,18.257554],[73.071544,18.273017],[73.056977,18.280951],[72.994884,18.283596],[72.977387,18.295071],[72.968028,18.310614],[72.974783,18.327582],[72.958751,18.328111],[72.933604,18.354926],[72.912608,18.361151],[72.910167,18.399237],[72.889659,18.441311],[72.895763,18.502997],[72.907237,18.523586],[72.924653,18.535631],[72.946788,18.532416],[73.0088,18.450507],[73.014985,18.469957],[72.98878,18.489936],[72.960297,18.554674],[72.950206,18.56037],[72.921153,18.554877],[72.910167,18.558987],[72.882172,18.635484],[72.864513,18.648912],[72.855317,18.681138],[72.852387,18.769924],[72.865571,18.799384],[72.879161,18.807359],[72.912608,18.799994],[72.926931,18.826646],[72.974783,18.779486],[72.966319,18.76142],[72.969574,18.746975],[72.995128,18.731024],[72.988048,18.753852],[72.99171,18.779364],[73.002452,18.801459],[73.016287,18.813625],[72.981293,18.832709],[72.974783,18.848334],[72.9817,18.871487],[72.977794,18.874986],[72.946137,18.858303],[72.91627,18.87051],[72.896821,18.894477],[72.912608,18.923489],[72.928071,18.911363],[72.934581,18.920803],[72.936778,18.947414],[72.977224,18.948432],[72.988292,18.964423],[72.953624,18.964423],[72.953624,18.971259],[73.046641,18.995185],[73.056814,19.015326],[73.039806,19.017524],[72.988292,18.998603],[72.983572,19.010443],[72.987804,19.036933],[72.980968,19.046373],[72.991873,19.067206],[72.973806,19.078559],[72.967296,19.09101],[72.974783,19.163072],[72.967296,19.163072],[72.950043,19.127916],[72.935557,19.115058],[72.93393,19.080308],[72.926931,19.06684],[72.94337,19.055121],[72.934255,19.034084],[72.891449,18.991767],[72.885265,19.025865],[72.869314,19.01142],[72.836274,18.959133],[72.8213,18.903306],[72.812511,18.897447],[72.802745,18.909817],[72.807384,18.942816],[72.802745,18.957587],[72.795909,18.957587],[72.775401,18.93651],[72.770356,18.948188],[72.802419,18.999661],[72.802745,19.040188],[72.817068,19.032701],[72.824229,19.053534],[72.8213,19.063178],[72.809581,19.06684],[72.82309,19.108466],[72.809581,19.146308],[72.82309,19.169257],[72.811209,19.175523],[72.792166,19.150458],[72.784923,19.150377],[72.781586,19.159654],[72.802501,19.211615],[72.830089,19.252427],[72.815115,19.253648],[72.775401,19.204657],[72.772227,19.265123],[72.775645,19.299018],[72.785411,19.31391],[72.867035,19.316799],[72.885509,19.296047],[72.900564,19.290758],[72.930349,19.286566],[72.972667,19.293687],[72.988292,19.27912],[73.010509,19.224311],[73.026622,19.205512],[73.049653,19.217719],[73.03004,19.227729],[73.029145,19.259345],[72.987804,19.300686],[72.970958,19.307034],[72.898936,19.307034],[72.836925,19.348049],[72.818533,19.330268],[72.802094,19.331936],[72.763438,19.380194],[72.74822,19.444241],[72.746837,19.467963],[72.754405,19.481757],[72.879161,19.532375],[72.8567,19.541327],[72.795909,19.526801],[72.781261,19.536566],[72.770681,19.566148],[72.741954,19.580797],[72.734548,19.580797],[72.740733,19.560736],[72.734548,19.546617],[72.754893,19.527045],[72.755626,19.519355],[72.749197,19.5126],[72.741547,19.516018],[72.722504,19.536282],[72.710785,19.587592],[72.718028,19.606676],[72.686697,19.724799],[72.699962,19.714179],[72.707774,19.697455],[72.72641,19.705797],[72.714041,19.745836],[72.731293,19.754584],[72.732758,19.779731],[72.728282,19.793647],[72.690115,19.748969],[72.677908,19.746568],[72.679861,19.800482],[72.650076,19.841986],[72.649181,19.851996],[72.664236,19.881578],[72.665212,19.952948],[72.684337,19.964016],[72.70338,19.997626],[72.710297,20.082913],[72.728282,20.129462],[72.737641,20.184272],[72.755626,20.215155],[72.741954,20.225043],[72.74822,20.280341],[72.777517,20.330064],[72.781586,20.352281],[72.817068,20.375922],[72.829438,20.437934],[72.886485,20.531562],[72.891449,20.575141],[72.885265,20.619208],[72.902599,20.641913],[72.909434,20.698676],[72.90797,20.718329],[72.898936,20.732164],[72.946788,20.759467],[72.944998,20.770006],[72.919444,20.787421],[72.924978,20.810614],[72.919444,20.821519],[72.900238,20.79914],[72.885753,20.807115],[72.880138,20.829901],[72.900401,20.868109],[72.881196,20.865668],[72.836925,20.835842],[72.854259,20.887152],[72.864919,20.897284],[72.836681,20.929918],[72.856456,20.947984],[72.886485,20.962104],[72.888438,20.982611],[72.832693,20.972357],[72.816091,20.99901],[72.787608,21.006903],[72.771983,21.023871],[72.766856,21.03856],[72.82309,21.03384],[72.844981,21.038316],[72.849864,21.048],[72.809581,21.130032],[72.755626,21.109565],[72.741954,21.123236],[72.734548,21.092475],[72.700369,21.074774],[72.705821,21.10635],[72.728689,21.148098],[72.714041,21.16413],[72.706554,21.157701],[72.676443,21.153632],[72.671235,21.099799],[72.637869,21.085395],[72.615001,21.105862],[72.615489,21.119818],[72.630382,21.135972],[72.711762,21.194037],[72.734548,21.19892],[72.723643,21.209133],[72.687673,21.220445],[72.673188,21.239081],[72.646983,21.253607],[72.645763,21.273383],[72.618419,21.252916],[72.602061,21.277655],[72.586762,21.341213],[72.590505,21.348538],[72.645763,21.362779],[72.638682,21.371243],[72.594086,21.362779],[72.578868,21.367011],[72.564626,21.38581],[72.635102,21.407457],[72.728282,21.465806],[72.747081,21.452867],[72.752615,21.463568],[72.748546,21.479641],[72.738292,21.482856],[72.66505,21.457221],[72.612478,21.421861],[72.583669,21.417426],[72.61964,21.487372],[72.690115,21.540676],[72.726817,21.553168],[72.773204,21.580512],[72.789073,21.595526],[72.810395,21.635077],[72.82309,21.643948],[72.871593,21.636542],[72.889659,21.64053],[72.935557,21.658352],[72.965343,21.678778],[73.022472,21.698554],[73.084972,21.729682],[73.116954,21.73725],[73.132009,21.757799],[73.12615,21.766832],[73.118826,21.764716],[73.046641,21.733344],[73.022472,21.71601],[72.926931,21.684963],[72.858165,21.694973],[72.819184,21.675035],[72.798106,21.673529],[72.733246,21.687486],[72.676443,21.678127],[72.616059,21.685452],[72.550304,21.666693],[72.534679,21.672919],[72.528494,21.695136],[72.556326,21.774319],[72.566905,21.849351],[72.58546,21.858873],[72.618419,21.925116],[72.634044,21.937486],[72.65211,21.941067],[72.690115,21.938788],[72.702322,21.947577],[72.714041,21.982978],[72.734548,21.986558],[72.734548,21.994045],[72.707774,21.994045],[72.693533,21.972317],[72.623057,21.96662],[72.581798,21.928168],[72.542735,21.910834],[72.50172,21.97602],[72.522227,22.054267],[72.519542,22.088446],[72.53004,22.107489],[72.535899,22.14053],[72.542166,22.156724],[72.57545,22.194525],[72.614106,22.211737],[72.634451,22.210395],[72.681895,22.181586],[72.707774,22.185777],[72.74822,22.164049],[72.790212,22.217231],[72.812266,22.234117],[72.847423,22.240424],[72.897227,22.213039],[72.916026,22.22309],[72.922699,22.254584],[72.917491,22.27143],[72.905772,22.281399],[72.899669,22.269192],[72.869477,22.262397],[72.838634,22.276557],[72.818207,22.273424],[72.756602,22.24372],[72.659434,22.273912],[72.625011,22.271389],[72.606619,22.28384],[72.573741,22.288235],[72.553071,22.282457],[72.50172,22.240424],[72.466156,22.232571],[72.457042,22.236721],[72.454845,22.245307],[72.46697,22.255845],[72.463878,22.263983],[72.448741,22.266832],[72.413748,22.246324],[72.391856,22.253485],[72.380382,22.312405],[72.404959,22.332953],[72.408051,22.353461],[72.397227,22.366767],[72.371349,22.355902],[72.361013,22.343451],[72.340505,22.303209],[72.328298,22.260728],[72.275157,22.260321],[72.263194,22.276353],[72.264659,22.295233],[72.240408,22.301907],[72.208507,22.300442],[72.200938,22.291449],[72.206309,22.273912],[72.148774,22.277899],[72.166026,22.260321],[72.190684,22.251288],[72.209239,22.259426],[72.240408,22.288235],[72.246104,22.27558],[72.234141,22.243557],[72.239106,22.238918],[72.268321,22.226752],[72.306488,22.22956],[72.317231,22.184882],[72.307628,22.079006],[72.295665,22.051174],[72.291759,22.053412],[72.25766,22.012152],[72.237315,22.007025],[72.220958,22.010972],[72.214366,21.994045],[72.206309,21.994045],[72.19988,22.006985],[72.173106,21.975653],[72.163422,21.973212],[72.151703,21.993883],[72.134288,22.004584],[72.11378,22.010565],[72.097016,22.007025],[72.128103,21.983547],[72.124848,21.972317],[72.114919,21.969387],[72.076508,21.979722],[72.104503,21.959215],[72.102061,21.945054],[72.073253,21.954495],[72.055186,21.953518],[72.028656,21.938788],[72.104503,21.91767],[72.156505,21.925849],[72.145356,21.91767],[72.145356,21.910834],[72.15919,21.904608],[72.152354,21.897854],[72.16977,21.890448],[72.160004,21.865912],[72.169444,21.841376],[72.13087,21.846259],[72.098481,21.88052],[72.077647,21.894436],[72.057953,21.898749],[72.049327,21.880439],[72.086436,21.865627],[72.104503,21.835761],[72.086762,21.830268],[72.062836,21.834377],[72.004161,21.857733],[71.997325,21.854926],[71.99464,21.839504],[71.996104,21.799506],[72.001475,21.787909],[72.021821,21.800971],[72.021821,21.774319],[72.073904,21.788723],[72.103201,21.775214],[72.117442,21.776597],[72.166026,21.793931],[72.177013,21.766669],[72.202403,21.748114],[72.223806,21.700588],[72.240408,21.691718],[72.271739,21.690904],[72.278331,21.671942],[72.295665,21.653876],[72.298839,21.626288],[72.275157,21.595526],[72.242198,21.48078],[72.2199,21.444729],[72.16684,21.392076],[72.151622,21.360175],[72.104503,21.315009],[72.111501,21.296088],[72.097016,21.287665],[72.10255,21.2744],[72.090831,21.252916],[72.104503,21.222154],[72.104747,21.205064],[72.055024,21.168362],[71.990733,21.136379],[71.92628,21.130032],[71.76295,21.032294],[71.743663,21.027574],[71.717621,21.03205],[71.68336,21.011461],[71.639985,20.996812],[71.583507,20.958238],[71.549571,20.951239],[71.569347,20.979193],[71.551117,20.973578],[71.493419,20.929145],[71.480724,20.900377],[71.46225,20.885321],[71.378103,20.859442],[71.318614,20.849311],[71.140636,20.765692],[71.116954,20.766913],[71.110118,20.759467],[71.09547,20.763739],[71.062348,20.738959],[71.00766,20.741604],[71.000824,20.722154],[70.982432,20.71015],[70.84018,20.70189],[70.801606,20.709052],[70.774587,20.727362],[70.740245,20.718492],[70.698578,20.746405],[70.541515,20.807847],[70.484141,20.84394],[70.451427,20.855902],[70.398774,20.90351],[70.336681,20.927069],[70.26352,20.980414],[70.152192,21.078518],[70.054445,21.153155],[69.958263,21.273342],[69.911632,21.315009],[69.844981,21.389594],[69.814708,21.433661],[69.808604,21.465806],[69.788748,21.469306],[69.756358,21.490424],[69.629731,21.616034],[69.568207,21.650133],[69.49936,21.720201],[69.478526,21.752631],[69.427419,21.781236],[69.397716,21.815253],[69.391775,21.83218],[69.395193,21.861314],[69.39088,21.876695],[69.367849,21.856106],[69.355479,21.853176],[69.336192,21.862454],[69.198416,21.979722],[69.150645,22.041205],[69.103038,22.076361],[69.048188,22.157904],[68.994151,22.203925],[68.944591,22.295071],[68.944021,22.318264],[68.960623,22.349514],[68.967621,22.387193],[68.983246,22.419379],[69.007498,22.443183],[69.073578,22.481879],[69.085216,22.472886],[69.082286,22.45954],[69.048188,22.431586],[69.071788,22.399482],[69.097423,22.398871],[69.122732,22.411078],[69.146983,22.404853],[69.178559,22.427639],[69.202159,22.414862],[69.20574,22.398668],[69.18214,22.366441],[69.185313,22.349677],[69.169688,22.327948],[69.173839,22.308295],[69.212087,22.281399],[69.212087,22.273912],[69.286469,22.284613],[69.335704,22.306138],[69.346446,22.324897],[69.359874,22.329169],[69.435395,22.33039],[69.479666,22.342231],[69.502696,22.37226],[69.519867,22.377631],[69.525645,22.392076],[69.513682,22.431586],[69.515961,22.448147],[69.547862,22.452094],[69.561697,22.391588],[69.554698,22.377631],[69.616059,22.355902],[69.629731,22.383775],[69.640391,22.375963],[69.669444,22.409247],[69.699392,22.404283],[69.733409,22.480048],[69.794932,22.418606],[69.806977,22.420966],[69.833263,22.463813],[69.884776,22.473578],[69.972992,22.541449],[69.996267,22.541449],[70.020844,22.555121],[70.059093,22.558417],[70.144705,22.547797],[70.178477,22.561957],[70.207286,22.614976],[70.319102,22.778266],[70.32252,22.822659],[70.342947,22.843166],[70.375255,22.902655],[70.404633,22.919501],[70.45338,22.96662],[70.486339,22.96369],[70.504731,22.97956],[70.527192,23.023586],[70.528494,23.047065],[70.523692,23.07038],[70.50294,23.104397],[70.467133,23.129706],[70.450938,23.105658],[70.410655,23.086005],[70.398774,23.069037],[70.410981,23.023179],[70.401866,22.999254],[70.401622,22.953843],[70.392426,22.940863],[70.34669,22.931301],[70.325694,22.945014],[70.303477,22.938137],[70.291759,22.95303],[70.269298,22.958564],[70.249685,22.987454],[70.233084,23.000149],[70.231944,22.974921],[70.222016,22.959174],[70.163097,22.948961],[70.147472,22.966051],[70.12908,22.969306],[70.125011,22.975979],[70.130626,22.993964],[70.109548,22.959174],[70.132335,22.941067],[70.135427,22.929999],[70.061778,22.918199],[69.996918,22.893785],[69.940684,22.886135],[69.833181,22.858466],[69.780121,22.82746],[69.760102,22.808336],[69.728852,22.754828],[69.715831,22.746894],[69.653819,22.760484],[69.585704,22.761176],[69.556977,22.77851],[69.500011,22.781684],[69.338145,22.833075],[69.23878,22.841946],[69.201915,22.85224],[69.039887,22.950507],[68.866222,23.019965],[68.654063,23.157782],[68.649669,23.180854],[68.622569,23.191555],[68.599946,23.225043],[68.595714,23.240383],[68.609386,23.226711],[68.620128,23.245429],[68.623057,23.267646],[68.57781,23.255276],[68.552257,23.259711],[68.541026,23.278225],[68.561046,23.316107],[68.599132,23.322252],[68.606944,23.325588],[68.603038,23.332831],[68.571056,23.346381],[68.561046,23.363918],[68.541026,23.357001],[68.520681,23.369208],[68.515147,23.377021],[68.515147,23.399319],[68.529552,23.411933],[68.541026,23.411689],[68.530121,23.425686],[68.513194,23.418524],[68.501475,23.423285],[68.490489,23.409329],[68.475352,23.404853],[68.462576,23.409125],[68.458832,23.419827],[68.465505,23.445787],[68.44044,23.434272],[68.423676,23.445787],[68.447439,23.487454],[68.465587,23.505276],[68.48585,23.514106],[68.481293,23.525133],[68.458669,23.52147],[68.437348,23.548814],[68.446951,23.502997],[68.431163,23.493598],[68.411632,23.494696],[68.406098,23.508734],[68.408865,23.621324],[68.427501,23.631415],[68.471528,23.618638],[68.491466,23.618842],[68.492686,23.6376],[68.468761,23.640815],[68.469412,23.659247],[68.533539,23.679185],[68.583507,23.735297],[68.601736,23.748684],[68.637869,23.761542],[68.654552,23.799058],[68.670746,23.815741],[68.725597,23.818915],[68.821625,23.878404],[68.805675,23.884426],[68.78004,23.874091],[68.766938,23.878404],[68.717784,23.84101],[68.633474,23.833075],[68.598888,23.781887],[68.554698,23.768541],[68.51002,23.744086],[68.47283,23.737494],[68.427745,23.714301],[68.34197,23.623969],[68.351573,23.617825],[68.348888,23.60342],[68.327322,23.5869],[68.317638,23.586127],[68.181407,23.594062],[68.1574,23.600816],[68.143403,23.612698],[68.150076,23.631415],[68.174327,23.631415],[68.184255,23.651923],[68.19809,23.659084],[68.220063,23.659247],[68.232677,23.645006],[68.245128,23.659125],[68.27589,23.665839],[68.280447,23.685981],[68.258962,23.674709],[68.240977,23.674018],[68.208751,23.696234],[68.19752,23.714545],[68.197765,23.774807],[68.168142,23.747463],[68.166026,23.773179],[68.183116,23.843451],[68.157481,23.905097],[68.157481,23.864163],[68.170584,23.839911],[68.143321,23.761135],[68.157481,23.696234],[68.149099,23.694525],[68.102224,23.733832],[68.098888,23.709296],[68.081716,23.708686],[68.062755,23.723131],[68.053884,23.74372],[68.074392,23.764838],[68.073253,23.783433],[68.081716,23.80565],[68.102224,23.809516],[68.102224,23.815741],[68.07252,23.841864],[68.059418,23.861884],[68.053884,23.88467],[68.063731,23.923163],[68.047699,23.92121],[68.01352,23.939276],[68.053884,23.829413],[68.024425,23.774604],[68.01352,23.768541],[67.994151,23.811184],[67.971934,23.802069],[67.950857,23.808905],[67.934255,23.832994],[67.909923,23.836249],[67.899913,23.86758],[67.891938,23.869574],[67.868907,23.850491],[67.863292,23.902818],[67.855235,23.911933],[67.839041,23.823391],[67.831716,23.809516],[67.773204,23.821112],[67.718598,23.843695],[67.741059,23.823065],[67.743663,23.808783],[67.73227,23.795233],[67.715668,23.791693],[67.631602,23.803453],[67.630707,23.824774],[67.642914,23.850491],[67.656586,23.919379],[67.650401,23.933051],[67.638031,23.91592],[67.63738,23.874254],[67.629242,23.856676],[67.614513,23.850084],[67.59962,23.854234],[67.589366,23.866523],[67.58839,23.88467],[67.574555,23.871772],[67.546641,23.898261],[67.532563,23.899156],[67.530121,23.891262],[67.546641,23.870998],[67.491059,23.883124],[67.478526,23.891506],[67.512543,23.898261],[67.540538,23.939276],[67.509044,23.923245],[67.498871,23.925605],[67.506358,23.974026],[67.451182,23.987698],[67.478201,24.032416],[67.492198,24.028022],[67.519867,24.045071],[67.529796,24.054918],[67.533051,24.070258],[67.509776,24.052069],[67.440684,24.070258],[67.354015,24.070868],[67.341319,24.086371],[67.337087,24.118964],[67.295584,24.199205],[67.292328,24.261868],[67.279145,24.281236],[67.292817,24.302965],[67.285981,24.329576],[67.305919,24.342841],[67.362478,24.34394],[67.325369,24.357611],[67.28297,24.357611],[67.271658,24.369086],[67.286632,24.439521],[67.2588,24.419094],[67.256847,24.444973],[67.246837,24.467963],[67.210948,24.50845],[67.230805,24.525092],[67.226736,24.532375],[67.204112,24.535102],[67.194591,24.547268],[67.183604,24.590318],[67.21811,24.582424],[67.252615,24.590318],[67.208995,24.613756],[67.15211,24.615709],[67.149587,24.635077],[67.156993,24.662909],[67.175548,24.688707],[67.199962,24.710639],[67.25294,24.740383],[67.255544,24.747992],[67.232677,24.770738],[67.167328,24.760159],[67.156016,24.791571],[67.139659,24.80329],[67.099946,24.797065],[67.081228,24.80329],[67.073741,24.795803],[67.08253,24.774156],[67.02296,24.810045],[66.987315,24.822211],[66.965099,24.843573],[66.957693,24.843573],[66.965099,24.810045],[66.941173,24.812567],[66.882091,24.85102],[66.85377,24.85224],[66.802501,24.839545],[66.779633,24.85102],[66.679698,24.830552],[66.654145,24.839179],[66.656749,24.85871],[66.677013,24.879543],[66.704438,24.892035],[66.704438,24.898871],[66.681326,24.910549],[66.681326,24.948879],[66.697032,25.025458],[66.699555,25.085273],[66.713552,25.120754],[66.73227,25.143256],[66.737153,25.181098],[66.710216,25.239244],[66.595225,25.330227],[66.56072,25.349677],[66.547862,25.365627],[66.553722,25.385443],[66.579275,25.379381],[66.591156,25.399604],[66.587087,25.426215],[66.56422,25.439439],[66.550548,25.457099],[66.531016,25.518134],[66.512706,25.508368],[66.50587,25.52204],[66.492849,25.518052],[66.477875,25.549302],[66.444102,25.582506],[66.437022,25.597724],[66.41212,25.590562],[66.387706,25.592434],[66.372569,25.603909],[66.375499,25.625678],[66.338552,25.6081],[66.303233,25.60456],[66.258149,25.612006],[66.239757,25.599921],[66.203949,25.593207],[66.167166,25.566067],[66.13738,25.513821],[66.10963,25.495429],[66.094412,25.47484],[66.213064,25.49136],[66.241547,25.518459],[66.2588,25.524848],[66.258149,25.543118],[66.309337,25.554023],[66.336436,25.553371],[66.352712,25.535549],[66.38852,25.52204],[66.423188,25.481024],[66.456228,25.496039],[66.475841,25.493313],[66.492198,25.481024],[66.45753,25.453762],[66.497895,25.430487],[66.511567,25.414211],[66.498383,25.398505],[66.483897,25.400539],[66.437022,25.433254],[66.359548,25.465237],[66.31186,25.474921],[66.278656,25.467353],[66.251801,25.472886],[66.15919,25.446926],[66.069021,25.446234],[66.004649,25.429633],[65.92449,25.418606],[65.858409,25.417548],[65.765391,25.377997],[65.724376,25.371161],[65.671641,25.347398],[65.65211,25.344468],[65.467784,25.385443],[65.400727,25.366685],[65.382335,25.371161],[65.395356,25.392279],[65.336192,25.385321],[65.292328,25.364976],[65.259776,25.380439],[65.23227,25.370673],[65.187999,25.311021],[65.155284,25.296088],[65.058849,25.314521],[64.980642,25.316596],[64.920665,25.327053],[64.889659,25.328355],[64.861095,25.316596],[64.807302,25.328518],[64.744395,25.324042],[64.695974,25.297593],[64.66863,25.255113],[64.662771,25.229071],[64.66863,25.206732],[64.709158,25.19066],[64.710216,25.179389],[64.65504,25.165717],[64.600352,25.173163],[64.626964,25.211615],[64.627696,25.228461],[64.610606,25.251695],[64.56544,25.27025],[64.518403,25.27558],[64.492035,25.245673],[64.439301,25.234605],[64.417491,25.240912],[64.360688,25.283026],[64.265798,25.298651],[64.24464,25.316596],[64.18393,25.318671],[64.094493,25.335883],[64.106944,25.385443],[64.083507,25.40351],[64.0796,25.416205],[64.083751,25.426744],[64.106212,25.433254],[64.14088,25.42886],[64.15089,25.432115],[64.155284,25.446926],[64.127289,25.453762],[64.056488,25.441718],[64.045421,25.450344],[63.989594,25.425442],[63.976573,25.412787],[63.997081,25.419623],[64.011729,25.397284],[64.035167,25.416205],[64.048839,25.41649],[64.0796,25.364976],[64.059744,25.34455],[63.987071,25.338324],[63.969737,25.344468],[63.944102,25.334906],[63.906586,25.341213],[63.804942,25.374986],[63.737804,25.385321],[63.669932,25.383612],[63.57252,25.364976],[63.537608,25.344468],[63.510509,25.316596],[63.495779,25.291409],[63.485199,25.284329],[63.469493,25.289252],[63.4817,25.260159],[63.518728,25.220852],[63.511729,25.200263],[63.500499,25.193671],[63.468761,25.199042],[63.411143,25.22248],[63.376964,25.227769],[63.308116,25.220364],[63.178477,25.258043],[63.144054,25.260932],[63.113129,25.255113],[63.050955,25.224189],[63.027843,25.220364],[62.942393,25.227769],[62.770518,25.261908],[62.604959,25.265997],[62.477179,25.259064],[62.465017,25.23725],[62.467621,25.223538],[62.489431,25.214179],[62.469493,25.206732],[62.444347,25.213935],[62.413829,25.206529],[62.365896,25.179389],[62.34311,25.155463],[62.336192,25.139838],[62.339122,25.124742],[62.35199,25.112829],[62.387243,25.101575],[62.381052,25.087572],[62.289954,25.090016],[62.256055,25.098627],[62.290782,25.124742],[62.315278,25.130194],[62.318126,25.141832],[62.297479,25.185133],[62.254222,25.212032],[62.191809,25.220081],[62.145193,25.218411],[62.080031,25.197152],[62.058989,25.161636],[62.07309,25.15058],[62.077828,25.127713],[62.097179,25.107123],[62.075551,25.100749],[61.929498,25.109563],[61.881114,25.103013],[61.857432,25.06684],[61.847341,25.037909],[61.835216,25.038398],[61.790478,25.017763],[61.754868,25.013467],[61.729551,25.021783],[61.720064,25.037436],[61.725759,25.058905],[61.73585,25.069525],[61.728526,25.083075],[61.76002,25.115383],[61.766775,25.145657],[61.783702,25.173163],[61.783051,25.187974],[61.766856,25.186225],[61.749522,25.173163],[61.694184,25.200507],[61.588227,25.202094],[61.579763,25.233466],[61.554454,25.254096],[61.544688,25.248277],[61.537283,25.220364],[61.55836,25.200507],[61.504242,25.208808],[61.482595,25.193671],[61.506196,25.186835],[61.524181,25.173163],[61.489513,25.118598],[61.420584,25.096869],[61.435069,25.087714],[61.411717,25.059408],[61.24353,25.111886],[61.185068,25.123249],[61.185476,25.139608],[61.170269,25.16444],[61.03061,25.209784],[60.86671,25.234605],[60.727712,25.26439],[60.633474,25.27497],[60.616954,25.283189],[60.632335,25.296088],[60.608165,25.327582],[60.601573,25.405951],[60.549653,25.446926],[60.514171,25.447333],[60.445649,25.428168],[60.428477,25.419623],[60.395274,25.377875],[60.402029,25.344672],[60.437673,25.33393],[60.452207,25.317385],[60.441091,25.316596],[60.470063,25.303087],[60.467246,25.290276],[60.362559,25.330552],[60.319223,25.329851],[60.290294,25.351304],[60.303966,25.371161],[60.289399,25.377183],[60.235037,25.377997],[60.201508,25.371161],[60.192556,25.356147],[60.215974,25.33828],[60.20921,25.319689],[60.181977,25.319892],[60.161876,25.331977],[60.11671,25.33983],[60.082038,25.36595],[60.0,25.35761782083219],[60.0,30.0],[100.0,30.0],[100.0,13.327339484161813],[99.962738,13.309882],[99.960704,13.292426],[99.967133,13.259019],[100.0,13.21688625677402],[100.0,12.809746161592507],[99.987641,12.790473]]],[[[88.838715,21.531928],[88.830821,21.577379],[88.841319,21.614],[88.902029,21.580268],[88.911306,21.566881],[88.91391,21.548407],[88.90797,21.530707],[88.862478,21.523586],[88.838715,21.531928]]],[[[88.130056,21.625922],[88.051768,21.641588],[88.042247,21.668158],[88.050548,21.70539],[88.090017,21.808661],[88.119314,21.859524],[88.146739,21.869859],[88.167003,21.765448],[88.163422,21.705471],[88.132579,21.684963],[88.146007,21.643744],[88.139415,21.630316],[88.130056,21.625922]]],[[[89.06422,21.822089],[89.044688,21.907782],[89.045665,21.91706],[89.057384,21.91767],[89.067638,21.904364],[89.081309,21.822943],[89.092784,21.793402],[89.139008,21.766832],[89.144705,21.739325],[89.132498,21.721625],[89.102306,21.736762],[89.051524,21.793199],[89.06422,21.822089]]],[[[88.646332,21.787909],[88.591807,21.804389],[88.584321,21.835761],[88.598643,21.869859],[88.636241,21.921373],[88.650157,21.927436],[88.663259,21.921291],[88.670584,21.907416],[88.649181,21.842353],[88.646332,21.787909]]],[[[88.125011,21.888658],[88.104991,21.861151],[88.080903,21.849351],[88.072276,21.856757],[88.077322,21.904608],[88.094249,21.937893],[88.105724,21.947577],[88.118907,21.945014],[88.132579,21.920478],[88.125011,21.888658]]],[[[90.318614,21.846259],[90.32252,21.916693],[90.354015,21.976752],[90.37143,21.994778],[90.394298,22.00023],[90.390636,21.978258],[90.365489,21.938707],[90.341563,21.860297],[90.322927,21.843899],[90.318614,21.846259]]],[[[90.55714,21.897528],[90.521251,21.861477],[90.503591,21.862454],[90.503591,21.869859],[90.531505,21.876695],[90.510427,21.897854],[90.516938,21.904486],[90.521983,21.938788],[90.593516,21.986558],[90.593516,21.966132],[90.606619,21.938788],[90.590831,21.935126],[90.580821,21.912502],[90.565603,21.91767],[90.55714,21.897528]]],[[[90.39975,21.952948],[90.411876,21.97602],[90.411876,22.028713],[90.428477,22.048041],[90.473318,22.003648],[90.486176,21.976793],[90.476329,21.945014],[90.415538,21.900539],[90.402354,21.906887],[90.394542,21.921454],[90.39975,21.952948]]],[[[90.352794,21.992987],[90.345958,21.972317],[90.33961,21.972317],[90.358653,22.022691],[90.373871,22.045559],[90.387462,22.048041],[90.381114,22.023098],[90.352794,21.992987]]],[[[90.533458,22.110053],[90.560069,22.137681],[90.57252,22.137397],[90.592784,22.15941],[90.613455,22.164049],[90.593516,22.102607],[90.586192,22.130561],[90.559744,22.023749],[90.538341,22.00023],[90.519542,21.994696],[90.509044,21.999416],[90.503591,22.024115],[90.544444,22.061672],[90.538341,22.068508],[90.495372,22.044989],[90.489919,22.03498],[90.483653,22.03498],[90.485606,22.058336],[90.503103,22.09634],[90.533458,22.110053]]],[[[90.9192,22.132148],[90.935557,22.21247],[90.941742,22.205024],[90.951182,22.21247],[90.956716,22.198879],[90.956716,22.144843],[90.948985,22.121649],[90.929373,22.116889],[90.9192,22.132148]]],[[[90.996918,22.253485],[90.994802,22.213813],[90.987804,22.19538],[90.97641,22.185777],[90.977061,22.239203],[90.982921,22.259182],[90.996918,22.253485]]],[[[91.141468,22.146201],[91.093689,22.118859],[91.082408,22.101383],[91.063294,22.089848],[91.022472,22.094875],[91.011257,22.102091],[91.005111,22.116822],[91.033955,22.14878],[91.059093,22.192043],[91.068274,22.240733],[91.074801,22.38859],[91.092257,22.391338],[91.148847,22.357057],[91.15645,22.332079],[91.171397,22.319648],[91.181407,22.283596],[91.186785,22.227757],[91.141468,22.146201]]],[[[90.9935,22.322333],[90.990082,22.281399],[90.952891,22.226752],[90.937185,22.232733],[90.956716,22.277655],[90.960216,22.322984],[90.97641,22.363349],[90.983897,22.355902],[90.9935,22.322333]]],[[[90.647716,22.407213],[90.661143,22.355902],[90.647472,22.383775],[90.640391,22.366034],[90.646739,22.326077],[90.640147,22.308743],[90.633311,22.349677],[90.640147,22.349677],[90.62615,22.406968],[90.61964,22.42475],[90.60141,22.429185],[90.601573,22.44831],[90.61964,22.445258],[90.647716,22.407213]]],[[[90.750011,22.075995],[90.717784,22.048407],[90.691661,22.007025],[90.657725,21.992865],[90.647472,21.994045],[90.639415,22.016099],[90.681814,22.102607],[90.625987,22.027167],[90.610037,22.024115],[90.603526,22.044013],[90.607758,22.072333],[90.633311,22.123114],[90.622244,22.145087],[90.631847,22.182115],[90.678477,22.282782],[90.681895,22.360419],[90.687999,22.377631],[90.677745,22.426703],[90.681814,22.445258],[90.670584,22.463853],[90.658946,22.5244],[90.647472,22.548285],[90.574962,22.598863],[90.558767,22.602932],[90.556326,22.674709],[90.578624,22.757025],[90.596202,22.775377],[90.631033,22.785631],[90.650564,22.787421],[90.684095,22.694373],[90.715507,22.638284],[90.746979,22.596907],[90.754507,22.548434],[90.76694,22.517531],[90.855024,22.434665],[90.835022,22.339616],[90.836192,22.178168],[90.827891,22.152411],[90.77475,22.075914],[90.757335,22.061672],[90.750011,22.075995]]],[[[90.653494,22.483466],[90.665294,22.469143],[90.667328,22.439032],[90.647472,22.42475],[90.653494,22.483466]]],[[[90.534612,22.728775],[90.520993,22.711765],[90.49822,22.733832],[90.492849,22.753241],[90.45574,22.767401],[90.465668,22.788072],[90.466075,22.851752],[90.473399,22.865139],[90.486827,22.870429],[90.521169,22.864651],[90.537608,22.866767],[90.544444,22.880683],[90.606619,22.877265],[90.62676,22.857216],[90.645254,22.849289],[90.678233,22.808336],[90.590956,22.813919],[90.531559,22.769237],[90.534612,22.728775]]],[[[90.61964,22.932522],[90.599132,22.959174],[90.588715,22.962063],[90.561697,22.951565],[90.524099,22.95303],[90.508067,22.975775],[90.528005,23.007636],[90.56129,23.03262],[90.586192,23.034898],[90.667328,22.959174],[90.667328,22.95303],[90.633311,22.95303],[90.654633,22.937323],[90.667328,22.918199],[90.636241,22.921332],[90.61964,22.932522]]],[[[90.510427,23.069037],[90.515636,23.051947],[90.469493,23.007636],[90.45574,23.062812],[90.494395,23.062934],[90.510427,23.069037]]],[[[90.577647,23.323635],[90.586192,23.301744],[90.529552,23.333564],[90.524099,23.322252],[90.506114,23.314195],[90.487071,23.319037],[90.437266,23.361802],[90.426606,23.375963],[90.429698,23.385159],[90.45574,23.384955],[90.491873,23.373033],[90.577647,23.323635]]],[[[97.340017,0.806871],[97.317231,0.821112],[97.316905,0.832546],[97.333914,0.835761],[97.340017,0.806871]]],[[[97.09254,2.105536],[97.120128,2.113349],[97.1338,2.107164],[97.148448,2.074164],[97.151134,2.058092],[97.123057,2.039293],[97.124278,2.021674],[97.115001,2.014716],[97.102306,2.016059],[97.069021,2.087144],[97.07545,2.086005],[97.09254,2.105536]]],[[[96.613292,2.119127],[96.627696,2.129462],[96.644054,2.127021],[96.668224,2.11343],[96.671723,2.101996],[96.665375,2.087877],[96.643565,2.074449],[96.622895,2.070624],[96.60963,2.080146],[96.613292,2.119127]]],[[[97.321788,2.058092],[97.306163,2.057196],[97.278087,2.103095],[97.207367,2.175523],[97.102794,2.212714],[97.125173,2.225491],[97.171723,2.2331],[97.182791,2.22606],[97.19158,2.20893],[97.208018,2.207587],[97.246755,2.230658],[97.281261,2.229071],[97.289236,2.221177],[97.281505,2.20893],[97.319835,2.178656],[97.336274,2.126654],[97.342296,2.058092],[97.335216,2.042182],[97.321788,2.03144],[97.321788,2.058092]]],[[[96.61614,2.171088],[96.61085,2.193183],[96.638031,2.185655],[96.642996,2.176663],[96.656668,2.172919],[96.637462,2.155463],[96.61614,2.171088]]],[[[96.351085,2.355048],[96.334972,2.355455],[96.307628,2.374091],[96.328136,2.394517],[96.306163,2.405097],[96.285167,2.436428],[96.239919,2.448676],[96.042654,2.592027],[96.020274,2.600002],[95.986095,2.600002],[95.965099,2.614244],[95.955089,2.600002],[95.931407,2.595608],[95.883067,2.620429],[95.874766,2.645819],[95.862559,2.654608],[95.790538,2.654608],[95.78533,2.66059],[95.794281,2.696234],[95.758962,2.724107],[95.761567,2.739936],[95.735199,2.75788],[95.740082,2.778062],[95.698009,2.778754],[95.692638,2.812812],[95.699555,2.831773],[95.714854,2.840155],[95.768728,2.840806],[95.78004,2.846381],[95.781505,2.855048],[95.766368,2.867499],[95.766775,2.878119],[95.791515,2.942532],[95.814138,2.922105],[95.884044,2.919013],[95.911876,2.906236],[95.910411,2.873684],[95.890798,2.889106],[95.882986,2.883938],[95.883067,2.846381],[95.917247,2.860663],[95.927745,2.84455],[95.964529,2.827948],[95.9817,2.790351],[96.003266,2.777004],[96.090505,2.757799],[96.126313,2.73371],[96.13087,2.715277],[96.101817,2.675442],[96.102794,2.654608],[96.118663,2.666002],[96.129731,2.664781],[96.161876,2.647773],[96.160899,2.6612],[96.143728,2.678778],[96.15797,2.680406],[96.246104,2.600002],[96.290701,2.575181],[96.3213,2.566148],[96.359141,2.52143],[96.375255,2.473863],[96.390147,2.469672],[96.395274,2.477362],[96.396495,2.524848],[96.410655,2.508938],[96.424327,2.510565],[96.444102,2.490383],[96.479503,2.414984],[96.475108,2.397854],[96.481212,2.364],[96.420909,2.343004],[96.36964,2.367255],[96.351085,2.355048]]],[[[95.109141,5.622016],[95.135753,5.646308],[95.141775,5.66413],[95.15504,5.656684],[95.191091,5.608466],[95.171397,5.607245],[95.156261,5.594794],[95.145274,5.604234],[95.111583,5.611884],[95.109141,5.622016]]],[[[95.06072,5.68358],[95.047862,5.689643],[95.057302,5.700914],[95.048676,5.718451],[95.06072,5.724555],[95.06072,5.732001],[95.012706,5.735826],[95.014659,5.744615],[95.033946,5.759914],[95.058279,5.75731],[95.133311,5.691311],[95.132335,5.680121],[95.122081,5.669257],[95.094737,5.68358],[95.06072,5.656236],[95.06072,5.68358]]],[[[95.33839,5.779202],[95.302745,5.785712],[95.27296,5.807074],[95.252696,5.854967],[95.231456,5.869289],[95.220551,5.885932],[95.21461,5.910102],[95.247813,5.905219],[95.283865,5.857408],[95.29713,5.858588],[95.324962,5.898017],[95.341807,5.89643],[95.351329,5.88703],[95.382823,5.841864],[95.382823,5.807074],[95.375987,5.807074],[95.355479,5.827582],[95.355317,5.795152],[95.350434,5.783637],[95.33839,5.779202]]],[[[93.898448,6.804185],[93.859386,6.804267],[93.834239,6.745551],[93.812673,6.753974],[93.813731,6.808295],[93.784434,6.836412],[93.793224,6.849189],[93.775727,6.867377],[93.773123,6.877997],[93.779552,6.890204],[93.766124,6.901109],[93.76531,6.924302],[93.748057,6.92357],[93.71754,6.992621],[93.703624,7.006293],[93.684337,7.020901],[93.664561,7.026516],[93.649181,7.013088],[93.649669,7.119615],[93.676443,7.181871],[93.717296,7.18769],[93.73463,7.205512],[93.76531,7.219143],[93.772146,7.211737],[93.813975,7.241848],[93.830821,7.235907],[93.865001,7.20067],[93.880626,7.144273],[93.887055,7.089301],[93.928722,7.012356],[93.929861,6.959052],[93.893565,6.876776],[93.889415,6.841783],[93.904145,6.819241],[93.898448,6.804185]]],[[[93.616384,7.267279],[93.615082,7.287421],[93.594005,7.314765],[93.606944,7.326402],[93.61671,7.367255],[93.667247,7.382758],[93.696951,7.445054],[93.699474,7.398749],[93.731212,7.369371],[93.734386,7.350816],[93.728526,7.337104],[93.67921,7.298326],[93.644216,7.257514],[93.628184,7.253323],[93.616384,7.267279]]],[[[93.421235,7.891791],[93.367849,7.878607],[93.354259,7.883287],[93.340343,7.901272],[93.348155,7.924872],[93.340668,7.931708],[93.323009,7.924384],[93.306651,7.938544],[93.313324,7.989732],[93.322602,8.002102],[93.370291,8.01732],[93.391368,8.01557],[93.401215,7.967963],[93.433116,7.954291],[93.459809,7.910793],[93.454438,7.869289],[93.421235,7.891791]]],[[[93.54835,8.020087],[93.558604,8.013617],[93.570323,7.989],[93.573985,7.924872],[93.518321,7.965806],[93.510753,7.98017],[93.511485,7.99551],[93.520763,8.004381],[93.539317,7.999335],[93.540294,8.016181],[93.54835,8.020087]]],[[[93.477306,8.030992],[93.497813,8.061998],[93.514822,8.05622],[93.516938,8.0633],[93.511485,8.074856],[93.497813,8.082506],[93.492198,8.063625],[93.479747,8.063218],[93.466319,8.074408],[93.457367,8.089993],[93.446544,8.164496],[93.465099,8.183295],[93.48585,8.22012],[93.523448,8.225816],[93.531668,8.213202],[93.531016,8.193752],[93.510509,8.166571],[93.505219,8.14704],[93.537364,8.047797],[93.531912,8.034735],[93.514903,8.027655],[93.494965,7.996283],[93.484386,7.991889],[93.477306,8.030992]]],[[[93.241059,8.262926],[93.250824,8.245429],[93.249441,8.218044],[93.223888,8.242499],[93.222667,8.251654],[93.241059,8.262926]]],[[[93.059581,8.291409],[93.069835,8.346625],[93.083751,8.355902],[93.095063,8.35517],[93.10141,8.345771],[93.104015,8.27558],[93.114106,8.256415],[93.173025,8.221259],[93.17628,8.212877],[93.167328,8.204535],[93.153494,8.205512],[93.10255,8.221503],[93.081554,8.242377],[93.059581,8.291409]]],[[[93.061941,8.456041],[93.079031,8.449978],[93.078868,8.428616],[93.062266,8.43769],[93.061941,8.456041]]],[[[93.607677,8.507066],[93.594981,8.55801],[93.607677,8.569159],[93.607677,8.548041],[93.626801,8.505845],[93.628184,8.486558],[93.618337,8.453925],[93.609711,8.438422],[93.60141,8.438178],[93.607677,8.507066]]],[[[92.729259,9.217841],[92.754405,9.244452],[92.750987,9.261217],[92.763031,9.264146],[92.811373,9.23117],[92.833849,9.202359],[92.831981,9.145025],[92.799565,9.110154],[92.731212,9.130845],[92.720225,9.147121],[92.708507,9.201606],[92.713878,9.213446],[92.729259,9.217841]]],[[[92.574213,10.580624],[92.535423,10.524861],[92.513027,10.507969],[92.479558,10.516073],[92.444139,10.545143],[92.421788,10.546203],[92.406466,10.529266],[92.384111,10.529328],[92.378057,10.541329],[92.402557,10.575206],[92.417003,10.629059],[92.408917,10.647055],[92.379486,10.672122],[92.376721,10.78402],[92.407265,10.789891],[92.41542,10.798863],[92.428966,10.850816],[92.482796,10.885622],[92.527592,10.895466],[92.56506,10.849308],[92.567981,10.815301],[92.582116,10.790261],[92.586986,10.736294],[92.598059,10.709302],[92.595908,10.678364],[92.539835,10.620669],[92.54176,10.59172],[92.574213,10.580624]]],[[[92.61964,11.360745],[92.593516,11.378363],[92.600841,11.406317],[92.631196,11.416246],[92.637218,11.430162],[92.627615,11.477362],[92.63559,11.508043],[92.654145,11.508124],[92.675059,11.490424],[92.6963,11.454413],[92.679698,11.429389],[92.676524,11.412543],[92.69988,11.384426],[92.682791,11.371527],[92.646007,11.359076],[92.61964,11.360745]]],[[[92.217296,11.59809],[92.254893,11.593817],[92.278087,11.583808],[92.286876,11.563178],[92.285004,11.544013],[92.273204,11.531073],[92.252126,11.529242],[92.234548,11.540351],[92.230235,11.577338],[92.217296,11.59809]]],[[[92.54127,11.551785],[92.542572,11.601549],[92.548595,11.60163],[92.576834,11.58218],[92.559581,11.55801],[92.54127,11.551785]]],[[[92.990571,11.954413],[92.96754,11.978583],[92.953136,11.981106],[92.947032,11.989691],[92.980724,12.036322],[93.014659,12.037177],[93.025401,12.031562],[93.018565,12.015815],[93.066417,11.899115],[93.049327,11.896145],[93.035411,11.911933],[93.024913,11.940131],[92.990571,11.954413]]],[[[93.035004,12.16116],[93.025483,12.141099],[93.055186,12.076036],[93.053396,12.046942],[93.015636,12.082506],[93.013601,12.144884],[93.035004,12.16116]]],[[[93.08546,12.095852],[93.059581,12.138739],[93.066254,12.189846],[93.082042,12.204779],[93.098481,12.199408],[93.10377,12.187934],[93.094981,12.15176],[93.103282,12.102037],[93.094249,12.090969],[93.08546,12.095852]]],[[[93.851899,12.271552],[93.860606,12.281195],[93.872813,12.268866],[93.85377,12.260565],[93.851899,12.271552]]],[[[92.990571,13.043687],[92.97934,13.029527],[92.964041,13.036851],[92.964041,13.084662],[92.956554,13.084662],[92.956554,13.064154],[92.937022,13.067084],[92.928884,13.050198],[92.928396,13.027493],[92.956228,12.981676],[92.952647,12.970771],[92.942882,12.954291],[92.936046,12.954291],[92.934744,12.973049],[92.927419,12.981024],[92.905284,12.982245],[92.876313,12.916653],[92.884532,12.903469],[92.896332,12.899726],[92.915538,12.919582],[92.92449,12.914374],[92.932628,12.89289],[92.964041,12.864936],[92.960704,12.847154],[92.968028,12.803168],[92.956554,12.783026],[92.984386,12.745103],[92.990489,12.724311],[92.990571,12.701117],[92.972911,12.628119],[92.989024,12.592108],[92.990571,12.519232],[92.955903,12.477444],[92.970225,12.468329],[92.962413,12.454413],[92.93865,12.438137],[92.936046,12.419908],[92.92921,12.419908],[92.915863,12.440863],[92.89503,12.454657],[92.901866,12.433539],[92.84669,12.433539],[92.863617,12.385484],[92.894054,12.368109],[92.902517,12.357123],[92.901866,12.344794],[92.91505,12.338365],[92.879242,12.312974],[92.885753,12.295559],[92.900157,12.283189],[92.901866,12.269029],[92.879893,12.243598],[92.894216,12.205024],[92.872569,12.201483],[92.874522,12.183743],[92.827403,12.140123],[92.833669,12.118232],[92.806407,12.10456],[92.80893,12.095771],[92.799327,12.089545],[92.757498,12.07746],[92.792654,12.036322],[92.763682,12.030951],[92.758556,12.02204],[92.765391,12.02204],[92.740571,11.983629],[92.737478,11.878648],[92.744884,11.878648],[92.753754,11.931586],[92.761974,11.940131],[92.787934,11.934516],[92.79949,11.899115],[92.796886,11.865139],[92.76002,11.708686],[92.754731,11.701117],[92.722911,11.693793],[92.68393,11.649888],[92.682791,11.61518],[92.696788,11.611233],[92.710704,11.621731],[92.710704,11.659573],[92.731212,11.652737],[92.736013,11.68244],[92.746104,11.683743],[92.761485,11.663642],[92.765391,11.618598],[92.747569,11.597846],[92.744884,11.557115],[92.735118,11.523871],[92.71697,11.494452],[92.713145,11.50731],[92.689708,11.51557],[92.658946,11.546291],[92.654633,11.573798],[92.633556,11.582587],[92.625662,11.595404],[92.621349,11.618598],[92.645681,11.629828],[92.648692,11.638495],[92.61964,11.651313],[92.60377,11.718899],[92.579845,11.714179],[92.563243,11.725572],[92.566661,11.827135],[92.563243,11.83393],[92.528087,11.845893],[92.524913,11.857489],[92.539724,11.894436],[92.562999,11.930162],[92.570567,11.932603],[92.594737,11.898749],[92.614513,11.899115],[92.607677,11.882799],[92.617686,11.8664],[92.629405,11.943752],[92.621349,11.987942],[92.641856,12.036322],[92.640147,12.136135],[92.645274,12.156073],[92.681814,12.219631],[92.689708,12.207668],[92.697113,12.207668],[92.713064,12.232571],[92.720958,12.226549],[92.724376,12.20425],[92.719493,12.176256],[92.727794,12.172838],[92.784028,12.189358],[92.792654,12.207668],[92.7824,12.248603],[92.758556,12.265937],[92.7588,12.276557],[92.7942,12.283189],[92.792654,12.296373],[92.778494,12.310126],[92.754731,12.310045],[92.733653,12.318061],[92.722341,12.337795],[92.717784,12.362494],[92.72169,12.599433],[92.754731,12.649563],[92.778982,12.652655],[92.783214,12.664984],[92.754731,12.677191],[92.747732,12.692694],[92.737478,12.807196],[92.740896,12.819648],[92.765391,12.84512],[92.785655,12.840033],[92.800304,12.857815],[92.813243,12.90648],[92.813243,12.958075],[92.834727,13.002021],[92.807953,13.020087],[92.809255,13.044745],[92.8296,13.103461],[92.854177,13.146064],[92.833669,13.174018],[92.844737,13.186998],[92.842784,13.226996],[92.864024,13.2355],[92.849864,13.289008],[92.854177,13.310614],[92.841156,13.324897],[92.847423,13.344916],[92.891368,13.400946],[92.89503,13.454576],[92.942882,13.509223],[92.949718,13.544623],[92.984386,13.557603],[92.997325,13.546698],[93.011729,13.550767],[93.004568,13.562201],[93.011729,13.578111],[93.016287,13.567369],[93.042491,13.571234],[93.049978,13.566392],[93.066417,13.537095],[93.055024,13.503079],[93.053722,13.471422],[93.059581,13.406806],[93.080089,13.413031],[93.07838,13.397121],[93.057872,13.38288],[93.046886,13.357408],[93.004242,13.331041],[93.003673,13.348619],[92.995128,13.357367],[92.984386,13.356431],[92.977061,13.345364],[92.97934,13.329779],[93.004568,13.311835],[93.025564,13.316148],[93.079438,13.259833],[93.056895,13.224799],[93.052745,13.133043],[93.036794,13.062161],[93.019542,13.033637],[92.990571,13.043687]]],[[[92.697113,12.838202],[92.694672,12.803778],[92.682791,12.797309],[92.670258,12.867662],[92.677745,12.890367],[92.682791,12.961737],[92.708344,12.988674],[92.71697,12.988471],[92.730724,12.977484],[92.737478,12.961737],[92.729991,12.895209],[92.724376,12.872382],[92.697113,12.838202]]],[[[92.979991,12.935167],[92.965017,12.935085],[92.978933,12.948635],[92.97226,12.950181],[92.965343,12.963935],[92.97226,12.960598],[92.971039,12.968614],[92.962738,12.97663],[92.973074,12.986274],[92.984955,12.967068],[92.995128,12.989407],[93.009939,12.990017],[93.013682,12.985663],[92.996593,12.96894],[92.987153,12.924709],[92.979991,12.935167]]],[[[92.708181,13.104071],[92.733002,13.091539],[92.71811,13.061062],[92.699229,13.082668],[92.69752,13.095689],[92.708181,13.104071]]],[[[94.274913,13.420315],[94.261892,13.429267],[94.280935,13.443549],[94.290782,13.422919],[94.274913,13.420315]]],[[[93.052745,13.640204],[93.000499,13.657701],[92.990571,13.667467],[93.033214,13.680243],[93.052745,13.640204]]],[[[93.230724,13.979153],[93.230479,13.994289],[93.23642,14.012112],[93.242931,14.004381],[93.245697,13.975735],[93.238292,13.969224],[93.230724,13.979153]]],[[[93.374848,14.064683],[93.383311,14.138373],[93.39031,14.153754],[93.400157,14.095649],[93.394786,14.076361],[93.374848,14.064683]]],[[[93.675792,14.859198],[93.703868,14.904446],[93.724376,14.913804],[93.704438,14.870998],[93.69044,14.8581],[93.675792,14.859198]]],[[[95.022146,15.727729],[95.052501,15.750678],[95.065847,15.736355],[95.059011,15.719509],[95.042084,15.712673],[95.026296,15.714342],[95.022146,15.727729]]],[[[94.724864,15.811957],[94.724864,15.818793],[94.759288,15.85224],[94.806814,15.931098],[94.823253,15.945787],[94.841563,15.877427],[94.803722,15.796576],[94.777843,15.791571],[94.724864,15.811957]]],[[[94.478038,15.966132],[94.478363,15.942328],[94.436778,15.900702],[94.440929,15.885403],[94.433116,15.869615],[94.410167,15.83926],[94.40268,15.83926],[94.417247,15.871772],[94.40919,15.907457],[94.382335,15.969631],[94.389659,16.000922],[94.452973,16.033881],[94.485362,16.058987],[94.518809,16.120429],[94.611583,16.221747],[94.642833,16.24551],[94.66212,16.221869],[94.667491,16.171942],[94.654633,16.121975],[94.629649,16.075181],[94.569591,16.005194],[94.499034,15.98017],[94.478038,15.966132]]],[[[93.645274,18.679348],[93.497813,18.840888],[93.484141,18.874986],[93.577159,18.881903],[93.599864,18.890448],[93.621755,18.910346],[93.663341,18.873196],[93.70753,18.868232],[93.742442,18.872301],[93.749522,18.86518],[93.745372,18.799994],[93.759044,18.755561],[93.746837,18.708808],[93.731944,18.689683],[93.711274,18.676459],[93.645274,18.679348]]],[[[93.895518,19.301174],[93.883556,19.3015],[93.875173,19.31391],[93.862804,19.307766],[93.864919,19.282864],[93.802745,19.276679],[93.773774,19.298774],[93.749848,19.333319],[93.725352,19.386868],[93.726736,19.396674],[93.736664,19.396959],[93.738048,19.403266],[93.730479,19.419257],[93.669119,19.446479],[93.641775,19.492011],[93.656586,19.497382],[93.649181,19.513129],[93.688162,19.559475],[93.731212,19.554104],[93.755382,19.523017],[93.819998,19.471503],[93.858084,19.482489],[93.880219,19.479193],[93.956228,19.432522],[93.970714,19.416938],[93.972341,19.381822],[93.965831,19.363023],[93.940196,19.348619],[93.917166,19.318305],[93.895518,19.301174]]],[[[93.45338,19.928453],[93.470551,19.905219],[93.49879,19.88703],[93.505219,19.872219],[93.50115,19.825385],[93.518321,19.761949],[93.511974,19.745836],[93.456798,19.788764],[93.440684,19.81094],[93.406749,19.920478],[93.402843,19.95307],[93.422048,19.951361],[93.45338,19.928453]]],[[[92.925792,20.033759],[92.91977,20.055732],[92.909434,20.06509],[92.91684,20.088935],[92.946462,20.070502],[92.962576,20.046088],[93.014659,19.905585],[93.024913,19.827826],[93.018565,19.827826],[93.001231,19.906643],[92.925792,20.033759]]],[[[91.961111,21.506171],[91.894542,21.506781],[91.899669,21.486029],[91.887706,21.480129],[91.877126,21.481024],[91.862559,21.49494],[91.855479,21.526679],[91.871104,21.547675],[91.874034,21.581855],[91.868907,21.622219],[91.847911,21.688788],[91.853526,21.725816],[91.862966,21.745592],[91.872325,21.754828],[91.883311,21.753892],[91.89796,21.743313],[91.902843,21.730292],[91.887706,21.684963],[91.903331,21.702867],[91.909516,21.726793],[91.901215,21.774319],[91.935557,21.781155],[91.938731,21.71483],[91.974864,21.648749],[91.983897,21.609198],[91.970225,21.523586],[91.961111,21.506171]]],[[[91.843435,21.906968],[91.867198,21.931952],[91.871104,21.92886],[91.887706,21.866156],[91.862804,21.789984],[91.83253,21.725816],[91.823985,21.742621],[91.839854,21.825507],[91.83253,21.876695],[91.843435,21.906968]]],[[[91.199988,22.514694],[91.21083,22.495521],[91.201017,22.472196],[91.180244,22.459239],[91.159533,22.450674],[91.134163,22.44948],[91.11371,22.461415],[91.123562,22.489146],[91.199988,22.514694]]],[[[91.446765,22.576304],[91.467557,22.58631],[91.556361,22.47821],[91.563633,22.435621],[91.555179,22.402031],[91.507519,22.396797],[91.476052,22.413317],[91.446517,22.453242],[91.429658,22.493003],[91.423786,22.525302],[91.446765,22.576304]]],[[[98.187999,-0.114841],[98.198253,-0.109308],[98.208425,-0.130466],[98.189626,-0.14544],[98.182791,-0.128025],[98.187999,-0.114841]]],[[[97.871674,-0.050185],[97.884369,-0.053888],[97.894705,-0.080987],[97.89267,-0.090265],[97.859304,-0.080336],[97.84075,-0.067315],[97.847992,-0.058445],[97.871674,-0.050185]]],[[[97.884532,0.718207],[97.882986,0.642971],[97.874278,0.622016],[97.827159,0.56269],[97.809255,0.560289],[97.774262,0.585191],[97.764171,0.567572],[97.752289,0.568345],[97.72641,0.585191],[97.704112,0.57274],[97.678722,0.598863],[97.690929,0.624213],[97.683849,0.643052],[97.658214,0.674628],[97.65919,0.715399],[97.61378,0.823554],[97.574392,0.860907],[97.486339,0.914211],[97.491873,0.93301],[97.47934,0.943427],[97.435069,0.94892],[97.395356,0.944892],[97.388845,0.952094],[97.387706,1.018785],[97.371593,1.05976],[97.321788,1.140774],[97.308279,1.174872],[97.278575,1.199693],[97.271332,1.222235],[97.256847,1.235012],[97.247244,1.267035],[97.19158,1.297756],[97.168224,1.342841],[97.128429,1.382636],[97.082286,1.40762],[97.068614,1.394599],[97.06365,1.415229],[97.080414,1.429145],[97.106944,1.436021],[97.139496,1.432196],[97.164806,1.410712],[97.169688,1.415961],[97.205821,1.413804],[97.257823,1.423651],[97.33074,1.486558],[97.331798,1.527818],[97.33546,1.537665],[97.349783,1.545396],[97.391612,1.508938],[97.416759,1.519232],[97.424327,1.514879],[97.441661,1.479682],[97.486339,1.476549],[97.493175,1.456041],[97.528087,1.422919],[97.539887,1.39057],[97.604747,1.322333],[97.616547,1.280911],[97.693614,1.186021],[97.712657,1.172675],[97.757335,1.163886],[97.792247,1.143988],[97.819021,1.109931],[97.836274,1.069973],[97.890391,1.058173],[97.93922,0.98607],[97.917735,0.927883],[97.917735,0.934638],[97.901378,0.905951],[97.904063,0.814887],[97.884532,0.718207]]],[[[99.813813,-0.29461],[99.805919,-0.227797],[99.775401,-0.195571],[99.756033,-0.154718],[99.766775,-0.075372],[99.761729,-0.052179],[99.747244,-0.02984],[99.61085,0.098578],[99.534028,0.140326],[99.490489,0.155422],[99.408214,0.163886],[99.392589,0.171698],[99.356619,0.225653],[99.341075,0.238756],[99.316173,0.242621],[99.26059,0.219875],[99.233409,0.217027],[99.211274,0.225653],[99.188813,0.245592],[99.168712,0.242621],[99.13795,0.263088],[99.139334,0.273749],[99.158458,0.297838],[99.158458,0.320014],[99.148448,0.333157],[99.110606,0.345649],[99.132335,0.412055],[99.122569,0.509019],[99.110606,0.52383],[99.098399,0.514228],[99.103852,0.578437],[99.100271,0.601752],[99.089854,0.622016],[99.072765,0.630805],[99.048595,0.61994],[99.04005,0.650458],[99.047374,0.739732],[99.041759,0.777045],[99.006114,0.818752],[98.981212,0.831732],[98.975841,0.920844],[98.917328,1.117174],[98.839041,1.301256],[98.844574,1.345893],[98.788585,1.413804],[98.768077,1.493598],[98.730235,1.51439],[98.709646,1.564114],[98.711274,1.569566],[98.733653,1.569892],[98.753429,1.535631],[98.822602,1.630439],[98.819102,1.682318],[98.788097,1.691352],[98.78297,1.729722],[98.773936,1.748603],[98.727061,1.791897],[98.711111,1.77912],[98.712738,1.763902],[98.727061,1.756496],[98.720225,1.733466],[98.711111,1.725775],[98.690684,1.736274],[98.658214,1.763902],[98.576182,1.888088],[98.535167,1.936469],[98.444021,1.991156],[98.406993,2.001939],[98.354503,2.003811],[98.347179,2.028998],[98.329845,2.038275],[98.269216,2.038072],[98.260916,2.048529],[98.256114,2.07331],[98.243663,2.087551],[98.152599,2.156928],[98.08961,2.195868],[97.983572,2.244371],[97.955903,2.271715],[97.93336,2.269761],[97.866873,2.247463],[97.829438,2.264228],[97.817719,2.258938],[97.79477,2.277818],[97.757335,2.271674],[97.744395,2.281073],[97.706065,2.346137],[97.663585,2.392076],[97.658214,2.411566],[97.661143,2.52733],[97.644054,2.668891],[97.602712,2.866197],[97.592784,2.873684],[97.53533,2.888251],[97.48463,2.913031],[97.42213,2.928371],[97.40504,2.943345],[97.313487,3.061672],[97.300792,3.093411],[97.285167,3.178453],[97.270763,3.214423],[97.240489,3.238023],[97.182628,3.245998],[97.171641,3.254828],[97.018565,3.522691],[96.999766,3.545885],[96.921723,3.605699],[96.883556,3.68244],[96.838145,3.712633],[96.760509,3.748684],[96.559825,3.746568],[96.519867,3.754828],[96.479503,3.778713],[96.430349,3.825263],[96.279307,4.025784],[96.211436,4.09394],[96.197765,4.121283],[96.159679,4.141303],[96.125173,4.13642],[96.065196,4.205024],[96.01002,4.225653],[95.80714,4.446112],[95.758962,4.484442],[95.725841,4.531684],[95.656505,4.579983],[95.616547,4.628404],[95.56544,4.637519],[95.560883,4.645738],[95.572927,4.660712],[95.57252,4.673814],[95.554047,4.676215],[95.526866,4.697252],[95.468435,4.789496],[95.42628,4.827338],[95.418468,4.862494],[95.348888,5.037502],[95.296886,5.1164],[95.279796,5.122504],[95.299164,5.150336],[95.301606,5.172431],[95.29127,5.191636],[95.248709,5.231024],[95.231944,5.282294],[95.198985,5.292873],[95.231944,5.344631],[95.253591,5.411566],[95.231944,5.450751],[95.245453,5.460517],[95.223888,5.489569],[95.225108,5.505439],[95.197276,5.546373],[95.212738,5.573147],[95.223888,5.580268],[95.23878,5.574368],[95.250499,5.579047],[95.279796,5.574368],[95.335297,5.612128],[95.369151,5.621283],[95.412852,5.649563],[95.431895,5.65469],[95.449718,5.649563],[95.477061,5.623603],[95.511241,5.603013],[95.533702,5.622138],[95.576182,5.631252],[95.611583,5.626654],[95.762218,5.57685],[95.83961,5.528551],[95.887543,5.512152],[95.903575,5.450751],[95.930431,5.414496],[96.054942,5.313625],[96.088064,5.295478],[96.126231,5.281806],[96.290538,5.258979],[96.362153,5.225491],[96.406586,5.217231],[96.429454,5.218329],[96.466319,5.235541],[96.527354,5.211168],[96.567638,5.208441],[96.650564,5.216254],[96.785132,5.259857],[96.82838,5.280178],[96.894379,5.262112],[96.973399,5.273424],[97.074339,5.238155],[97.109641,5.214092],[97.149345,5.198772],[97.175955,5.161282],[97.226553,5.146221],[97.268368,5.155068],[97.496837,5.251899],[97.526215,5.242255],[97.664399,5.073432],[97.830089,4.938788],[97.873871,4.91885],[97.90919,4.889594],[97.963227,4.789496],[97.975352,4.706244],[98.007009,4.633857],[98.007091,4.597724],[97.992524,4.553778],[97.996837,4.546454],[98.038829,4.551947],[98.048025,4.539008],[98.053966,4.553168],[98.06129,4.554836],[98.08961,4.532782],[98.113536,4.539008],[98.138194,4.53441],[98.159679,4.522284],[98.185802,4.484442],[98.20574,4.498033],[98.275564,4.42536],[98.282481,4.364936],[98.267751,4.292629],[98.266368,4.211575],[98.263438,4.202867],[98.240489,4.190172],[98.185802,4.169745],[98.178071,4.141832],[98.178966,4.108222],[98.217052,4.14411],[98.237071,4.149237],[98.263031,4.177314],[98.305675,4.080308],[98.384451,4.086493],[98.477224,4.04621],[98.507986,4.004584],[98.557791,4.0008],[98.567882,3.966457],[98.5796,3.953843],[98.610362,3.936347],[98.67662,3.914547],[98.700269,3.875304],[98.699718,3.83393],[98.710623,3.803778],[98.796582,3.725443],[98.896583,3.681402],[98.95753,3.671332],[99.009252,3.635417],[99.07391,3.608994],[99.10134,3.582579],[99.179761,3.546338],[99.368175,3.407945],[99.433279,3.38288],[99.489757,3.336249],[99.506033,3.295966],[99.558116,3.244574],[99.589366,3.227973],[99.685313,3.204739],[99.750743,3.180487],[99.781586,3.120754],[99.852875,3.047268],[99.857921,3.011461],[99.889985,3.018256],[99.930512,2.975409],[99.979503,2.948472],[99.990245,2.914496],[99.997895,2.79914],[99.953461,2.696234],[99.992686,2.668769],[99.987641,2.654608],[100.0,2.63464400070891],[100.0,-0.4554446995146889],[99.930431,-0.409438],[99.91033,-0.375177],[99.823985,-0.313409],[99.813813,-0.29461]]],[[[98.362315,7.832424],[98.343923,7.832913],[98.33253,7.785956],[98.32309,7.770941],[98.309093,7.767727],[98.29184,7.777493],[98.281423,7.855943],[98.267751,7.890082],[98.28533,7.903754],[98.281423,7.917426],[98.254161,7.92829],[98.274099,7.953681],[98.265961,7.973782],[98.281423,8.003079],[98.274425,8.069322],[98.290212,8.130113],[98.281423,8.191799],[98.311534,8.185533],[98.330089,8.170478],[98.343516,8.109198],[98.360118,8.118842],[98.405528,8.082506],[98.422618,8.099311],[98.43214,8.095933],[98.439138,8.082506],[98.438487,8.065741],[98.41863,8.027289],[98.41863,7.99315],[98.402192,7.981024],[98.397472,7.955024],[98.408946,7.917711],[98.41863,7.903754],[98.431651,7.917426],[98.439789,7.886623],[98.431814,7.874945],[98.399669,7.864569],[98.398123,7.815009],[98.362315,7.832424]]],[[[97.647716,8.614814],[97.628754,8.654202],[97.6421,8.662462],[97.647716,8.614814]]],[[[98.253103,8.897854],[98.252208,8.997016],[98.260916,9.012926],[98.299083,8.997382],[98.310883,8.978176],[98.270518,8.877183],[98.261567,8.878567],[98.253103,8.897854]]],[[[98.240489,9.048977],[98.24822,9.150092],[98.273285,9.15998],[98.295665,9.145168],[98.317393,9.117133],[98.323009,9.076239],[98.302013,9.055162],[98.309337,9.048977],[98.294444,9.041571],[98.254242,9.036811],[98.240489,9.048977]]],[[[98.293793,9.207953],[98.294607,9.191962],[98.269786,9.16828],[98.265961,9.196601],[98.306163,9.257514],[98.314464,9.257595],[98.318451,9.24905],[98.293793,9.207953]]],[[[97.871837,9.379584],[97.840017,9.404283],[97.835297,9.412055],[97.843598,9.424954],[97.85727,9.428697],[97.868419,9.420396],[97.87615,9.390204],[97.871837,9.379584]]],[[[97.894786,9.438707],[97.869884,9.440741],[97.869965,9.425238],[97.84962,9.442125],[97.853282,9.461371],[97.871837,9.473049],[97.895274,9.467353],[97.899425,9.461127],[97.894786,9.438707]]],[[[97.975271,9.633938],[97.978363,9.613634],[97.968435,9.597805],[97.962576,9.624579],[97.95574,9.629136],[97.96046,9.638414],[97.975271,9.633938]]],[[[98.018321,9.794908],[98.008067,9.80744],[98.015391,9.826402],[98.030284,9.833401],[98.046072,9.827948],[98.056895,9.814358],[98.057465,9.796861],[98.037608,9.790717],[98.018321,9.794908]]],[[[98.269216,10.00259],[98.243907,9.96011],[98.193533,9.931464],[98.178966,9.932807],[98.168468,9.904608],[98.17156,9.898098],[98.133474,9.845608],[98.131196,9.864488],[98.120616,9.861314],[98.117198,9.882025],[98.127452,9.96011],[98.148204,9.970364],[98.178966,10.014106],[98.254405,10.06269],[98.295665,10.05565],[98.295665,10.048896],[98.273936,10.048041],[98.275157,10.035834],[98.294119,10.01911],[98.288259,10.007961],[98.269216,10.00259]]],[[[98.196056,10.193183],[98.240896,10.167792],[98.227794,10.15526],[98.233653,10.144477],[98.207774,10.128648],[98.201427,10.118069],[98.185802,10.04206],[98.185802,10.121161],[98.17156,10.148139],[98.185232,10.176825],[98.178966,10.192857],[98.196056,10.193183]]],[[[97.961599,10.148179],[97.974539,10.161078],[97.977061,10.175198],[97.985362,10.171454],[97.986095,10.144965],[97.980805,10.136013],[97.972504,10.144436],[97.960378,10.126003],[97.961599,10.148179]]],[[[97.926768,10.432034],[97.917735,10.433051],[97.931895,10.412014],[97.910167,10.401923],[97.893809,10.405992],[97.889415,10.419989],[97.904063,10.439276],[97.893403,10.470771],[97.896251,10.487535],[97.911469,10.494534],[97.902599,10.479315],[97.908702,10.473456],[97.925059,10.474066],[97.943533,10.443793],[97.926768,10.432034]]],[[[98.233653,10.529364],[98.221853,10.498114],[98.207367,10.483466],[98.192719,10.482408],[98.185313,10.501166],[98.189708,10.51557],[98.217947,10.528551],[98.233653,10.529364]]],[[[97.999604,10.537665],[97.941417,10.560289],[97.95753,10.56094],[97.975271,10.57449],[98.001882,10.565009],[98.009858,10.570095],[98.00644,10.578233],[98.015147,10.590115],[98.026541,10.590888],[98.025076,10.570705],[98.031342,10.563992],[98.003347,10.552069],[97.999604,10.537665]]],[[[98.289236,10.733588],[98.267833,10.696519],[98.236827,10.697333],[98.233653,10.740953],[98.240489,10.734687],[98.255544,10.746405],[98.251638,10.756008],[98.233653,10.768256],[98.240489,10.830959],[98.219981,10.840888],[98.216319,10.859849],[98.178966,10.898586],[98.17156,10.884955],[98.165294,10.919094],[98.146739,10.924506],[98.131033,10.902899],[98.08961,10.878119],[98.077403,10.888088],[98.112966,10.934027],[98.131196,10.946357],[98.14088,10.977444],[98.153494,10.981147],[98.191173,10.971177],[98.215587,10.944525],[98.231781,10.870266],[98.267751,10.837144],[98.276378,10.784491],[98.295665,10.781928],[98.28297,10.756537],[98.295665,10.734687],[98.289236,10.733588]]],[[[97.890636,10.854722],[97.896332,10.913275],[97.911957,10.924262],[97.951834,10.919094],[97.927745,10.871975],[97.883556,10.84455],[97.890636,10.854722]]],[[[98.318533,11.03856],[98.325369,11.017361],[98.318858,11.007392],[98.309255,11.006171],[98.296886,11.021064],[98.308686,11.03856],[98.318533,11.03856]]],[[[98.243175,11.242987],[98.219981,11.26911],[98.281423,11.275946],[98.275157,11.248033],[98.29835,11.248603],[98.302013,11.241197],[98.279552,11.223212],[98.247325,11.214504],[98.243175,11.242987]]],[[[98.12086,11.401068],[98.100841,11.41177],[98.110118,11.419704],[98.125092,11.413113],[98.138438,11.4147],[98.136241,11.423245],[98.148448,11.422187],[98.148448,11.374294],[98.134125,11.379869],[98.130382,11.376166],[98.12086,11.401068]]],[[[98.302013,11.673245],[98.29005,11.631659],[98.287852,11.610907],[98.295665,11.591254],[98.282563,11.566352],[98.283539,11.509426],[98.275157,11.48078],[98.267751,11.488227],[98.260916,11.46776],[98.233653,11.501899],[98.223481,11.488837],[98.226817,11.473944],[98.201996,11.466254],[98.2046,11.458482],[98.219981,11.453518],[98.187022,11.446438],[98.165294,11.453518],[98.165294,11.473944],[98.184093,11.472642],[98.199474,11.488227],[98.187511,11.53498],[98.213145,11.553412],[98.201671,11.569078],[98.202647,11.589179],[98.216807,11.598944],[98.222911,11.61758],[98.240489,11.624823],[98.233653,11.666409],[98.238455,11.687079],[98.267751,11.741441],[98.278331,11.799791],[98.29184,11.798896],[98.306651,11.777411],[98.323009,11.731269],[98.320079,11.72191],[98.302013,11.714179],[98.302013,11.673245]]],[[[98.065115,11.646389],[98.011729,11.704739],[98.024425,11.707953],[98.028331,11.71719],[98.022472,11.755805],[98.007091,11.761949],[98.011892,11.787258],[97.999766,11.841783],[98.013927,11.864976],[98.013927,11.816596],[98.052257,11.776028],[98.057953,11.729071],[98.082286,11.734687],[98.074718,11.713365],[98.055431,11.701117],[98.067719,11.691067],[98.061697,11.673245],[98.08961,11.63227],[98.065115,11.646389]]],[[[97.476899,11.788235],[97.479666,11.777981],[97.464529,11.782457],[97.444347,11.800238],[97.462901,11.799791],[97.476899,11.788235]]],[[[97.487234,11.815009],[97.496918,11.808987],[97.52475,11.809719],[97.531016,11.802476],[97.526866,11.78266],[97.494477,11.785386],[97.479503,11.808621],[97.487234,11.815009]]],[[[97.643565,11.880357],[97.664399,11.905951],[97.67449,11.897447],[97.67628,11.877834],[97.666677,11.86343],[97.671886,11.837714],[97.65089,11.84455],[97.643565,11.880357]]],[[[98.254161,11.85814],[98.256521,11.902533],[98.265391,11.908515],[98.284841,11.896064],[98.289073,11.882392],[98.273692,11.853339],[98.254161,11.85814]]],[[[98.260916,11.971137],[98.267751,11.933905],[98.253754,11.923082],[98.246104,11.925442],[98.227061,11.953925],[98.23585,11.968329],[98.252208,11.974758],[98.260916,11.971137]]],[[[97.729991,12.103664],[97.714285,12.138292],[97.72755,12.146348],[97.743826,12.146796],[97.744884,12.130194],[97.731293,12.114447],[97.729991,12.103664]]],[[[98.100352,12.169013],[98.082286,12.159166],[98.074718,12.163398],[98.034353,12.221259],[98.046153,12.26203],[98.059093,12.281399],[98.07252,12.289537],[98.108246,12.284654],[98.119477,12.27558],[98.12379,12.259467],[98.119884,12.230129],[98.098155,12.199286],[98.096446,12.187161],[98.131847,12.198554],[98.137462,12.190579],[98.137462,12.138739],[98.11671,12.165473],[98.100352,12.169013]]],[[[98.000255,12.269029],[97.982432,12.306383],[97.945567,12.310045],[97.948416,12.323798],[97.971039,12.344875],[97.966075,12.358466],[97.945567,12.337958],[97.938162,12.337958],[97.939952,12.366278],[97.9546,12.377753],[98.017833,12.402655],[98.023448,12.398749],[98.003591,12.373725],[98.005382,12.367336],[98.013927,12.358466],[98.041759,12.358466],[98.045584,12.389065],[98.06365,12.397773],[98.075938,12.427395],[98.090587,12.422309],[98.101248,12.404771],[98.104503,12.383043],[98.096446,12.365302],[98.087738,12.360053],[98.065278,12.365302],[98.048025,12.330512],[98.010509,12.310045],[98.000255,12.269029]]],[[[98.229747,12.527411],[98.233653,12.553656],[98.250824,12.560207],[98.256847,12.574205],[98.289887,12.526313],[98.282888,12.503852],[98.260509,12.495266],[98.236827,12.50609],[98.229747,12.527411]]],[[[97.849946,12.537258],[97.840831,12.556871],[97.829438,12.557074],[97.833995,12.570746],[97.822765,12.58747],[97.845714,12.597968],[97.861827,12.559801],[97.849946,12.537258]]],[[[98.339203,12.768581],[98.362153,12.704698],[98.346365,12.713162],[98.331879,12.768175],[98.339203,12.768581]]],[[[97.841807,12.805813],[97.852794,12.806545],[97.864594,12.790229],[97.868012,12.774807],[97.863536,12.766832],[97.836925,12.772447],[97.835297,12.792792],[97.841807,12.805813]]],[[[98.311046,13.044827],[98.300548,13.019965],[98.314301,12.925523],[98.302013,12.913316],[98.267751,13.057318],[98.240489,13.139309],[98.242035,13.203925],[98.247325,13.215033],[98.261485,13.214342],[98.268809,13.19892],[98.295665,13.084662],[98.318533,13.091376],[98.336436,13.073879],[98.311046,13.044827]]],[[[97.938162,13.851793],[97.925059,13.783596],[97.917735,13.783596],[97.914317,13.828437],[97.918712,13.853258],[97.931895,13.85928],[97.938162,13.851793]]],[[[97.779633,14.147406],[97.792491,14.181993],[97.821788,14.189765],[97.811127,14.154893],[97.789073,14.134955],[97.779633,14.147406]]],[[[97.785981,14.414578],[97.778575,14.390286],[97.767263,14.401353],[97.773692,14.415513],[97.785981,14.414578]]],[[[97.662852,15.573676],[97.672374,15.533352],[97.664399,15.504096],[97.65089,15.592231],[97.662852,15.573676]]],[[[97.571364,16.222693],[97.547461,16.199928],[97.516857,16.209823],[97.510509,16.254218],[97.459269,16.301362],[97.469249,16.332709],[97.482758,16.342027],[97.484874,16.363918],[97.480154,16.389106],[97.452159,16.449408],[97.466156,16.467027],[97.459646,16.477362],[97.469981,16.490465],[97.50408,16.508002],[97.520518,16.510891],[97.56186,16.492377],[97.606293,16.483547],[97.610606,16.446234],[97.589366,16.415269],[97.589366,16.340155],[97.568858,16.29857],[97.571364,16.222693]]],[[[99.986827,-2.767185],[100.0,-2.6926417896251214],[100.0,-2.76548267665332],[99.986827,-2.767185]]],[[[99.97462,-2.49391],[99.984141,-2.484633],[100.0,-2.489919052130434],[100.0,-2.656497867911131],[99.986013,-2.624688],[99.967133,-2.615004],[99.975597,-2.594903],[99.960948,-2.552911],[99.97462,-2.49391]]],[[[99.824555,-2.347589],[99.788097,-2.344415],[99.761729,-2.320896],[99.71339,-2.313409],[99.671723,-2.271254],[99.603526,-2.265558],[99.60255,-2.253025],[99.616466,-2.233575],[99.603526,-2.224054],[99.593923,-2.227797],[99.589854,-2.211033],[99.583018,-2.211033],[99.576182,-2.224054],[99.555675,-2.183038],[99.52768,-2.14544],[99.531016,-2.13421],[99.564464,-2.131117],[99.548839,-2.10117],[99.54835,-2.061456],[99.564952,-2.030857],[99.594005,-2.014825],[99.631358,-2.018487],[99.662852,-2.054295],[99.694347,-2.067804],[99.707205,-2.127699],[99.721365,-2.159112],[99.775401,-2.237563],[99.775401,-2.258722],[99.823253,-2.292901],[99.84962,-2.333917],[99.858735,-2.356866],[99.857921,-2.37477],[99.857921,-2.367364],[99.853363,-2.377618],[99.839692,-2.375258],[99.833344,-2.352309],[99.824555,-2.347589]]],[[[99.260346,-1.813246],[99.256684,-1.786391],[99.286876,-1.801609],[99.290863,-1.828953],[99.239838,-1.844252],[99.260346,-1.813246]]],[[[99.226736,-1.614435],[99.200043,-1.628106],[99.210785,-1.63893],[99.245372,-1.715509],[99.254893,-1.772068],[99.244151,-1.778985],[99.208181,-1.770603],[99.18214,-1.773696],[99.1185,-1.802341],[99.100597,-1.799412],[98.985688,-1.740004],[98.960134,-1.713067],[98.884776,-1.679376],[98.843028,-1.62127],[98.826427,-1.612481],[98.822602,-1.607599],[98.830333,-1.570245],[98.811697,-1.528985],[98.651378,-1.298517],[98.63087,-1.284845],[98.63087,-1.264418],[98.593761,-1.198419],[98.597911,-1.176935],[98.642833,-1.093927],[98.651378,-1.049005],[98.651622,-0.982029],[98.658214,-0.963474],[98.668468,-0.95436],[98.723643,-0.942966],[98.788585,-0.956638],[98.827485,-0.927179],[98.882823,-0.913181],[98.898204,-0.915704],[98.891612,-0.935479],[98.917979,-0.940118],[98.937511,-0.960056],[98.945811,-0.984633],[98.939301,-1.003676],[98.924815,-0.992446],[98.905284,-0.990655],[98.929454,-1.029962],[98.938324,-1.065118],[98.980317,-1.093683],[99.00172,-1.144708],[99.032563,-1.18255],[99.036388,-1.205499],[99.067638,-1.241388],[99.069591,-1.251397],[99.053071,-1.272638],[99.077647,-1.28338],[99.11671,-1.366632],[99.164724,-1.414239],[99.165294,-1.456231],[99.124278,-1.428888],[99.130626,-1.448175],[99.178884,-1.504571],[99.203624,-1.517267],[99.209727,-1.572931],[99.219412,-1.579767],[99.251231,-1.580336],[99.272472,-1.601821],[99.278087,-1.62005],[99.274425,-1.634942],[99.286876,-1.653741],[99.294281,-1.686212],[99.292003,-1.718927],[99.274425,-1.73797],[99.254161,-1.654474],[99.226736,-1.614435]]],[[[98.493663,-0.565606],[98.486827,-0.545587],[98.473481,-0.556736],[98.458995,-0.551853],[98.467784,-0.538832],[98.462087,-0.529474],[98.447927,-0.5263],[98.431651,-0.531996],[98.421886,-0.561782],[98.422048,-0.586602],[98.39031,-0.577081],[98.316742,-0.535089],[98.275157,-0.52516],[98.302013,-0.510919],[98.336111,-0.517755],[98.364024,-0.44199],[98.364024,-0.36004],[98.389415,-0.320896],[98.425466,-0.298598],[98.41863,-0.257582],[98.42921,-0.243829],[98.440684,-0.246515],[98.451182,-0.258396],[98.493419,-0.329197],[98.507335,-0.364923],[98.500499,-0.387384],[98.510265,-0.403741],[98.51238,-0.422947],[98.501638,-0.486098],[98.486827,-0.510919],[98.49643,-0.520929],[98.504405,-0.551202],[98.500499,-0.565606],[98.493663,-0.565606]]],[[[98.541515,-0.343032],[98.549001,-0.381117],[98.541515,-0.381117],[98.512462,-0.319024],[98.405528,-0.168227],[98.363292,-0.074395],[98.343516,-0.044732],[98.301768,-0.018731],[98.295665,-0.007257],[98.364024,0.010484],[98.406098,-0.007379],[98.44337,-0.052016],[98.469981,-0.107517],[98.479991,-0.15838],[98.497325,-0.199802],[98.559825,-0.278253],[98.555186,-0.318536],[98.555186,-0.31227],[98.541515,-0.343032]]],[[[98.851685,0.109621],[98.844589,0.084859],[98.763256,0.086648],[98.726125,0.074285],[98.689004,0.070775],[98.620081,0.086703],[98.53874,0.090335],[98.528133,0.111576],[98.524601,0.145197],[98.547597,0.159327],[98.590049,0.171656],[98.625416,0.175154],[98.673149,0.169812],[98.717352,0.17512],[98.743868,0.166266],[98.805744,0.160916],[98.835799,0.141469],[98.851685,0.109621]]],[[[98.439952,1.649848],[98.431651,1.661526],[98.434825,1.691962],[98.445649,1.704332],[98.462657,1.709296],[98.477061,1.703599],[98.504161,1.664944],[98.521007,1.655585],[98.555186,1.682034],[98.590668,1.651923],[98.599132,1.631985],[98.528819,1.623236],[98.497569,1.627265],[98.439952,1.649848]]],[[[100.0,2.685866296595066],[99.973969,2.70307],[99.985688,2.718451],[100.0,2.724208100708704],[100.0,2.685866296595066]]],[[[99.823812,6.222867],[99.830233,6.205753],[99.826428,6.190675],[99.816953,6.176528],[99.805596,6.171793],[99.789523,6.185876],[99.784059,6.201119],[99.77471,6.204017],[99.767234,6.223804],[99.786292,6.241822],[99.800442,6.272811],[99.836978,6.294227],[99.839782,6.277297],[99.824859,6.25772],[99.823812,6.222867]]],[[[99.844586,6.324686],[99.807307,6.317532],[99.778032,6.282973],[99.761664,6.282843],[99.728735,6.261476],[99.715458,6.310058],[99.722132,6.327483],[99.719044,6.353231],[99.676838,6.363974],[99.658702,6.362616],[99.646007,6.394192],[99.645228,6.435841],[99.669444,6.426886],[99.688751,6.435305],[99.721371,6.434152],[99.736478,6.423984],[99.770927,6.419842],[99.785996,6.422854],[99.814292,6.454037],[99.839203,6.45482],[99.832774,6.470852],[99.851085,6.465644],[99.866466,6.429674],[99.898936,6.410346],[99.897594,6.402047],[99.913341,6.390204],[99.900617,6.364304],[99.91627,6.331529],[99.891694,6.321945],[99.870508,6.304924],[99.865692,6.290527],[99.849418,6.300712],[99.844586,6.324686]]],[[[99.279877,6.573188],[99.314301,6.566474],[99.325125,6.551418],[99.322927,6.524848],[99.315929,6.513821],[99.296886,6.508368],[99.286794,6.515448],[99.274181,6.565579],[99.279877,6.573188]]],[[[99.195567,6.571234],[99.239268,6.576809],[99.260265,6.565823],[99.217296,6.536933],[99.194835,6.533108],[99.174001,6.539008],[99.158458,6.554389],[99.176443,6.550198],[99.195567,6.571234]]],[[[99.623871,6.622707],[99.623871,6.657416],[99.642426,6.671332],[99.650645,6.71776],[99.656993,6.723822],[99.680512,6.672919],[99.68029,6.624039],[99.704438,6.558295],[99.699718,6.533271],[99.675792,6.524563],[99.670421,6.501451],[99.658702,6.492336],[99.646821,6.50967],[99.634148,6.552055],[99.600271,6.583441],[99.603038,6.596991],[99.623871,6.622707]]],[[[99.852061,6.706936],[99.842133,6.711778],[99.845225,6.72842],[99.857188,6.736274],[99.867524,6.710028],[99.852061,6.706936]]],[[[99.566417,7.120673],[99.599783,7.103705],[99.61671,7.084174],[99.611095,7.079495],[99.574311,7.090684],[99.557791,7.118883],[99.566417,7.120673]]],[[[99.378184,7.201809],[99.377778,7.252346],[99.385509,7.27558],[99.419119,7.256578],[99.445811,7.250922],[99.453868,7.239],[99.417247,7.235338],[99.383311,7.194078],[99.378184,7.201809]]],[[[99.031261,7.561916],[99.02711,7.62287],[99.020681,7.636868],[99.034923,7.644273],[99.075857,7.608954],[99.075938,7.573228],[99.086111,7.536526],[99.117442,7.479193],[99.099946,7.467231],[99.077159,7.480292],[99.05714,7.504055],[99.031261,7.561916]]],[[[98.360932,7.605496],[98.37908,7.615139],[98.380544,7.606106],[98.35906,7.585842],[98.360932,7.605496]]],[[[99.099864,7.596625],[99.069591,7.622545],[99.044607,7.663398],[99.067068,7.675198],[99.104503,7.669379],[99.124278,7.657375],[99.127452,7.62519],[99.117442,7.595893],[99.099864,7.596625]]],[[[98.986339,7.784084],[98.937836,7.838039],[98.944835,7.852688],[98.96575,7.852118],[98.979666,7.836127],[98.996104,7.835069],[98.99643,7.820746],[98.986176,7.811306],[98.99171,7.787828],[98.986339,7.784084]]],[[[98.577322,7.919623],[98.563243,7.986314],[98.580414,7.996161],[98.582286,8.015367],[98.574392,8.031806],[98.551117,8.042548],[98.531016,8.088568],[98.528494,8.123481],[98.540538,8.104926],[98.586925,8.079291],[98.602387,8.063463],[98.610362,8.034735],[98.611827,7.926093],[98.603526,7.903754],[98.588227,7.904934],[98.577322,7.919623]]],[[[98.592296,8.146796],[98.624034,8.191799],[98.635753,8.185533],[98.62086,8.089993],[98.5796,8.106147],[98.570079,8.118883],[98.59669,8.130316],[98.592296,8.146796]]],[[[99.92628,9.565985],[99.93629,9.577704],[99.959483,9.580756],[100.0,9.575157383400281],[100.0,9.425865788503023],[99.946625,9.418199],[99.936697,9.474555],[99.92628,9.493964],[99.941173,9.511868],[99.92628,9.565985]]],[[[99.681488,9.512885],[99.668142,9.519192],[99.698741,9.542222],[99.703461,9.521308],[99.681488,9.512885]]],[[[99.678071,9.610419],[99.676768,9.614569],[99.675304,9.624457],[99.684255,9.620022],[99.678071,9.610419]]],[[[98.411632,9.774563],[98.416677,9.733466],[98.398123,9.706244],[98.384939,9.727932],[98.411632,9.774563]]],[[[100.0,9.797078236200646],[100.0,9.71002278628988],[99.987641,9.719916],[99.993337,9.731676],[99.989919,9.742906],[99.970551,9.764594],[99.987641,9.801825],[100.0,9.797078236200646]]],[[[98.436941,9.802191],[98.435069,9.823432],[98.44394,9.830471],[98.445486,9.843288],[98.440115,9.854641],[98.451996,9.870103],[98.46225,9.859402],[98.474457,9.858303],[98.466075,9.838935],[98.469412,9.8192],[98.465831,9.81269],[98.461192,9.815172],[98.456879,9.787095],[98.436941,9.802191]]],[[[99.830333,10.096747],[99.823822,10.110826],[99.82602,10.124132],[99.839041,10.120429],[99.842947,10.124905],[99.857921,10.086453],[99.832774,10.056179],[99.819347,10.074693],[99.830333,10.096747]]],[[[98.504161,10.806098],[98.526378,10.810858],[98.528494,10.820054],[98.518321,10.829495],[98.500499,10.823472],[98.491466,10.866685],[98.493663,10.891099],[98.542247,10.860053],[98.553233,10.832831],[98.541515,10.79621],[98.52711,10.786933],[98.509532,10.786607],[98.498383,10.793606],[98.504161,10.806098]]],[[[98.442556,11.002997],[98.451427,11.001939],[98.452891,10.986274],[98.440278,10.965562],[98.432953,10.965033],[98.432872,10.993598],[98.442556,11.002997]]],[[[98.509532,11.027737],[98.51588,11.045356],[98.514171,11.069892],[98.524669,11.086656],[98.531912,11.083808],[98.544607,11.031195],[98.543142,10.96011],[98.533946,10.950832],[98.528494,10.974311],[98.518809,10.971096],[98.507986,10.946357],[98.48585,10.955878],[98.477061,10.9737],[98.478363,10.993354],[98.486827,11.00845],[98.509532,11.027737]]],[[[98.528819,11.324978],[98.550385,11.30329],[98.555349,11.283922],[98.549001,11.262152],[98.526622,11.314439],[98.528819,11.324978]]],[[[98.531586,11.593329],[98.53533,11.529242],[98.500499,11.563381],[98.46518,11.574897],[98.458995,11.583808],[98.441905,11.564114],[98.432384,11.566718],[98.431651,11.604926],[98.423839,11.599066],[98.415701,11.604438],[98.411632,11.611762],[98.41863,11.63227],[98.391287,11.662991],[98.379405,11.691107],[98.382091,11.704169],[98.405528,11.707953],[98.381358,11.73135],[98.379893,11.750922],[98.413097,11.773383],[98.382091,11.77619],[98.370779,11.789252],[98.393728,11.794013],[98.45281,11.789252],[98.445323,11.803616],[98.486827,11.796088],[98.522146,11.804755],[98.543712,11.798977],[98.555186,11.769436],[98.555512,11.728095],[98.546072,11.699205],[98.549001,11.621731],[98.531586,11.593329]]],[[[98.572602,11.931627],[98.495779,11.888495],[98.478038,11.890937],[98.46339,11.920803],[98.458995,11.947577],[98.473155,11.977973],[98.470958,11.988105],[98.440278,12.015367],[98.430919,12.100653],[98.439138,12.112006],[98.473155,12.077297],[98.519867,12.007025],[98.541515,11.995307],[98.559581,12.0008],[98.603526,11.967434],[98.65919,11.948676],[98.658214,11.933905],[98.658214,11.940131],[98.631358,11.932115],[98.572602,11.931627]]],[[[98.395518,12.178209],[98.405365,12.170071],[98.398367,12.137356],[98.38087,12.144273],[98.38087,12.160468],[98.395518,12.178209]]],[[[98.438324,12.35106],[98.463064,12.388821],[98.479015,12.390204],[98.492361,12.372382],[98.490245,12.354153],[98.465831,12.335354],[98.443044,12.334662],[98.438324,12.35106]]],[[[98.514171,12.495592],[98.508556,12.410305],[98.495616,12.405829],[98.482107,12.41059],[98.474294,12.424994],[98.488536,12.493313],[98.499848,12.513088],[98.514171,12.495592]]],[[[98.302013,12.337958],[98.336111,12.450914],[98.315603,12.495592],[98.333832,12.512356],[98.333018,12.519232],[98.314138,12.55329],[98.302745,12.598578],[98.302013,12.646308],[98.315603,12.687445],[98.333018,12.67121],[98.387462,12.65766],[98.405528,12.638983],[98.398123,12.58747],[98.425466,12.529731],[98.438162,12.587388],[98.450938,12.60399],[98.466319,12.583726],[98.470714,12.555976],[98.465343,12.480658],[98.455821,12.45775],[98.391287,12.361518],[98.349946,12.325914],[98.302013,12.337958]]],[[[98.503429,13.233669],[98.524587,13.221951],[98.526541,13.191636],[98.517589,13.173733],[98.49936,13.167873],[98.484467,13.215115],[98.503429,13.233669]]]]}}]}